t,a_sym,b_sym,a_asym,b_asym,p_sym,p_asym
0.000,0.210391,0.210391,0.420782,0.000000,0.076916,0.000000
0.050,0.212144,0.212144,0.416595,0.000000,0.077730,0.000000
0.100,0.213921,0.213921,0.412450,0.000000,0.078550,0.000000
0.150,0.215721,0.215721,0.408346,0.000000,0.079374,0.000000
0.200,0.217544,0.217544,0.404283,0.000000,0.080204,0.000000
0.250,0.219391,0.219391,0.400260,0.000000,0.081038,0.000000
0.300,0.221260,0.221260,0.396278,0.000000,0.081876,0.000000
0.350,0.223153,0.223153,0.392335,0.000000,0.082717,0.000000
0.400,0.225069,0.225069,0.388431,0.000000,0.083561,0.000000
0.450,0.227008,0.227008,0.384566,0.000000,0.084408,0.000000
0.500,0.228969,0.228969,0.380739,0.000000,0.085256,0.000000
0.550,0.230954,0.230954,0.376951,0.000000,0.086105,0.000000
0.600,0.232961,0.232961,0.373200,0.000000,0.086954,0.000000
0.650,0.234990,0.234990,0.369487,0.000000,0.087804,0.000000
0.700,0.237041,0.237041,0.365810,0.000000,0.088652,0.000000
0.750,0.239114,0.239114,0.362170,0.000000,0.089498,0.000000
0.800,0.241209,0.241209,0.358567,0.000000,0.090341,0.000000
0.850,0.243324,0.243324,0.354999,0.000000,0.091181,0.000000
0.900,0.245460,0.245460,0.351467,0.000000,0.092017,0.000000
0.950,0.247616,0.247616,0.347970,0.000000,0.092848,0.000000
1.000,0.249792,0.249792,0.344507,0.000000,0.093672,0.000000
1.050,0.251988,0.251988,0.341079,0.000000,0.094489,0.000000
1.100,0.254201,0.254201,0.337685,0.000000,0.095299,0.000000
1.150,0.256433,0.256433,0.334325,0.000000,0.096099,0.000000
1.200,0.258682,0.258682,0.330999,0.000000,0.096889,0.000000
1.250,0.260948,0.260948,0.327705,0.000000,0.097668,0.000000
1.300,0.263230,0.263230,0.324445,0.000000,0.098435,0.000000
1.350,0.265527,0.265527,0.321216,0.000000,0.099188,0.000000
1.400,0.267838,0.267838,0.318020,0.000000,0.099928,0.000000
1.450,0.270163,0.270163,0.314856,0.000000,0.100652,0.000000
1.500,0.272500,0.272500,0.311723,0.000000,0.101360,0.000000
1.550,0.274848,0.274848,0.308621,0.000000,0.102050,0.000000
1.600,0.277207,0.277207,0.305550,0.000000,0.102722,0.000000
1.650,0.279576,0.279576,0.302510,0.000000,0.103374,0.000000
1.700,0.281953,0.281953,0.299500,0.000000,0.104005,0.000000
1.750,0.284337,0.284337,0.296520,0.000000,0.104615,0.000000
1.800,0.286727,0.286727,0.293570,0.000000,0.105202,0.000000
1.850,0.289122,0.289122,0.290649,0.000000,0.105766,0.000000
1.900,0.291521,0.291521,0.287757,0.000000,0.106305,0.000000
1.950,0.293922,0.293922,0.284893,0.000000,0.106819,0.000000
2.000,0.296324,0.296324,0.282059,0.000000,0.107306,0.000000
2.050,0.298725,0.298725,0.279252,0.000000,0.107767,0.000000
2.100,0.301125,0.301125,0.276473,0.000000,0.108200,0.000000
2.150,0.303522,0.303522,0.273723,0.000000,0.108604,0.000000
2.200,0.305915,0.305915,0.270999,0.000000,0.108979,0.000000
2.250,0.308302,0.308302,0.268302,0.000000,0.109325,0.000000
2.300,0.310681,0.310681,0.265633,0.000000,0.109641,0.000000
2.350,0.313052,0.313052,0.262990,0.000000,0.109927,0.000000
2.400,0.315412,0.315412,0.260373,0.000000,0.110182,0.000000
2.450,0.317761,0.317761,0.257782,0.000000,0.110406,0.000000
2.500,0.320097,0.320097,0.255217,0.000000,0.110599,0.000000
2.550,0.322419,0.322419,0.252678,0.000000,0.110762,0.000000
2.600,0.324724,0.324724,0.250164,0.000000,0.110893,0.000000
2.650,0.327013,0.327013,0.247674,0.000000,0.110993,0.000000
2.700,0.329283,0.329283,0.245210,0.000000,0.111062,0.000000
2.750,0.331533,0.331533,0.242770,0.000000,0.111101,0.000000
2.800,0.333762,0.333762,0.240354,0.000000,0.111111,0.000000
2.850,0.335969,0.335969,0.237963,0.000000,0.111090,0.000000
2.900,0.338151,0.338151,0.235595,0.000000,0.111041,0.000000
2.950,0.340309,0.340309,0.233251,0.000000,0.110963,0.000000
3.000,0.342441,0.342441,0.230930,0.000000,0.110858,0.000000
3.050,0.344546,0.344546,0.228632,0.000000,0.110725,0.000000
3.100,0.346622,0.346622,0.226357,0.000000,0.110567,0.000000
3.150,0.348670,0.348670,0.224105,0.000000,0.110384,0.000000
3.200,0.350687,0.350687,0.221875,0.000000,0.110176,0.000000
3.250,0.352673,0.352673,0.219667,0.000000,0.109946,0.000000
3.300,0.354628,0.354628,0.217482,0.000000,0.109693,0.000000
3.350,0.356550,0.356550,0.215318,0.000000,0.109419,0.000000
3.400,0.358439,0.358439,0.213175,0.000000,0.109125,0.000000
3.450,0.360293,0.360293,0.211054,0.000000,0.108813,0.000000
3.500,0.362114,0.362114,0.208954,0.000000,0.108483,0.000000
3.550,0.363899,0.363899,0.206875,0.000000,0.108137,0.000000
3.600,0.365649,0.365649,0.204817,0.000000,0.107776,0.000000
3.650,0.367364,0.367364,0.202779,0.000000,0.107400,0.000000
3.700,0.369042,0.369042,0.200761,0.000000,0.107013,0.000000
3.750,0.370684,0.370684,0.198763,0.000000,0.106613,0.000000
3.800,0.372290,0.372290,0.196786,0.000000,0.106204,0.000000
3.850,0.373859,0.373859,0.194828,0.000000,0.105785,0.000000
3.900,0.375391,0.375391,0.192889,0.000000,0.105358,0.000000
3.950,0.376887,0.376887,0.190970,0.000000,0.104925,0.000000
4.000,0.378346,0.378346,0.189070,0.000000,0.104486,0.000000
4.050,0.379768,0.379768,0.187188,0.000000,0.104042,0.000000
4.100,0.381155,0.381155,0.185326,0.000000,0.103594,0.000000
4.150,0.382505,0.382505,0.183482,0.000000,0.103144,0.000000
4.200,0.383819,0.383819,0.181656,0.000000,0.102693,0.000000
4.250,0.385098,0.385098,0.179849,0.000000,0.102240,0.000000
4.300,0.386341,0.386341,0.178059,0.000000,0.101788,0.000000
4.350,0.387550,0.387550,0.176287,0.000000,0.101337,0.000000
4.400,0.388724,0.388724,0.174533,0.000000,0.100887,0.000000
4.450,0.389864,0.389864,0.172797,0.000000,0.100440,0.000000
4.500,0.390971,0.390971,0.171077,0.000000,0.099996,0.000000
4.550,0.392045,0.392045,0.169375,0.000000,0.099556,0.000000
4.600,0.393086,0.393086,0.167690,0.000000,0.099120,0.000000
4.650,0.394095,0.394095,0.166021,0.000000,0.098689,0.000000
4.700,0.395073,0.395073,0.164369,0.000000,0.098264,0.000000
4.750,0.396020,0.396020,0.162734,0.000000,0.097844,0.000000
4.800,0.396937,0.396937,0.161114,0.000000,0.097431,0.000000
4.850,0.397825,0.397825,0.159511,0.000000,0.097024,0.000000
4.900,0.398683,0.398683,0.157924,0.000000,0.096625,0.000000
4.950,0.399514,0.399514,0.156353,0.000000,0.096232,0.000000
5.000,0.400317,0.400317,0.154797,0.000000,0.095848,0.000000
5.050,0.401092,0.401092,0.153257,0.000000,0.095471,0.000000
5.100,0.401842,0.401842,0.151732,0.000000,0.095102,0.000000
5.150,0.402566,0.402566,0.150222,0.000000,0.094741,0.000000
5.200,0.403265,0.403265,0.148727,0.000000,0.094388,0.000000
5.250,0.403940,0.403940,0.147248,0.000000,0.094043,0.000000
5.300,0.404591,0.404591,0.145782,0.000000,0.093707,0.000000
5.350,0.405219,0.405219,0.144332,0.000000,0.093380,0.000000
5.400,0.405825,0.405825,0.142896,0.000000,0.093061,0.000000
5.450,0.406409,0.406409,0.141474,0.000000,0.092750,0.000000
5.500,0.406972,0.406972,0.140066,0.000000,0.092447,0.000000
5.550,0.407514,0.407514,0.138672,0.000000,0.092154,0.000000
5.600,0.408037,0.408037,0.137293,0.000000,0.091868,0.000000
5.650,0.408540,0.408540,0.135927,0.000000,0.091591,0.000000
5.700,0.409025,0.409025,0.134574,0.000000,0.091321,0.000000
5.750,0.409492,0.409492,0.133235,0.000000,0.091060,0.000000
5.800,0.409942,0.409942,0.131909,0.000000,0.090807,0.000000
5.850,0.410374,0.410374,0.130597,0.000000,0.090562,0.000000
5.900,0.410790,0.410790,0.129297,0.000000,0.090324,0.000000
5.950,0.411191,0.411191,0.128011,0.000000,0.090094,0.000000
6.000,0.411576,0.411576,0.126737,0.000000,0.089871,0.000000
6.050,0.411947,0.411947,0.125476,0.000000,0.089656,0.000000
6.100,0.412303,0.412303,0.124228,0.000000,0.089448,0.000000
6.150,0.412646,0.412646,0.122991,0.000000,0.089246,0.000000
6.200,0.412975,0.412975,0.121768,0.000000,0.089052,0.000000
6.250,0.413291,0.413291,0.120556,0.000000,0.088864,0.000000
6.300,0.413596,0.413596,0.119357,0.000000,0.088683,0.000000
6.350,0.413888,0.413888,0.118169,0.000000,0.088508,0.000000
6.400,0.414169,0.414169,0.116993,0.000000,0.088339,0.000000
6.450,0.414439,0.414439,0.115829,0.000000,0.088176,0.000000
6.500,0.414698,0.414698,0.114676,0.000000,0.088019,0.000000
6.550,0.414947,0.414947,0.113535,0.000000,0.087867,0.000000
6.600,0.415186,0.415186,0.112406,0.000000,0.087721,0.000000
6.650,0.415415,0.415415,0.111287,0.000000,0.087581,0.000000
6.700,0.415636,0.415636,0.110180,0.000000,0.087445,0.000000
6.750,0.415847,0.415847,0.109084,0.000000,0.087315,0.000000
6.800,0.416050,0.416050,0.107998,0.000000,0.087189,0.000000
6.850,0.416245,0.416245,0.106924,0.000000,0.087068,0.000000
6.900,0.416432,0.416432,0.105860,0.000000,0.086952,0.000000
6.950,0.416612,0.416612,0.104806,0.000000,0.086840,0.000000
7.000,0.416784,0.416784,0.103764,0.000000,0.086732,0.000000
7.050,0.416949,0.416949,0.102731,0.000000,0.086628,0.000000
7.100,0.417108,0.417108,0.101709,0.000000,0.086529,0.000000
7.150,0.417260,0.417260,0.100697,0.000000,0.086433,0.000000
7.200,0.417406,0.417406,0.099695,0.000000,0.086341,0.000000
7.250,0.417546,0.417546,0.098703,0.000000,0.086252,0.000000
7.300,0.417681,0.417681,0.097721,0.000000,0.086167,0.000000
7.350,0.417809,0.417809,0.096749,0.000000,0.086085,0.000000
7.400,0.417933,0.417933,0.095786,0.000000,0.086007,0.000000
7.450,0.418052,0.418052,0.094833,0.000000,0.085931,0.000000
7.500,0.418165,0.418165,0.093889,0.000000,0.085859,0.000000
7.550,0.418274,0.418274,0.092955,0.000000,0.085789,0.000000
7.600,0.418379,0.418379,0.092030,0.000000,0.085722,0.000000
7.650,0.418479,0.418479,0.091114,0.000000,0.085658,0.000000
7.700,0.418575,0.418575,0.090208,0.000000,0.085596,0.000000
7.750,0.418667,0.418667,0.089310,0.000000,0.085537,0.000000
7.800,0.418755,0.418755,0.088421,0.000000,0.085480,0.000000
7.850,0.418840,0.418840,0.087542,0.000000,0.085426,0.000000
7.900,0.418921,0.418921,0.086671,0.000000,0.085374,0.000000
7.950,0.418999,0.418999,0.085808,0.000000,0.085323,0.000000
8.000,0.419074,0.419074,0.084954,0.000000,0.085275,0.000000
8.050,0.419145,0.419145,0.084109,0.000000,0.085229,0.000000
8.100,0.419214,0.419214,0.083272,0.000000,0.085184,0.000000
8.150,0.419279,0.419279,0.082444,0.000000,0.085142,0.000000
8.200,0.419342,0.419342,0.081623,0.000000,0.085101,0.000000
8.250,0.419403,0.419403,0.080811,0.000000,0.085062,0.000000
8.300,0.419460,0.419460,0.080007,0.000000,0.085024,0.000000
8.350,0.419516,0.419516,0.079211,0.000000,0.084988,0.000000
8.400,0.419569,0.419569,0.078423,0.000000,0.084954,0.000000
8.450,0.419620,0.419620,0.077642,0.000000,0.084920,0.000000
8.500,0.419669,0.419669,0.076870,0.000000,0.084889,0.000000
8.550,0.419715,0.419715,0.076105,0.000000,0.084858,0.000000
8.600,0.419760,0.419760,0.075348,0.000000,0.084829,0.000000
8.650,0.419803,0.419803,0.074598,0.000000,0.084801,0.000000
8.700,0.419844,0.419844,0.073856,0.000000,0.084774,0.000000
8.750,0.419884,0.419884,0.073121,0.000000,0.084748,0.000000
8.800,0.419921,0.419921,0.072393,0.000000,0.084723,0.000000
8.850,0.419958,0.419958,0.071673,0.000000,0.084700,0.000000
8.900,0.419992,0.419992,0.070960,0.000000,0.084677,0.000000
8.950,0.420025,0.420025,0.070254,0.000000,0.084655,0.000000
9.000,0.420057,0.420057,0.069555,0.000000,0.084634,0.000000
9.050,0.420088,0.420088,0.068863,0.000000,0.084614,0.000000
9.100,0.420117,0.420117,0.068178,0.000000,0.084595,0.000000
9.150,0.420145,0.420145,0.067499,0.000000,0.084577,0.000000
9.200,0.420172,0.420172,0.066828,0.000000,0.084559,0.000000
9.250,0.420197,0.420197,0.066163,0.000000,0.084542,0.000000
9.300,0.420222,0.420222,0.065504,0.000000,0.084526,0.000000
9.350,0.420246,0.420246,0.064852,0.000000,0.084511,0.000000
9.400,0.420268,0.420268,0.064207,0.000000,0.084496,0.000000
9.450,0.420290,0.420290,0.063568,0.000000,0.084482,0.000000
9.500,0.420311,0.420311,0.062936,0.000000,0.084468,0.000000
9.550,0.420331,0.420331,0.062310,0.000000,0.084455,0.000000
9.600,0.420350,0.420350,0.061690,0.000000,0.084442,0.000000
9.650,0.420368,0.420368,0.061076,0.000000,0.084430,0.000000
9.700,0.420385,0.420385,0.060468,0.000000,0.084419,0.000000
9.750,0.420402,0.420402,0.059866,0.000000,0.084408,0.000000
9.800,0.420418,0.420418,0.059271,0.000000,0.084397,0.000000
9.850,0.420433,0.420433,0.058681,0.000000,0.084387,0.000000
9.900,0.420448,0.420448,0.058097,0.000000,0.084378,0.000000
9.950,0.420462,0.420462,0.057519,0.000000,0.084368,0.000000
10.000,0.420476,0.420476,0.056947,0.000000,0.084359,0.000000
10.050,0.420489,0.420489,0.056380,0.000000,0.084351,0.000000
10.100,0.420501,0.420501,0.055819,0.000000,0.084343,0.000000
10.150,0.420513,0.420513,0.055264,0.000000,0.084335,0.000000
10.200,0.420524,0.420524,0.054714,0.000000,0.084327,0.000000
10.250,0.420535,0.420535,0.054169,0.000000,0.084320,0.000000
10.300,0.420546,0.420546,0.053630,0.000000,0.084313,0.000000
10.350,0.420556,0.420556,0.053097,0.000000,0.084307,0.000000
10.400,0.420565,0.420565,0.052568,0.000000,0.084300,0.000000
10.450,0.420574,0.420574,0.052045,0.000000,0.084294,0.000000
10.500,0.420583,0.420583,0.051527,0.000000,0.084288,0.000000
10.550,0.420591,0.420591,0.051015,0.000000,0.084283,0.000000
10.600,0.420599,0.420599,0.050507,0.000000,0.084278,0.000000
10.650,0.420607,0.420607,0.050005,0.000000,0.084272,0.000000
10.700,0.420615,0.420615,0.049507,0.000000,0.084268,0.000000
10.750,0.420622,0.420622,0.049014,0.000000,0.084263,0.000000
10.800,0.420628,0.420628,0.048527,0.000000,0.084258,0.000000
10.850,0.420635,0.420635,0.048044,0.000000,0.084254,0.000000
10.900,0.420641,0.420641,0.047566,0.000000,0.084250,0.000000
10.950,0.420647,0.420647,0.047093,0.000000,0.084246,0.000000
11.000,0.420653,0.420653,0.046624,0.000000,0.084242,0.000000
11.050,0.420658,0.420658,0.046160,0.000000,0.084239,0.000000
11.100,0.420664,0.420664,0.045701,0.000000,0.084235,0.000000
11.150,0.420669,0.420669,0.045246,0.000000,0.084232,0.000000
11.200,0.420673,0.420673,0.044796,0.000000,0.084229,0.000000
11.250,0.420678,0.420678,0.044350,0.000000,0.084226,0.000000
11.300,0.420682,0.420682,0.043909,0.000000,0.084223,0.000000
11.350,0.420687,0.420687,0.043472,0.000000,0.084220,0.000000
11.400,0.420691,0.420691,0.043039,0.000000,0.084217,0.000000
11.450,0.420695,0.420695,0.042611,0.000000,0.084215,0.000000
11.500,0.420698,0.420698,0.042187,0.000000,0.084212,0.000000
11.550,0.420702,0.420702,0.041767,0.000000,0.084210,0.000000
11.600,0.420705,0.420705,0.041352,0.000000,0.084208,0.000000
11.650,0.420708,0.420708,0.040940,0.000000,0.084206,0.000000
11.700,0.420712,0.420712,0.040533,0.000000,0.084203,0.000000
11.750,0.420715,0.420715,0.040130,0.000000,0.084201,0.000000
11.800,0.420717,0.420717,0.039730,0.000000,0.084200,0.000000
11.850,0.420720,0.420720,0.039335,0.000000,0.084198,0.000000
11.900,0.420723,0.420723,0.038944,0.000000,0.084196,0.000000
11.950,0.420725,0.420725,0.038556,0.000000,0.084194,0.000000
12.000,0.420728,0.420728,0.038172,0.000000,0.084193,0.000000
12.050,0.420730,0.420730,0.037793,0.000000,0.084191,0.000000
12.100,0.420732,0.420732,0.037417,0.000000,0.084190,0.000000
12.150,0.420734,0.420734,0.037044,0.000000,0.084188,0.000000
12.200,0.420736,0.420736,0.036676,0.000000,0.084187,0.000000
12.250,0.420738,0.420738,0.036311,0.000000,0.084186,0.000000
12.300,0.420740,0.420740,0.035949,0.000000,0.084185,0.000000
12.350,0.420742,0.420742,0.035592,0.000000,0.084183,0.000000
12.400,0.420744,0.420744,0.035238,0.000000,0.084182,0.000000
12.450,0.420745,0.420745,0.034887,0.000000,0.084181,0.000000
12.500,0.420747,0.420747,0.034540,0.000000,0.084180,0.000000
12.550,0.420748,0.420748,0.034196,0.000000,0.084179,0.000000
12.600,0.420750,0.420750,0.033856,0.000000,0.084178,0.000000
12.650,0.420751,0.420751,0.033519,0.000000,0.084177,0.000000
12.700,0.420753,0.420753,0.033186,0.000000,0.084176,0.000000
12.750,0.420754,0.420754,0.032855,0.000000,0.084175,0.000000
12.800,0.420755,0.420755,0.032528,0.000000,0.084175,0.000000
12.850,0.420756,0.420756,0.032205,0.000000,0.084174,0.000000
12.900,0.420757,0.420757,0.031884,0.000000,0.084173,0.000000
12.950,0.420758,0.420758,0.031567,0.000000,0.084172,0.000000
13.000,0.420759,0.420759,0.031253,0.000000,0.084172,0.000000
13.050,0.420760,0.420760,0.030942,0.000000,0.084171,0.000000
13.100,0.420761,0.420761,0.030634,0.000000,0.084171,0.000000
13.150,0.420762,0.420762,0.030329,0.000000,0.084170,0.000000
13.200,0.420763,0.420763,0.030028,0.000000,0.084169,0.000000
13.250,0.420764,0.420764,0.029729,0.000000,0.084169,0.000000
13.300,0.420765,0.420765,0.029433,0.000000,0.084168,0.000000
13.350,0.420765,0.420765,0.029140,0.000000,0.084168,0.000000
13.400,0.420766,0.420766,0.028850,0.000000,0.084167,0.000000
13.450,0.420767,0.420767,0.028563,0.000000,0.084167,0.000000
13.500,0.420767,0.420767,0.028279,0.000000,0.084166,0.000000
13.550,0.420768,0.420768,0.027997,0.000000,0.084166,0.000000
13.600,0.420769,0.420769,0.027719,0.000000,0.084166,0.000000
13.650,0.420769,0.420769,0.027443,0.000000,0.084165,0.000000
13.700,0.420770,0.420770,0.027170,0.000000,0.084165,0.000000
13.750,0.420770,0.420770,0.026900,0.000000,0.084165,0.000000
13.800,0.420771,0.420771,0.026632,0.000000,0.084164,0.000000
13.850,0.420771,0.420771,0.026367,0.000000,0.084164,0.000000
13.900,0.420772,0.420772,0.026105,0.000000,0.084164,0.000000
13.950,0.420772,0.420772,0.025845,0.000000,0.084163,0.000000
14.000,0.420773,0.420773,0.025588,0.000000,0.084163,0.000000
14.050,0.420773,0.420773,0.025333,0.000000,0.084163,0.000000
14.100,0.420774,0.420774,0.025081,0.000000,0.084162,0.000000
14.150,0.420774,0.420774,0.024832,0.000000,0.084162,0.000000
14.200,0.420774,0.420774,0.024584,0.000000,0.084162,0.000000
14.250,0.420775,0.420775,0.024340,0.000000,0.084162,0.000000
14.300,0.420775,0.420775,0.024098,0.000000,0.084161,0.000000
14.350,0.420775,0.420775,0.023858,0.000000,0.084161,0.000000
14.400,0.420776,0.420776,0.023620,0.000000,0.084161,0.000000
14.450,0.420776,0.420776,0.023385,0.000000,0.084161,0.000000
14.500,0.420776,0.420776,0.023153,0.000000,0.084161,0.000000
14.550,0.420776,0.420776,0.022922,0.000000,0.084161,0.000000
14.600,0.420777,0.420777,0.022694,0.000000,0.084160,0.000000
14.650,0.420777,0.420777,0.022469,0.000000,0.084160,0.000000
14.700,0.420777,0.420777,0.022245,0.000000,0.084160,0.000000
14.750,0.420777,0.420777,0.022024,0.000000,0.084160,0.000000
14.800,0.420778,0.420778,0.021804,0.000000,0.084160,0.000000
14.850,0.420778,0.420778,0.021588,0.000000,0.084160,0.000000
14.900,0.420778,0.420778,0.021373,0.000000,0.084159,0.000000
14.950,0.420778,0.420778,0.021160,0.000000,0.084159,0.000000
15.000,0.420778,0.420778,0.020950,0.000000,0.084159,0.000000
15.050,0.420779,0.420779,0.020741,0.000000,0.084159,0.000000
15.100,0.420779,0.420779,0.020535,0.000000,0.084159,0.000000
15.150,0.420779,0.420779,0.020330,0.000000,0.084159,0.000000
15.200,0.420779,0.420779,0.020128,0.000000,0.084159,0.000000
15.250,0.420779,0.420779,0.019928,0.000000,0.084159,0.000000
15.300,0.420779,0.420779,0.019729,0.000000,0.084159,0.000000
15.350,0.420779,0.420779,0.019533,0.000000,0.084159,0.000000
15.400,0.420780,0.420780,0.019339,0.000000,0.084158,0.000000
15.450,0.420780,0.420780,0.019146,0.000000,0.084158,0.000000
15.500,0.420780,0.420780,0.018956,0.000000,0.084158,0.000000
15.550,0.420780,0.420780,0.018767,0.000000,0.084158,0.000000
15.600,0.420780,0.420780,0.018581,0.000000,0.084158,0.000000
15.650,0.420780,0.420780,0.018396,0.000000,0.084158,0.000000
15.700,0.420780,0.420780,0.018213,0.000000,0.084158,0.000000
15.750,0.420780,0.420780,0.018031,0.000000,0.084158,0.000000
15.800,0.420780,0.420780,0.017852,0.000000,0.084158,0.000000
15.850,0.420781,0.420781,0.017674,0.000000,0.084158,0.000000
15.900,0.420781,0.420781,0.017498,0.000000,0.084158,0.000000
15.950,0.420781,0.420781,0.017324,0.000000,0.084158,0.000000
16.000,0.420781,0.420781,0.017152,0.000000,0.084158,0.000000
16.050,0.420781,0.420781,0.016981,0.000000,0.084158,0.000000
16.100,0.420781,0.420781,0.016812,0.000000,0.084158,0.000000
16.150,0.420781,0.420781,0.016645,0.000000,0.084158,0.000000
16.200,0.420781,0.420781,0.016479,0.000000,0.084157,0.000000
16.250,0.420781,0.420781,0.016315,0.000000,0.084157,0.000000
16.300,0.420781,0.420781,0.016153,0.000000,0.084157,0.000000
16.350,0.420781,0.420781,0.015992,0.000000,0.084157,0.000000
16.400,0.420781,0.420781,0.015833,0.000000,0.084157,0.000000
16.450,0.420781,0.420781,0.015676,0.000000,0.084157,0.000000
16.500,0.420781,0.420781,0.015520,0.000000,0.084157,0.000000
16.550,0.420781,0.420781,0.015365,0.000000,0.084157,0.000000
16.600,0.420781,0.420781,0.015212,0.000000,0.084157,0.000000
16.650,0.420782,0.420782,0.015061,0.000000,0.084157,0.000000
16.700,0.420782,0.420782,0.014911,0.000000,0.084157,0.000000
16.750,0.420782,0.420782,0.014763,0.000000,0.084157,0.000000
16.800,0.420782,0.420782,0.014616,0.000000,0.084157,0.000000
16.850,0.420782,0.420782,0.014471,0.000000,0.084157,0.000000
16.900,0.420782,0.420782,0.014327,0.000000,0.084157,0.000000
16.950,0.420782,0.420782,0.014184,0.000000,0.084157,0.000000
17.000,0.420782,0.420782,0.014043,0.000000,0.084157,0.000000
17.050,0.420782,0.420782,0.013903,0.000000,0.084157,0.000000
17.100,0.420782,0.420782,0.013765,0.000000,0.084157,0.000000
17.150,0.420782,0.420782,0.013628,0.000000,0.084157,0.000000
17.200,0.420782,0.420782,0.013492,0.000000,0.084157,0.000000
17.250,0.420782,0.420782,0.013358,0.000000,0.084157,0.000000
17.300,0.420782,0.420782,0.013225,0.000000,0.084157,0.000000
17.350,0.420782,0.420782,0.013093,0.000000,0.084157,0.000000
17.400,0.420782,0.420782,0.012963,0.000000,0.084157,0.000000
17.450,0.420782,0.420782,0.012834,0.000000,0.084157,0.000000
17.500,0.420782,0.420782,0.012707,0.000000,0.084157,0.000000
17.550,0.420782,0.420782,0.012580,0.000000,0.084157,0.000000
17.600,0.420782,0.420782,0.012455,0.000000,0.084157,0.000000
17.650,0.420782,0.420782,0.012331,0.000000,0.084157,0.000000
17.700,0.420782,0.420782,0.012208,0.000000,0.084157,0.000000
17.750,0.420782,0.420782,0.012087,0.000000,0.084157,0.000000
17.800,0.420782,0.420782,0.011967,0.000000,0.084157,0.000000
17.850,0.420782,0.420782,0.011847,0.000000,0.084157,0.000000
17.900,0.420782,0.420782,0.011730,0.000000,0.084157,0.000000
17.950,0.420782,0.420782,0.011613,0.000000,0.084157,0.000000
18.000,0.420782,0.420782,0.011497,0.000000,0.084157,0.000000
18.050,0.420782,0.420782,0.011383,0.000000,0.084157,0.000000
18.100,0.420782,0.420782,0.011270,0.000000,0.084157,0.000000
18.150,0.420782,0.420782,0.011158,0.000000,0.084157,0.000000
18.200,0.420782,0.420782,0.011047,0.000000,0.084157,0.000000
18.250,0.420782,0.420782,0.010937,0.000000,0.084157,0.000000
18.300,0.420782,0.420782,0.010828,0.000000,0.084157,0.000000
18.350,0.420782,0.420782,0.010720,0.000000,0.084157,0.000000
18.400,0.420782,0.420782,0.010613,0.000000,0.084157,0.000000
18.450,0.420782,0.420782,0.010508,0.000000,0.084157,0.000000
18.500,0.420782,0.420782,0.010403,0.000000,0.084157,0.000000
18.550,0.420782,0.420782,0.010300,0.000000,0.084157,0.000000
18.600,0.420782,0.420782,0.010197,0.000000,0.084157,0.000000
18.650,0.420782,0.420782,0.010096,0.000000,0.084157,0.000000
18.700,0.420782,0.420782,0.009995,0.000000,0.084157,0.000000
18.750,0.420782,0.420782,0.009896,0.000000,0.084157,0.000000
18.800,0.420782,0.420782,0.009797,0.000000,0.084157,0.000000
18.850,0.420782,0.420782,0.009700,0.000000,0.084157,0.000000
18.900,0.420782,0.420782,0.009603,0.000000,0.084157,0.000000
18.950,0.420782,0.420782,0.009508,0.000000,0.084157,0.000000
19.000,0.420782,0.420782,0.009413,0.000000,0.084157,0.000000
19.050,0.420782,0.420782,0.009320,0.000000,0.084157,0.000000
19.100,0.420782,0.420782,0.009227,0.000000,0.084157,0.000000
19.150,0.420782,0.420782,0.009135,0.000000,0.084157,0.000000
19.200,0.420782,0.420782,0.009044,0.000000,0.084157,0.000000
19.250,0.420782,0.420782,0.008954,0.000000,0.084157,0.000000
19.300,0.420782,0.420782,0.008865,0.000000,0.084157,0.000000
19.350,0.420782,0.420782,0.008777,0.000000,0.084157,0.000000
19.400,0.420782,0.420782,0.008689,0.000000,0.084157,0.000000
19.450,0.420782,0.420782,0.008603,0.000000,0.084157,0.000000
19.500,0.420782,0.420782,0.008517,0.000000,0.084157,0.000000
19.550,0.420782,0.420782,0.008433,0.000000,0.084157,0.000000
19.600,0.420782,0.420782,0.008349,0.000000,0.084157,0.000000
19.650,0.420782,0.420782,0.008266,0.000000,0.084157,0.000000
19.700,0.420782,0.420782,0.008183,0.000000,0.084157,0.000000
19.750,0.420782,0.420782,0.008102,0.000000,0.084157,0.000000
19.800,0.420782,0.420782,0.008021,0.000000,0.084157,0.000000
19.850,0.420782,0.420782,0.007942,0.000000,0.084157,0.000000
19.900,0.420782,0.420782,0.007863,0.000000,0.084157,0.000000
19.950,0.420782,0.420782,0.007784,0.000000,0.084157,0.000000
20.000,0.420782,0.420782,0.007707,0.000000,0.084157,0.000000
20.050,0.420782,0.420782,0.007630,0.000000,0.084157,0.000000
20.100,0.420782,0.420782,0.007554,0.000000,0.084157,0.000000
20.150,0.420782,0.420782,0.007479,0.000000,0.084157,0.000000
20.200,0.420782,0.420782,0.007405,0.000000,0.084157,0.000000
20.250,0.420782,0.420782,0.007331,0.000000,0.084157,0.000000
20.300,0.420782,0.420782,0.007258,0.000000,0.084157,0.000000
20.350,0.420782,0.420782,0.007186,0.000000,0.084157,0.000000
20.400,0.420782,0.420782,0.007114,0.000000,0.084157,0.000000
20.450,0.420782,0.420782,0.007044,0.000000,0.084157,0.000000
20.500,0.420782,0.420782,0.006973,0.000000,0.084157,0.000000
20.550,0.420782,0.420782,0.006904,0.000000,0.084157,0.000000
20.600,0.420782,0.420782,0.006835,0.000000,0.084157,0.000000
20.650,0.420782,0.420782,0.006767,0.000000,0.084157,0.000000
20.700,0.420782,0.420782,0.006700,0.000000,0.084157,0.000000
20.750,0.420782,0.420782,0.006633,0.000000,0.084157,0.000000
20.800,0.420782,0.420782,0.006567,0.000000,0.084157,0.000000
20.850,0.420782,0.420782,0.006502,0.000000,0.084157,0.000000
20.900,0.420782,0.420782,0.006437,0.000000,0.084157,0.000000
20.950,0.420782,0.420782,0.006373,0.000000,0.084157,0.000000
21.000,0.420782,0.420782,0.006310,0.000000,0.084157,0.000000
21.050,0.420782,0.420782,0.006247,0.000000,0.084157,0.000000
21.100,0.420782,0.420782,0.006185,0.000000,0.084157,0.000000
21.150,0.420782,0.420782,0.006123,0.000000,0.084157,0.000000
21.200,0.420782,0.420782,0.006062,0.000000,0.084157,0.000000
21.250,0.420782,0.420782,0.006002,0.000000,0.084157,0.000000
21.300,0.420782,0.420782,0.005942,0.000000,0.084157,0.000000
21.350,0.420782,0.420782,0.005883,0.000000,0.084157,0.000000
21.400,0.420782,0.420782,0.005825,0.000000,0.084157,0.000000
21.450,0.420782,0.420782,0.005767,0.000000,0.084157,0.000000
21.500,0.420782,0.420782,0.005709,0.000000,0.084157,0.000000
21.550,0.420782,0.420782,0.005653,0.000000,0.084157,0.000000
21.600,0.420782,0.420782,0.005596,0.000000,0.084157,0.000000
21.650,0.420782,0.420782,0.005541,0.000000,0.084157,0.000000
21.700,0.420783,0.420783,0.005486,0.000000,0.084157,0.000000
21.750,0.420783,0.420783,0.005431,0.000000,0.084157,0.000000
21.800,0.420783,0.420783,0.005377,0.000000,0.084157,0.000000
21.850,0.420783,0.420783,0.005323,0.000000,0.084157,0.000000
21.900,0.420783,0.420783,0.005270,0.000000,0.084157,0.000000
21.950,0.420783,0.420783,0.005218,0.000000,0.084157,0.000000
22.000,0.420783,0.420783,0.005166,0.000000,0.084157,0.000000
22.050,0.420783,0.420783,0.005115,0.000000,0.084157,0.000000
22.100,0.420783,0.420783,0.005064,0.000000,0.084157,0.000000
22.150,0.420783,0.420783,0.005013,0.000000,0.084157,0.000000
22.200,0.420783,0.420783,0.004964,0.000000,0.084157,0.000000
22.250,0.420783,0.420783,0.004914,0.000000,0.084157,0.000000
22.300,0.420783,0.420783,0.004865,0.000000,0.084157,0.000000
22.350,0.420783,0.420783,0.004817,0.000000,0.084157,0.000000
22.400,0.420783,0.420783,0.004769,0.000000,0.084157,0.000000
22.450,0.420783,0.420783,0.004721,0.000000,0.084157,0.000000
22.500,0.420783,0.420783,0.004674,0.000000,0.084157,0.000000
22.550,0.420783,0.420783,0.004628,0.000000,0.084157,0.000000
22.600,0.420783,0.420783,0.004582,0.000000,0.084157,0.000000
22.650,0.420783,0.420783,0.004536,0.000000,0.084157,0.000000
22.700,0.420783,0.420783,0.004491,0.000000,0.084157,0.000000
22.750,0.420783,0.420783,0.004446,0.000000,0.084157,0.000000
22.800,0.420783,0.420783,0.004402,0.000000,0.084157,0.000000
22.850,0.420783,0.420783,0.004358,0.000000,0.084157,0.000000
22.900,0.420783,0.420783,0.004315,0.000000,0.084157,0.000000
22.950,0.420783,0.420783,0.004272,0.000000,0.084157,0.000000
23.000,0.420783,0.420783,0.004230,0.000000,0.084157,0.000000
23.050,0.420783,0.420783,0.004188,0.000000,0.084157,0.000000
23.100,0.420783,0.420783,0.004146,0.000000,0.084157,0.000000
23.150,0.420783,0.420783,0.004105,0.000000,0.084157,0.000000
23.200,0.420783,0.420783,0.004064,0.000000,0.084157,0.000000
23.250,0.420783,0.420783,0.004023,0.000000,0.084157,0.000000
23.300,0.420783,0.420783,0.003983,0.000000,0.084157,0.000000
23.350,0.420783,0.420783,0.003944,0.000000,0.084157,0.000000
23.400,0.420783,0.420783,0.003904,0.000000,0.084157,0.000000
23.450,0.420783,0.420783,0.003866,0.000000,0.084157,0.000000
23.500,0.420783,0.420783,0.003827,0.000000,0.084157,0.000000
23.550,0.420783,0.420783,0.003789,0.000000,0.084157,0.000000
23.600,0.420783,0.420783,0.003751,0.000000,0.084157,0.000000
23.650,0.420783,0.420783,0.003714,0.000000,0.084157,0.000000
23.700,0.420783,0.420783,0.003677,0.000000,0.084157,0.000000
23.750,0.420783,0.420783,0.003640,0.000000,0.084157,0.000000
23.800,0.420783,0.420783,0.003604,0.000000,0.084157,0.000000
23.850,0.420783,0.420783,0.003568,0.000000,0.084157,0.000000
23.900,0.420783,0.420783,0.003533,0.000000,0.084157,0.000000
23.950,0.420783,0.420783,0.003498,0.000000,0.084157,0.000000
24.000,0.420783,0.420783,0.003463,0.000000,0.084157,0.000000
24.050,0.420783,0.420783,0.003428,0.000000,0.084157,0.000000
24.100,0.420783,0.420783,0.003394,0.000000,0.084157,0.000000
24.150,0.420783,0.420783,0.003361,0.000000,0.084157,0.000000
24.200,0.420783,0.420783,0.003327,0.000000,0.084157,0.000000
24.250,0.420783,0.420783,0.003294,0.000000,0.084157,0.000000
24.300,0.420783,0.420783,0.003261,0.000000,0.084157,0.000000
24.350,0.420783,0.420783,0.003229,0.000000,0.084157,0.000000
24.400,0.420783,0.420783,0.003197,0.000000,0.084157,0.000000
24.450,0.420783,0.420783,0.003165,0.000000,0.084157,0.000000
24.500,0.420783,0.420783,0.003133,0.000000,0.084157,0.000000
24.550,0.420783,0.420783,0.003102,0.000000,0.084157,0.000000
24.600,0.420783,0.420783,0.003071,0.000000,0.084157,0.000000
24.650,0.420783,0.420783,0.003041,0.000000,0.084157,0.000000
24.700,0.420783,0.420783,0.003011,0.000000,0.084157,0.000000
24.750,0.420783,0.420783,0.002981,0.000000,0.084157,0.000000
24.800,0.420783,0.420783,0.002951,0.000000,0.084157,0.000000
24.850,0.420783,0.420783,0.002922,0.000000,0.084157,0.000000
24.900,0.420783,0.420783,0.002892,0.000000,0.084157,0.000000
24.950,0.420783,0.420783,0.002864,0.000000,0.084157,0.000000
25.000,0.420783,0.420783,0.002835,0.000000,0.084157,0.000000
25.050,0.420783,0.420783,0.002807,0.000000,0.084157,0.000000
25.100,0.420783,0.420783,0.002779,0.000000,0.084157,0.000000
25.150,0.420783,0.420783,0.002751,0.000000,0.084157,0.000000
25.200,0.420783,0.420783,0.002724,0.000000,0.084157,0.000000
25.250,0.420783,0.420783,0.002697,0.000000,0.084157,0.000000
25.300,0.420783,0.420783,0.002670,0.000000,0.084157,0.000000
25.350,0.420783,0.420783,0.002644,0.000000,0.084157,0.000000
25.400,0.420783,0.420783,0.002617,0.000000,0.084157,0.000000
25.450,0.420783,0.420783,0.002591,0.000000,0.084157,0.000000
25.500,0.420783,0.420783,0.002565,0.000000,0.084157,0.000000
25.550,0.420783,0.420783,0.002540,0.000000,0.084157,0.000000
25.600,0.420783,0.420783,0.002515,0.000000,0.084157,0.000000
25.650,0.420783,0.420783,0.002490,0.000000,0.084157,0.000000
25.700,0.420783,0.420783,0.002465,0.000000,0.084157,0.000000
25.750,0.420783,0.420783,0.002440,0.000000,0.084157,0.000000
25.800,0.420783,0.420783,0.002416,0.000000,0.084157,0.000000
25.850,0.420783,0.420783,0.002392,0.000000,0.084157,0.000000
25.900,0.420783,0.420783,0.002368,0.000000,0.084157,0.000000
25.950,0.420783,0.420783,0.002345,0.000000,0.084157,0.000000
26.000,0.420783,0.420783,0.002321,0.000000,0.084157,0.000000
26.050,0.420783,0.420783,0.002298,0.000000,0.084157,0.000000
26.100,0.420783,0.420783,0.002275,0.000000,0.084157,0.000000
26.150,0.420783,0.420783,0.002253,0.000000,0.084157,0.000000
26.200,0.420783,0.420783,0.002230,0.000000,0.084157,0.000000
26.250,0.420783,0.420783,0.002208,0.000000,0.084157,0.000000
26.300,0.420783,0.420783,0.002186,0.000000,0.084157,0.000000
26.350,0.420783,0.420783,0.002164,0.000000,0.084157,0.000000
26.400,0.420783,0.420783,0.002143,0.000000,0.084157,0.000000
26.450,0.420783,0.420783,0.002121,0.000000,0.084157,0.000000
26.500,0.420783,0.420783,0.002100,0.000000,0.084157,0.000000
26.550,0.420783,0.420783,0.002079,0.000000,0.084157,0.000000
26.600,0.420783,0.420783,0.002059,0.000000,0.084157,0.000000
26.650,0.420783,0.420783,0.002038,0.000000,0.084157,0.000000
26.700,0.420783,0.420783,0.002018,0.000000,0.084157,0.000000
26.750,0.420783,0.420783,0.001998,0.000000,0.084157,0.000000
26.800,0.420783,0.420783,0.001978,0.000000,0.084157,0.000000
26.850,0.420783,0.420783,0.001958,0.000000,0.084157,0.000000
26.900,0.420783,0.420783,0.001939,0.000000,0.084157,0.000000
26.950,0.420783,0.420783,0.001920,0.000000,0.084157,0.000000
27.000,0.420783,0.420783,0.001900,0.000000,0.084157,0.000000
27.050,0.420783,0.420783,0.001882,0.000000,0.084157,0.000000
27.100,0.420783,0.420783,0.001863,0.000000,0.084157,0.000000
27.150,0.420783,0.420783,0.001844,0.000000,0.084157,0.000000
27.200,0.420783,0.420783,0.001826,0.000000,0.084157,0.000000
27.250,0.420783,0.420783,0.001808,0.000000,0.084157,0.000000
27.300,0.420783,0.420783,0.001790,0.000000,0.084157,0.000000
27.350,0.420783,0.420783,0.001772,0.000000,0.084157,0.000000
27.400,0.420783,0.420783,0.001754,0.000000,0.084157,0.000000
27.450,0.420783,0.420783,0.001737,0.000000,0.084157,0.000000
27.500,0.420783,0.420783,0.001720,0.000000,0.084157,0.000000
27.550,0.420783,0.420783,0.001703,0.000000,0.084157,0.000000
27.600,0.420783,0.420783,0.001686,0.000000,0.084157,0.000000
27.650,0.420783,0.420783,0.001669,0.000000,0.084157,0.000000
27.700,0.420783,0.420783,0.001652,0.000000,0.084157,0.000000
27.750,0.420783,0.420783,0.001636,0.000000,0.084157,0.000000
27.800,0.420783,0.420783,0.001619,0.000000,0.084157,0.000000
27.850,0.420783,0.420783,0.001603,0.000000,0.084157,0.000000
27.900,0.420783,0.420783,0.001587,0.000000,0.084157,0.000000
27.950,0.420783,0.420783,0.001572,0.000000,0.084157,0.000000
28.000,0.420783,0.420783,0.001556,0.000000,0.084157,0.000000
28.050,0.420783,0.420783,0.001541,0.000000,0.084157,0.000000
28.100,0.420783,0.420783,0.001525,0.000000,0.084157,0.000000
28.150,0.420783,0.420783,0.001510,0.000000,0.084157,0.000000
28.200,0.420783,0.420783,0.001495,0.000000,0.084157,0.000000
28.250,0.420783,0.420783,0.001480,0.000000,0.084157,0.000000
28.300,0.420783,0.420783,0.001465,0.000000,0.084157,0.000000
28.350,0.420783,0.420783,0.001451,0.000000,0.084157,0.000000
28.400,0.420783,0.420783,0.001436,0.000000,0.084157,0.000000
28.450,0.420783,0.420783,0.001422,0.000000,0.084157,0.000000
28.500,0.420783,0.420783,0.001408,0.000000,0.084157,0.000000
28.550,0.420783,0.420783,0.001394,0.000000,0.084157,0.000000
28.600,0.420783,0.420783,0.001380,0.000000,0.084157,0.000000
28.650,0.420783,0.420783,0.001366,0.000000,0.084157,0.000000
28.700,0.420783,0.420783,0.001353,0.000000,0.084157,0.000000
28.750,0.420783,0.420783,0.001339,0.000000,0.084157,0.000000
28.800,0.420783,0.420783,0.001326,0.000000,0.084157,0.000000
28.850,0.420783,0.420783,0.001313,0.000000,0.084157,0.000000
28.900,0.420783,0.420783,0.001300,0.000000,0.084157,0.000000
28.950,0.420783,0.420783,0.001287,0.000000,0.084157,0.000000
29.000,0.420783,0.420783,0.001274,0.000000,0.084157,0.000000
29.050,0.420783,0.420783,0.001261,0.000000,0.084157,0.000000
29.100,0.420783,0.420783,0.001249,0.000000,0.084157,0.000000
29.150,0.420783,0.420783,0.001236,0.000000,0.084157,0.000000
29.200,0.420783,0.420783,0.001224,0.000000,0.084157,0.000000
29.250,0.420783,0.420783,0.001212,0.000000,0.084157,0.000000
29.300,0.420783,0.420783,0.001200,0.000000,0.084157,0.000000
29.350,0.420783,0.420783,0.001188,0.000000,0.084157,0.000000
29.400,0.420783,0.420783,0.001176,0.000000,0.084157,0.000000
29.450,0.420783,0.420783,0.001164,0.000000,0.084157,0.000000
29.500,0.420783,0.420783,0.001153,0.000000,0.084157,0.000000
29.550,0.420783,0.420783,0.001141,0.000000,0.084157,0.000000
29.600,0.420783,0.420783,0.001130,0.000000,0.084157,0.000000
29.650,0.420783,0.420783,0.001119,0.000000,0.084157,0.000000
29.700,0.420783,0.420783,0.001108,0.000000,0.084157,0.000000
29.750,0.420783,0.420783,0.001096,0.000000,0.084157,0.000000
29.800,0.420783,0.420783,0.001086,0.000000,0.084157,0.000000
29.850,0.420783,0.420783,0.001075,0.000000,0.084157,0.000000
29.900,0.420783,0.420783,0.001064,0.000000,0.084157,0.000000
29.950,0.420783,0.420783,0.001053,0.000000,0.084157,0.000000
30.000,0.420783,0.420783,0.001043,0.000000,0.084157,0.000000
30.050,0.420783,0.420783,0.001033,0.000000,0.084157,0.000000
30.100,0.420783,0.420783,0.001022,0.000000,0.084157,0.000000
30.150,0.420783,0.420783,0.001012,0.000000,0.084157,0.000000
30.200,0.420783,0.420783,0.001002,0.000000,0.084157,0.000000
30.250,0.420783,0.420783,0.000992,0.000000,0.084157,0.000000
30.300,0.420783,0.420783,0.000982,0.000000,0.084157,0.000000
30.350,0.420783,0.420783,0.000973,0.000000,0.084157,0.000000
30.400,0.420783,0.420783,0.000963,0.000000,0.084157,0.000000
30.450,0.420783,0.420783,0.000953,0.000000,0.084157,0.000000
30.500,0.420783,0.420783,0.000944,0.000000,0.084157,0.000000
30.550,0.420783,0.420783,0.000934,0.000000,0.084157,0.000000
30.600,0.420783,0.420783,0.000925,0.000000,0.084157,0.000000
30.650,0.420783,0.420783,0.000916,0.000000,0.084157,0.000000
30.700,0.420783,0.420783,0.000907,0.000000,0.084157,0.000000
30.750,0.420783,0.420783,0.000898,0.000000,0.084157,0.000000
30.800,0.420783,0.420783,0.000889,0.000000,0.084157,0.000000
30.850,0.420783,0.420783,0.000880,0.000000,0.084157,0.000000
30.900,0.420783,0.420783,0.000871,0.000000,0.084157,0.000000
30.950,0.420783,0.420783,0.000863,0.000000,0.084157,0.000000
31.000,0.420783,0.420783,0.000854,0.000000,0.084157,0.000000
31.050,0.420783,0.420783,0.000845,0.000000,0.084157,0.000000
31.100,0.420783,0.420783,0.000837,0.000000,0.084157,0.000000
31.150,0.420783,0.420783,0.000829,0.000000,0.084157,0.000000
31.200,0.420783,0.420783,0.000820,0.000000,0.084157,0.000000
31.250,0.420783,0.420783,0.000812,0.000000,0.084157,0.000000
31.300,0.420783,0.420783,0.000804,0.000000,0.084157,0.000000
31.350,0.420783,0.420783,0.000796,0.000000,0.084157,0.000000
31.400,0.420783,0.420783,0.000788,0.000000,0.084157,0.000000
31.450,0.420783,0.420783,0.000780,0.000000,0.084157,0.000000
31.500,0.420783,0.420783,0.000773,0.000000,0.084157,0.000000
31.550,0.420783,0.420783,0.000765,0.000000,0.084157,0.000000
31.600,0.420783,0.420783,0.000757,0.000000,0.084157,0.000000
31.650,0.420783,0.420783,0.000750,0.000000,0.084157,0.000000
31.700,0.420783,0.420783,0.000742,0.000000,0.084157,0.000000
31.750,0.420783,0.420783,0.000735,0.000000,0.084157,0.000000
31.800,0.420783,0.420783,0.000728,0.000000,0.084157,0.000000
31.850,0.420783,0.420783,0.000720,0.000000,0.084157,0.000000
31.900,0.420783,0.420783,0.000713,0.000000,0.084157,0.000000
31.950,0.420783,0.420783,0.000706,0.000000,0.084157,0.000000
32.000,0.420783,0.420783,0.000699,0.000000,0.084157,0.000000
32.050,0.420783,0.420783,0.000692,0.000000,0.084157,0.000000
32.100,0.420783,0.420783,0.000685,0.000000,0.084157,0.000000
32.150,0.420783,0.420783,0.000678,0.000000,0.084157,0.000000
32.200,0.420783,0.420783,0.000672,0.000000,0.084157,0.000000
32.250,0.420783,0.420783,0.000665,0.000000,0.084157,0.000000
32.300,0.420783,0.420783,0.000658,0.000000,0.084157,0.000000
32.350,0.420783,0.420783,0.000652,0.000000,0.084157,0.000000
32.400,0.420783,0.420783,0.000645,0.000000,0.084157,0.000000
32.450,0.420783,0.420783,0.000639,0.000000,0.084157,0.000000
32.500,0.420783,0.420783,0.000633,0.000000,0.084157,0.000000
32.550,0.420783,0.420783,0.000626,0.000000,0.084157,0.000000
32.600,0.420783,0.420783,0.000620,0.000000,0.084157,0.000000
32.650,0.420783,0.420783,0.000614,0.000000,0.084157,0.000000
32.700,0.420783,0.420783,0.000608,0.000000,0.084157,0.000000
32.750,0.420783,0.420783,0.000602,0.000000,0.084157,0.000000
32.800,0.420783,0.420783,0.000596,0.000000,0.084157,0.000000
32.850,0.420783,0.420783,0.000590,0.000000,0.084157,0.000000
32.900,0.420783,0.420783,0.000584,0.000000,0.084157,0.000000
32.950,0.420783,0.420783,0.000578,0.000000,0.084157,0.000000
33.000,0.420783,0.420783,0.000572,0.000000,0.084157,0.000000
33.050,0.420783,0.420783,0.000567,0.000000,0.084157,0.000000
33.100,0.420783,0.420783,0.000561,0.000000,0.084157,0.000000
33.150,0.420783,0.420783,0.000556,0.000000,0.084157,0.000000
33.200,0.420783,0.420783,0.000550,0.000000,0.084157,0.000000
33.250,0.420783,0.420783,0.000545,0.000000,0.084157,0.000000
33.300,0.420783,0.420783,0.000539,0.000000,0.084157,0.000000
33.350,0.420783,0.420783,0.000534,0.000000,0.084157,0.000000
33.400,0.420783,0.420783,0.000528,0.000000,0.084157,0.000000
33.450,0.420783,0.420783,0.000523,0.000000,0.084157,0.000000
33.500,0.420783,0.420783,0.000518,0.000000,0.084157,0.000000
33.550,0.420783,0.420783,0.000513,0.000000,0.084157,0.000000
33.600,0.420783,0.420783,0.000508,0.000000,0.084157,0.000000
33.650,0.420783,0.420783,0.000503,0.000000,0.084157,0.000000
33.700,0.420783,0.420783,0.000498,0.000000,0.084157,0.000000
33.750,0.420783,0.420783,0.000493,0.000000,0.084157,0.000000
33.800,0.420783,0.420783,0.000488,0.000000,0.084157,0.000000
33.850,0.420783,0.420783,0.000483,0.000000,0.084157,0.000000
33.900,0.420783,0.420783,0.000478,0.000000,0.084157,0.000000
33.950,0.420783,0.420783,0.000473,0.000000,0.084157,0.000000
34.000,0.420783,0.420783,0.000469,0.000000,0.084157,0.000000
34.050,0.420783,0.420783,0.000464,0.000000,0.084157,0.000000
34.100,0.420783,0.420783,0.000459,0.000000,0.084157,0.000000
34.150,0.420783,0.420783,0.000455,0.000000,0.084157,0.000000
34.200,0.420783,0.420783,0.000450,0.000000,0.084157,0.000000
34.250,0.420783,0.420783,0.000446,0.000000,0.084157,0.000000
34.300,0.420783,0.420783,0.000441,0.000000,0.084157,0.000000
34.350,0.420783,0.420783,0.000437,0.000000,0.084157,0.000000
34.400,0.420783,0.420783,0.000433,0.000000,0.084157,0.000000
34.450,0.420783,0.420783,0.000428,0.000000,0.084157,0.000000
34.500,0.420783,0.420783,0.000424,0.000000,0.084157,0.000000
34.550,0.420783,0.420783,0.000420,0.000000,0.084157,0.000000
34.600,0.420783,0.420783,0.000416,0.000000,0.084157,0.000000
34.650,0.420783,0.420783,0.000412,0.000000,0.084157,0.000000
34.700,0.420783,0.420783,0.000407,0.000000,0.084157,0.000000
34.750,0.420783,0.420783,0.000403,0.000000,0.084157,0.000000
34.800,0.420783,0.420783,0.000399,0.000000,0.084157,0.000000
34.850,0.420783,0.420783,0.000395,0.000000,0.084157,0.000000
34.900,0.420783,0.420783,0.000391,0.000000,0.084157,0.000000
34.950,0.420783,0.420783,0.000388,0.000000,0.084157,0.000000
35.000,0.420783,0.420783,0.000384,0.000000,0.084157,0.000000
35.050,0.420783,0.420783,0.000380,0.000000,0.084157,0.000000
35.100,0.420783,0.420783,0.000376,0.000000,0.084157,0.000000
35.150,0.420783,0.420783,0.000372,0.000000,0.084157,0.000000
35.200,0.420783,0.420783,0.000369,0.000000,0.084157,0.000000
35.250,0.420783,0.420783,0.000365,0.000000,0.084157,0.000000
35.300,0.420783,0.420783,0.000361,0.000000,0.084157,0.000000
35.350,0.420783,0.420783,0.000358,0.000000,0.084157,0.000000
35.400,0.420783,0.420783,0.000354,0.000000,0.084157,0.000000
35.450,0.420783,0.420783,0.000351,0.000000,0.084157,0.000000
35.500,0.420783,0.420783,0.000347,0.000000,0.084157,0.000000
35.550,0.420783,0.420783,0.000344,0.000000,0.084157,0.000000
35.600,0.420783,0.420783,0.000340,0.000000,0.084157,0.000000
35.650,0.420783,0.420783,0.000337,0.000000,0.084157,0.000000
35.700,0.420783,0.420783,0.000334,0.000000,0.084157,0.000000
35.750,0.420783,0.420783,0.000330,0.000000,0.084157,0.000000
35.800,0.420783,0.420783,0.000327,0.000000,0.084157,0.000000
35.850,0.420783,0.420783,0.000324,0.000000,0.084157,0.000000
35.900,0.420783,0.420783,0.000320,0.000000,0.084157,0.000000
35.950,0.420783,0.420783,0.000317,0.000000,0.084157,0.000000
36.000,0.420783,0.420783,0.000314,0.000000,0.084157,0.000000
36.050,0.420783,0.420783,0.000311,0.000000,0.084157,0.000000
36.100,0.420783,0.420783,0.000308,0.000000,0.084157,0.000000
36.150,0.420783,0.420783,0.000305,0.000000,0.084157,0.000000
36.200,0.420783,0.420783,0.000302,0.000000,0.084157,0.000000
36.250,0.420783,0.420783,0.000299,0.000000,0.084157,0.000000
36.300,0.420783,0.420783,0.000296,0.000000,0.084157,0.000000
36.350,0.420783,0.420783,0.000293,0.000000,0.084157,0.000000
36.400,0.420783,0.420783,0.000290,0.000000,0.084157,0.000000
36.450,0.420783,0.420783,0.000287,0.000000,0.084157,0.000000
36.500,0.420783,0.420783,0.000284,0.000000,0.084157,0.000000
36.550,0.420783,0.420783,0.000281,0.000000,0.084157,0.000000
36.600,0.420783,0.420783,0.000279,0.000000,0.084157,0.000000
36.650,0.420783,0.420783,0.000276,0.000000,0.084157,0.000000
36.700,0.420783,0.420783,0.000273,0.000000,0.084157,0.000000
36.750,0.420783,0.420783,0.000270,0.000000,0.084157,0.000000
36.800,0.420783,0.420783,0.000268,0.000000,0.084157,0.000000
36.850,0.420783,0.420783,0.000265,0.000000,0.084157,0.000000
36.900,0.420783,0.420783,0.000262,0.000000,0.084157,0.000000
36.950,0.420783,0.420783,0.000260,0.000000,0.084157,0.000000
37.000,0.420783,0.420783,0.000257,0.000000,0.084157,0.000000
37.050,0.420783,0.420783,0.000255,0.000000,0.084157,0.000000
37.100,0.420783,0.420783,0.000252,0.000000,0.084157,0.000000
37.150,0.420783,0.420783,0.000250,0.000000,0.084157,0.000000
37.200,0.420783,0.420783,0.000247,0.000000,0.084157,0.000000
37.250,0.420783,0.420783,0.000245,0.000000,0.084157,0.000000
37.300,0.420783,0.420783,0.000242,0.000000,0.084157,0.000000
37.350,0.420783,0.420783,0.000240,0.000000,0.084157,0.000000
37.400,0.420783,0.420783,0.000237,0.000000,0.084157,0.000000
37.450,0.420783,0.420783,0.000235,0.000000,0.084157,0.000000
37.500,0.420783,0.420783,0.000233,0.000000,0.084157,0.000000
37.550,0.420783,0.420783,0.000230,0.000000,0.084157,0.000000
37.600,0.420783,0.420783,0.000228,0.000000,0.084157,0.000000
37.650,0.420783,0.420783,0.000226,0.000000,0.084157,0.000000
37.700,0.420783,0.420783,0.000224,0.000000,0.084157,0.000000
37.750,0.420783,0.420783,0.000221,0.000000,0.084157,0.000000
37.800,0.420783,0.420783,0.000219,0.000000,0.084157,0.000000
37.850,0.420783,0.420783,0.000217,0.000000,0.084157,0.000000
37.900,0.420783,0.420783,0.000215,0.000000,0.084157,0.000000
37.950,0.420783,0.420783,0.000213,0.000000,0.084157,0.000000
38.000,0.420783,0.420783,0.000211,0.000000,0.084157,0.000000
38.050,0.420783,0.420783,0.000208,0.000000,0.084157,0.000000
38.100,0.420783,0.420783,0.000206,0.000000,0.084157,0.000000
38.150,0.420783,0.420783,0.000204,0.000000,0.084157,0.000000
38.200,0.420783,0.420783,0.000202,0.000000,0.084157,0.000000
38.250,0.420783,0.420783,0.000200,0.000000,0.084157,0.000000
38.300,0.420783,0.420783,0.000198,0.000000,0.084157,0.000000
38.350,0.420783,0.420783,0.000196,0.000000,0.084157,0.000000
38.400,0.420783,0.420783,0.000194,0.000000,0.084157,0.000000
38.450,0.420783,0.420783,0.000192,0.000000,0.084157,0.000000
38.500,0.420783,0.420783,0.000191,0.000000,0.084157,0.000000
38.550,0.420783,0.420783,0.000189,0.000000,0.084157,0.000000
38.600,0.420783,0.420783,0.000187,0.000000,0.084157,0.000000
38.650,0.420783,0.420783,0.000185,0.000000,0.084157,0.000000
38.700,0.420783,0.420783,0.000183,0.000000,0.084157,0.000000
38.750,0.420783,0.420783,0.000181,0.000000,0.084157,0.000000
38.800,0.420783,0.420783,0.000179,0.000000,0.084157,0.000000
38.850,0.420783,0.420783,0.000178,0.000000,0.084157,0.000000
38.900,0.420783,0.420783,0.000176,0.000000,0.084157,0.000000
38.950,0.420783,0.420783,0.000174,0.000000,0.084157,0.000000
39.000,0.420783,0.420783,0.000172,0.000000,0.084157,0.000000
39.050,0.420783,0.420783,0.000171,0.000000,0.084157,0.000000
39.100,0.420783,0.420783,0.000169,0.000000,0.084157,0.000000
39.150,0.420783,0.420783,0.000167,0.000000,0.084157,0.000000
39.200,0.420783,0.420783,0.000166,0.000000,0.084157,0.000000
39.250,0.420783,0.420783,0.000164,0.000000,0.084157,0.000000
39.300,0.420783,0.420783,0.000162,0.000000,0.084157,0.000000
39.350,0.420783,0.420783,0.000161,0.000000,0.084157,0.000000
39.400,0.420783,0.420783,0.000159,0.000000,0.084157,0.000000
39.450,0.420783,0.420783,0.000158,0.000000,0.084157,0.000000
39.500,0.420783,0.420783,0.000156,0.000000,0.084157,0.000000
39.550,0.420783,0.420783,0.000154,0.000000,0.084157,0.000000
39.600,0.420783,0.420783,0.000153,0.000000,0.084157,0.000000
39.650,0.420783,0.420783,0.000151,0.000000,0.084157,0.000000
39.700,0.420783,0.420783,0.000150,0.000000,0.084157,0.000000
39.750,0.420783,0.420783,0.000148,0.000000,0.084157,0.000000
39.800,0.420783,0.420783,0.000147,0.000000,0.084157,0.000000
39.850,0.420783,0.420783,0.000145,0.000000,0.084157,0.000000
39.900,0.420783,0.420783,0.000144,0.000000,0.084157,0.000000
39.950,0.420783,0.420783,0.000143,0.000000,0.084157,0.000000
40.000,0.420783,0.420783,0.000141,0.000000,0.084157,0.000000
40.050,0.420783,0.420783,0.000140,0.000000,0.084157,0.000000
40.100,0.420783,0.420783,0.000138,0.000000,0.084157,0.000000
40.150,0.420783,0.420783,0.000137,0.000000,0.084157,0.000000
40.200,0.420783,0.420783,0.000136,0.000000,0.084157,0.000000
40.250,0.420783,0.420783,0.000134,0.000000,0.084157,0.000000
40.300,0.420783,0.420783,0.000133,0.000000,0.084157,0.000000
40.350,0.420783,0.420783,0.000132,0.000000,0.084157,0.000000
40.400,0.420783,0.420783,0.000130,0.000000,0.084157,0.000000
40.450,0.420783,0.420783,0.000129,0.000000,0.084157,0.000000
40.500,0.420783,0.420783,0.000128,0.000000,0.084157,0.000000
40.550,0.420783,0.420783,0.000126,0.000000,0.084157,0.000000
40.600,0.420783,0.420783,0.000125,0.000000,0.084157,0.000000
40.650,0.420783,0.420783,0.000124,0.000000,0.084157,0.000000
40.700,0.420783,0.420783,0.000123,0.000000,0.084157,0.000000
40.750,0.420783,0.420783,0.000121,0.000000,0.084157,0.000000
40.800,0.420783,0.420783,0.000120,0.000000,0.084157,0.000000
40.850,0.420783,0.420783,0.000119,0.000000,0.084157,0.000000
40.900,0.420783,0.420783,0.000118,0.000000,0.084157,0.000000
40.950,0.420783,0.420783,0.000117,0.000000,0.084157,0.000000
41.000,0.420783,0.420783,0.000116,0.000000,0.084157,0.000000
41.050,0.420783,0.420783,0.000114,0.000000,0.084157,0.000000
41.100,0.420783,0.420783,0.000113,0.000000,0.084157,0.000000
41.150,0.420783,0.420783,0.000112,0.000000,0.084157,0.000000
41.200,0.420783,0.420783,0.000111,0.000000,0.084157,0.000000
41.250,0.420783,0.420783,0.000110,0.000000,0.084157,0.000000
41.300,0.420783,0.420783,0.000109,0.000000,0.084157,0.000000
41.350,0.420783,0.420783,0.000108,0.000000,0.084157,0.000000
41.400,0.420783,0.420783,0.000107,0.000000,0.084157,0.000000
41.450,0.420783,0.420783,0.000106,0.000000,0.084157,0.000000
41.500,0.420783,0.420783,0.000105,0.000000,0.084157,0.000000
41.550,0.420783,0.420783,0.000104,0.000000,0.084157,0.000000
41.600,0.420783,0.420783,0.000103,0.000000,0.084157,0.000000
41.650,0.420783,0.420783,0.000101,0.000000,0.084157,0.000000
41.700,0.420783,0.420783,0.000100,0.000000,0.084157,0.000000
41.750,0.420783,0.420783,0.000099,0.000000,0.084157,0.000000
41.800,0.420783,0.420783,0.000098,0.000000,0.084157,0.000000
41.850,0.420783,0.420783,0.000098,0.000000,0.084157,0.000000
41.900,0.420783,0.420783,0.000097,0.000000,0.084157,0.000000
41.950,0.420783,0.420783,0.000096,0.000000,0.084157,0.000000
42.000,0.420783,0.420783,0.000095,0.000000,0.084157,0.000000
42.050,0.420783,0.420783,0.000094,0.000000,0.084157,0.000000
42.100,0.420783,0.420783,0.000093,0.000000,0.084157,0.000000
42.150,0.420783,0.420783,0.000092,0.000000,0.084157,0.000000
42.200,0.420783,0.420783,0.000091,0.000000,0.084157,0.000000
42.250,0.420783,0.420783,0.000090,0.000000,0.084157,0.000000
42.300,0.420783,0.420783,0.000089,0.000000,0.084157,0.000000
42.350,0.420783,0.420783,0.000088,0.000000,0.084157,0.000000
42.400,0.420783,0.420783,0.000087,0.000000,0.084157,0.000000
42.450,0.420783,0.420783,0.000086,0.000000,0.084157,0.000000
42.500,0.420783,0.420783,0.000086,0.000000,0.084157,0.000000
42.550,0.420783,0.420783,0.000085,0.000000,0.084157,0.000000
42.600,0.420783,0.420783,0.000084,0.000000,0.084157,0.000000
42.650,0.420783,0.420783,0.000083,0.000000,0.084157,0.000000
42.700,0.420783,0.420783,0.000082,0.000000,0.084157,0.000000
42.750,0.420783,0.420783,0.000081,0.000000,0.084157,0.000000
42.800,0.420783,0.420783,0.000081,0.000000,0.084157,0.000000
42.850,0.420783,0.420783,0.000080,0.000000,0.084157,0.000000
42.900,0.420783,0.420783,0.000079,0.000000,0.084157,0.000000
42.950,0.420783,0.420783,0.000078,0.000000,0.084157,0.000000
43.000,0.420783,0.420783,0.000077,0.000000,0.084157,0.000000
43.050,0.420783,0.420783,0.000077,0.000000,0.084157,0.000000
43.100,0.420783,0.420783,0.000076,0.000000,0.084157,0.000000
43.150,0.420783,0.420783,0.000075,0.000000,0.084157,0.000000
43.200,0.420783,0.420783,0.000074,0.000000,0.084157,0.000000
43.250,0.420783,0.420783,0.000074,0.000000,0.084157,0.000000
43.300,0.420783,0.420783,0.000073,0.000000,0.084157,0.000000
43.350,0.420783,0.420783,0.000072,0.000000,0.084157,0.000000
43.400,0.420783,0.420783,0.000072,0.000000,0.084157,0.000000
43.450,0.420783,0.420783,0.000071,0.000000,0.084157,0.000000
43.500,0.420783,0.420783,0.000070,0.000000,0.084157,0.000000
43.550,0.420783,0.420783,0.000069,0.000000,0.084157,0.000000
43.600,0.420783,0.420783,0.000069,0.000000,0.084157,0.000000
43.650,0.420783,0.420783,0.000068,0.000000,0.084157,0.000000
43.700,0.420783,0.420783,0.000067,0.000000,0.084157,0.000000
43.750,0.420783,0.420783,0.000067,0.000000,0.084157,0.000000
43.800,0.420783,0.420783,0.000066,0.000000,0.084157,0.000000
43.850,0.420783,0.420783,0.000065,0.000000,0.084157,0.000000
43.900,0.420783,0.420783,0.000065,0.000000,0.084157,0.000000
43.950,0.420783,0.420783,0.000064,0.000000,0.084157,0.000000
44.000,0.420783,0.420783,0.000063,0.000000,0.084157,0.000000
44.050,0.420783,0.420783,0.000063,0.000000,0.084157,0.000000
44.100,0.420783,0.420783,0.000062,0.000000,0.084157,0.000000
44.150,0.420783,0.420783,0.000062,0.000000,0.084157,0.000000
44.200,0.420783,0.420783,0.000061,0.000000,0.084157,0.000000
44.250,0.420783,0.420783,0.000060,0.000000,0.084157,0.000000
44.300,0.420783,0.420783,0.000060,0.000000,0.084157,0.000000
44.350,0.420783,0.420783,0.000059,0.000000,0.084157,0.000000
44.400,0.420783,0.420783,0.000059,0.000000,0.084157,0.000000
44.450,0.420783,0.420783,0.000058,0.000000,0.084157,0.000000
44.500,0.420783,0.420783,0.000057,0.000000,0.084157,0.000000
44.550,0.420783,0.420783,0.000057,0.000000,0.084157,0.000000
44.600,0.420783,0.420783,0.000056,0.000000,0.084157,0.000000
44.650,0.420783,0.420783,0.000056,0.000000,0.084157,0.000000
44.700,0.420783,0.420783,0.000055,0.000000,0.084157,0.000000
44.750,0.420783,0.420783,0.000055,0.000000,0.084157,0.000000
44.800,0.420783,0.420783,0.000054,0.000000,0.084157,0.000000
44.850,0.420783,0.420783,0.000054,0.000000,0.084157,0.000000
44.900,0.420783,0.420783,0.000053,0.000000,0.084157,0.000000
44.950,0.420783,0.420783,0.000052,0.000000,0.084157,0.000000
45.000,0.420783,0.420783,0.000052,0.000000,0.084157,0.000000
45.050,0.420783,0.420783,0.000051,0.000000,0.084157,0.000000
45.100,0.420783,0.420783,0.000051,0.000000,0.084157,0.000000
45.150,0.420783,0.420783,0.000050,0.000000,0.084157,0.000000
45.200,0.420783,0.420783,0.000050,0.000000,0.084157,0.000000
45.250,0.420783,0.420783,0.000049,0.000000,0.084157,0.000000
45.300,0.420783,0.420783,0.000049,0.000000,0.084157,0.000000
45.350,0.420783,0.420783,0.000048,0.000000,0.084157,0.000000
45.400,0.420783,0.420783,0.000048,0.000000,0.084157,0.000000
45.450,0.420783,0.420783,0.000047,0.000000,0.084157,0.000000
45.500,0.420783,0.420783,0.000047,0.000000,0.084157,0.000000
45.550,0.420783,0.420783,0.000047,0.000000,0.084157,0.000000
45.600,0.420783,0.420783,0.000046,0.000000,0.084157,0.000000
45.650,0.420783,0.420783,0.000046,0.000000,0.084157,0.000000
45.700,0.420783,0.420783,0.000045,0.000000,0.084157,0.000000
45.750,0.420783,0.420783,0.000045,0.000000,0.084157,0.000000
45.800,0.420783,0.420783,0.000044,0.000000,0.084157,0.000000
45.850,0.420783,0.420783,0.000044,0.000000,0.084157,0.000000
45.900,0.420783,0.420783,0.000043,0.000000,0.084157,0.000000
45.950,0.420783,0.420783,0.000043,0.000000,0.084157,0.000000
46.000,0.420783,0.420783,0.000043,0.000000,0.084157,0.000000
46.050,0.420783,0.420783,0.000042,0.000000,0.084157,0.000000
46.100,0.420783,0.420783,0.000042,0.000000,0.084157,0.000000
46.150,0.420783,0.420783,0.000041,0.000000,0.084157,0.000000
46.200,0.420783,0.420783,0.000041,0.000000,0.084157,0.000000
46.250,0.420783,0.420783,0.000040,0.000000,0.084157,0.000000
46.300,0.420783,0.420783,0.000040,0.000000,0.084157,0.000000
46.350,0.420783,0.420783,0.000040,0.000000,0.084157,0.000000
46.400,0.420783,0.420783,0.000039,0.000000,0.084157,0.000000
46.450,0.420783,0.420783,0.000039,0.000000,0.084157,0.000000
46.500,0.420783,0.420783,0.000038,0.000000,0.084157,0.000000
46.550,0.420783,0.420783,0.000038,0.000000,0.084157,0.000000
46.600,0.420783,0.420783,0.000038,0.000000,0.084157,0.000000
46.650,0.420783,0.420783,0.000037,0.000000,0.084157,0.000000
46.700,0.420783,0.420783,0.000037,0.000000,0.084157,0.000000
46.750,0.420783,0.420783,0.000037,0.000000,0.084157,0.000000
46.800,0.420783,0.420783,0.000036,0.000000,0.084157,0.000000
46.850,0.420783,0.420783,0.000036,0.000000,0.084157,0.000000
46.900,0.420783,0.420783,0.000036,0.000000,0.084157,0.000000
46.950,0.420783,0.420783,0.000035,0.000000,0.084157,0.000000
47.000,0.420783,0.420783,0.000035,0.000000,0.084157,0.000000
47.050,0.420783,0.420783,0.000034,0.000000,0.084157,0.000000
47.100,0.420783,0.420783,0.000034,0.000000,0.084157,0.000000
47.150,0.420783,0.420783,0.000034,0.000000,0.084157,0.000000
47.200,0.420783,0.420783,0.000033,0.000000,0.084157,0.000000
47.250,0.420783,0.420783,0.000033,0.000000,0.084157,0.000000
47.300,0.420783,0.420783,0.000033,0.000000,0.084157,0.000000
47.350,0.420783,0.420783,0.000032,0.000000,0.084157,0.000000
47.400,0.420783,0.420783,0.000032,0.000000,0.084157,0.000000
47.450,0.420783,0.420783,0.000032,0.000000,0.084157,0.000000
47.500,0.420783,0.420783,0.000031,0.000000,0.084157,0.000000
47.550,0.420783,0.420783,0.000031,0.000000,0.084157,0.000000
47.600,0.420783,0.420783,0.000031,0.000000,0.084157,0.000000
47.650,0.420783,0.420783,0.000031,0.000000,0.084157,0.000000
47.700,0.420783,0.420783,0.000030,0.000000,0.084157,0.000000
47.750,0.420783,0.420783,0.000030,0.000000,0.084157,0.000000
47.800,0.420783,0.420783,0.000030,0.000000,0.084157,0.000000
47.850,0.420783,0.420783,0.000029,0.000000,0.084157,0.000000
47.900,0.420783,0.420783,0.000029,0.000000,0.084157,0.000000
47.950,0.420783,0.420783,0.000029,0.000000,0.084157,0.000000
48.000,0.420783,0.420783,0.000028,0.000000,0.084157,0.000000
48.050,0.420783,0.420783,0.000028,0.000000,0.084157,0.000000
48.100,0.420783,0.420783,0.000028,0.000000,0.084157,0.000000
48.150,0.420783,0.420783,0.000028,0.000000,0.084157,0.000000
48.200,0.420783,0.420783,0.000027,0.000000,0.084157,0.000000
48.250,0.420783,0.420783,0.000027,0.000000,0.084157,0.000000
48.300,0.420783,0.420783,0.000027,0.000000,0.084157,0.000000
48.350,0.420783,0.420783,0.000027,0.000000,0.084157,0.000000
48.400,0.420783,0.420783,0.000026,0.000000,0.084157,0.000000
48.450,0.420783,0.420783,0.000026,0.000000,0.084157,0.000000
48.500,0.420783,0.420783,0.000026,0.000000,0.084157,0.000000
48.550,0.420783,0.420783,0.000026,0.000000,0.084157,0.000000
48.600,0.420783,0.420783,0.000025,0.000000,0.084157,0.000000
48.650,0.420783,0.420783,0.000025,0.000000,0.084157,0.000000
48.700,0.420783,0.420783,0.000025,0.000000,0.084157,0.000000
48.750,0.420783,0.420783,0.000025,0.000000,0.084157,0.000000
48.800,0.420783,0.420783,0.000024,0.000000,0.084157,0.000000
48.850,0.420783,0.420783,0.000024,0.000000,0.084157,0.000000
48.900,0.420783,0.420783,0.000024,0.000000,0.084157,0.000000
48.950,0.420783,0.420783,0.000024,0.000000,0.084157,0.000000
49.000,0.420783,0.420783,0.000023,0.000000,0.084157,0.000000
49.050,0.420783,0.420783,0.000023,0.000000,0.084157,0.000000
49.100,0.420783,0.420783,0.000023,0.000000,0.084157,0.000000
49.150,0.420783,0.420783,0.000023,0.000000,0.084157,0.000000
49.200,0.420783,0.420783,0.000022,0.000000,0.084157,0.000000
49.250,0.420783,0.420783,0.000022,0.000000,0.084157,0.000000
49.300,0.420783,0.420783,0.000022,0.000000,0.084157,0.000000
49.350,0.420783,0.420783,0.000022,0.000000,0.084157,0.000000
49.400,0.420783,0.420783,0.000022,0.000000,0.084157,0.000000
49.450,0.420783,0.420783,0.000021,0.000000,0.084157,0.000000
49.500,0.420783,0.420783,0.000021,0.000000,0.084157,0.000000
49.550,0.420783,0.420783,0.000021,0.000000,0.084157,0.000000
49.600,0.420783,0.420783,0.000021,0.000000,0.084157,0.000000
49.650,0.420783,0.420783,0.000020,0.000000,0.084157,0.000000
49.700,0.420783,0.420783,0.000020,0.000000,0.084157,0.000000
49.750,0.420783,0.420783,0.000020,0.000000,0.084157,0.000000
49.800,0.420783,0.420783,0.000020,0.000000,0.084157,0.000000
49.850,0.420783,0.420783,0.000020,0.000000,0.084157,0.000000
49.900,0.420783,0.420783,0.000019,0.000000,0.084157,0.000000
49.950,0.420783,0.420783,0.000019,0.000000,0.084157,0.000000
50.000,0.420783,0.420783,0.000019,0.000000,0.084157,0.000000
50.050,0.420783,0.420783,0.000019,0.000000,0.084157,0.000000
50.100,0.420783,0.420783,0.000019,0.000000,0.084157,0.000000
50.150,0.420783,0.420783,0.000019,0.000000,0.084157,0.000000
50.200,0.420783,0.420783,0.000018,0.000000,0.084157,0.000000
50.250,0.420783,0.420783,0.000018,0.000000,0.084157,0.000000
50.300,0.420783,0.420783,0.000018,0.000000,0.084157,0.000000
50.350,0.420783,0.420783,0.000018,0.000000,0.084157,0.000000
50.400,0.420783,0.420783,0.000018,0.000000,0.084157,0.000000
50.450,0.420783,0.420783,0.000017,0.000000,0.084157,0.000000
50.500,0.420783,0.420783,0.000017,0.000000,0.084157,0.000000
50.550,0.420783,0.420783,0.000017,0.000000,0.084157,0.000000
50.600,0.420783,0.420783,0.000017,0.000000,0.084157,0.000000
50.650,0.420783,0.420783,0.000017,0.000000,0.084157,0.000000
50.700,0.420783,0.420783,0.000017,0.000000,0.084157,0.000000
50.750,0.420783,0.420783,0.000016,0.000000,0.084157,0.000000
50.800,0.420783,0.420783,0.000016,0.000000,0.084157,0.000000
50.850,0.420783,0.420783,0.000016,0.000000,0.084157,0.000000
50.900,0.420783,0.420783,0.000016,0.000000,0.084157,0.000000
50.950,0.420783,0.420783,0.000016,0.000000,0.084157,0.000000
51.000,0.420783,0.420783,0.000016,0.000000,0.084157,0.000000
51.050,0.420783,0.420783,0.000015,0.000000,0.084157,0.000000
51.100,0.420783,0.420783,0.000015,0.000000,0.084157,0.000000
51.150,0.420783,0.420783,0.000015,0.000000,0.084157,0.000000
51.200,0.420783,0.420783,0.000015,0.000000,0.084157,0.000000
51.250,0.420783,0.420783,0.000015,0.000000,0.084157,0.000000
51.300,0.420783,0.420783,0.000015,0.000000,0.084157,0.000000
51.350,0.420783,0.420783,0.000015,0.000000,0.084157,0.000000
51.400,0.420783,0.420783,0.000014,0.000000,0.084157,0.000000
51.450,0.420783,0.420783,0.000014,0.000000,0.084157,0.000000
51.500,0.420783,0.420783,0.000014,0.000000,0.084157,0.000000
51.550,0.420783,0.420783,0.000014,0.000000,0.084157,0.000000
51.600,0.420783,0.420783,0.000014,0.000000,0.084157,0.000000
51.650,0.420783,0.420783,0.000014,0.000000,0.084157,0.000000
51.700,0.420783,0.420783,0.000014,0.000000,0.084157,0.000000
51.750,0.420783,0.420783,0.000013,0.000000,0.084157,0.000000
51.800,0.420783,0.420783,0.000013,0.000000,0.084157,0.000000
51.850,0.420783,0.420783,0.000013,0.000000,0.084157,0.000000
51.900,0.420783,0.420783,0.000013,0.000000,0.084157,0.000000
51.950,0.420783,0.420783,0.000013,0.000000,0.084157,0.000000
52.000,0.420783,0.420783,0.000013,0.000000,0.084157,0.000000
52.050,0.420783,0.420783,0.000013,0.000000,0.084157,0.000000
52.100,0.420783,0.420783,0.000013,0.000000,0.084157,0.000000
52.150,0.420783,0.420783,0.000012,0.000000,0.084157,0.000000
52.200,0.420783,0.420783,0.000012,0.000000,0.084157,0.000000
52.250,0.420783,0.420783,0.000012,0.000000,0.084157,0.000000
52.300,0.420783,0.420783,0.000012,0.000000,0.084157,0.000000
52.350,0.420783,0.420783,0.000012,0.000000,0.084157,0.000000
52.400,0.420783,0.420783,0.000012,0.000000,0.084157,0.000000
52.450,0.420783,0.420783,0.000012,0.000000,0.084157,0.000000
52.500,0.420783,0.420783,0.000012,0.000000,0.084157,0.000000
52.550,0.420783,0.420783,0.000011,0.000000,0.084157,0.000000
52.600,0.420783,0.420783,0.000011,0.000000,0.084157,0.000000
52.650,0.420783,0.420783,0.000011,0.000000,0.084157,0.000000
52.700,0.420783,0.420783,0.000011,0.000000,0.084157,0.000000
52.750,0.420783,0.420783,0.000011,0.000000,0.084157,0.000000
52.800,0.420783,0.420783,0.000011,0.000000,0.084157,0.000000
52.850,0.420783,0.420783,0.000011,0.000000,0.084157,0.000000
52.900,0.420783,0.420783,0.000011,0.000000,0.084157,0.000000
52.950,0.420783,0.420783,0.000011,0.000000,0.084157,0.000000
53.000,0.420783,0.420783,0.000010,0.000000,0.084157,0.000000
53.050,0.420783,0.420783,0.000010,0.000000,0.084157,0.000000
53.100,0.420783,0.420783,0.000010,0.000000,0.084157,0.000000
53.150,0.420783,0.420783,0.000010,0.000000,0.084157,0.000000
53.200,0.420783,0.420783,0.000010,0.000000,0.084157,0.000000
53.250,0.420783,0.420783,0.000010,0.000000,0.084157,0.000000
53.300,0.420783,0.420783,0.000010,0.000000,0.084157,0.000000
53.350,0.420783,0.420783,0.000010,0.000000,0.084157,0.000000
53.400,0.420783,0.420783,0.000010,0.000000,0.084157,0.000000
53.450,0.420783,0.420783,0.000010,0.000000,0.084157,0.000000
53.500,0.420783,0.420783,0.000009,0.000000,0.084157,0.000000
53.550,0.420783,0.420783,0.000009,0.000000,0.084157,0.000000
53.600,0.420783,0.420783,0.000009,0.000000,0.084157,0.000000
53.650,0.420783,0.420783,0.000009,0.000000,0.084157,0.000000
53.700,0.420783,0.420783,0.000009,0.000000,0.084157,0.000000
53.750,0.420783,0.420783,0.000009,0.000000,0.084157,0.000000
53.800,0.420783,0.420783,0.000009,0.000000,0.084157,0.000000
53.850,0.420783,0.420783,0.000009,0.000000,0.084157,0.000000
53.900,0.420783,0.420783,0.000009,0.000000,0.084157,0.000000
53.950,0.420783,0.420783,0.000009,0.000000,0.084157,0.000000
54.000,0.420783,0.420783,0.000009,0.000000,0.084157,0.000000
54.050,0.420783,0.420783,0.000008,0.000000,0.084157,0.000000
54.100,0.420783,0.420783,0.000008,0.000000,0.084157,0.000000
54.150,0.420783,0.420783,0.000008,0.000000,0.084157,0.000000
54.200,0.420783,0.420783,0.000008,0.000000,0.084157,0.000000
54.250,0.420783,0.420783,0.000008,0.000000,0.084157,0.000000
54.300,0.420783,0.420783,0.000008,0.000000,0.084157,0.000000
54.350,0.420783,0.420783,0.000008,0.000000,0.084157,0.000000
54.400,0.420783,0.420783,0.000008,0.000000,0.084157,0.000000
54.450,0.420783,0.420783,0.000008,0.000000,0.084157,0.000000
54.500,0.420783,0.420783,0.000008,0.000000,0.084157,0.000000
54.550,0.420783,0.420783,0.000008,0.000000,0.084157,0.000000
54.600,0.420783,0.420783,0.000008,0.000000,0.084157,0.000000
54.650,0.420783,0.420783,0.000008,0.000000,0.084157,0.000000
54.700,0.420783,0.420783,0.000007,0.000000,0.084157,0.000000
54.750,0.420783,0.420783,0.000007,0.000000,0.084157,0.000000
54.800,0.420783,0.420783,0.000007,0.000000,0.084157,0.000000
54.850,0.420783,0.420783,0.000007,0.000000,0.084157,0.000000
54.900,0.420783,0.420783,0.000007,0.000000,0.084157,0.000000
54.950,0.420783,0.420783,0.000007,0.000000,0.084157,0.000000
55.000,0.420783,0.420783,0.000007,0.000000,0.084157,0.000000
55.050,0.420783,0.420783,0.000007,0.000000,0.084157,0.000000
55.100,0.420783,0.420783,0.000007,0.000000,0.084157,0.000000
55.150,0.420783,0.420783,0.000007,0.000000,0.084157,0.000000
55.200,0.420783,0.420783,0.000007,0.000000,0.084157,0.000000
55.250,0.420783,0.420783,0.000007,0.000000,0.084157,0.000000
55.300,0.420783,0.420783,0.000007,0.000000,0.084157,0.000000
55.350,0.420783,0.420783,0.000007,0.000000,0.084157,0.000000
55.400,0.420783,0.420783,0.000006,0.000000,0.084157,0.000000
55.450,0.420783,0.420783,0.000006,0.000000,0.084157,0.000000
55.500,0.420783,0.420783,0.000006,0.000000,0.084157,0.000000
55.550,0.420783,0.420783,0.000006,0.000000,0.084157,0.000000
55.600,0.420783,0.420783,0.000006,0.000000,0.084157,0.000000
55.650,0.420783,0.420783,0.000006,0.000000,0.084157,0.000000
55.700,0.420783,0.420783,0.000006,0.000000,0.084157,0.000000
55.750,0.420783,0.420783,0.000006,0.000000,0.084157,0.000000
55.800,0.420783,0.420783,0.000006,0.000000,0.084157,0.000000
55.850,0.420783,0.420783,0.000006,0.000000,0.084157,0.000000
55.900,0.420783,0.420783,0.000006,0.000000,0.084157,0.000000
55.950,0.420783,0.420783,0.000006,0.000000,0.084157,0.000000
56.000,0.420783,0.420783,0.000006,0.000000,0.084157,0.000000
56.050,0.420783,0.420783,0.000006,0.000000,0.084157,0.000000
56.100,0.420783,0.420783,0.000006,0.000000,0.084157,0.000000
56.150,0.420783,0.420783,0.000006,0.000000,0.084157,0.000000
56.200,0.420783,0.420783,0.000006,0.000000,0.084157,0.000000
56.250,0.420783,0.420783,0.000005,0.000000,0.084157,0.000000
56.300,0.420783,0.420783,0.000005,0.000000,0.084157,0.000000
56.350,0.420783,0.420783,0.000005,0.000000,0.084157,0.000000
56.400,0.420783,0.420783,0.000005,0.000000,0.084157,0.000000
56.450,0.420783,0.420783,0.000005,0.000000,0.084157,0.000000
56.500,0.420783,0.420783,0.000005,0.000000,0.084157,0.000000
56.550,0.420783,0.420783,0.000005,0.000000,0.084157,0.000000
56.600,0.420783,0.420783,0.000005,0.000000,0.084157,0.000000
56.650,0.420783,0.420783,0.000005,0.000000,0.084157,0.000000
56.700,0.420783,0.420783,0.000005,0.000000,0.084157,0.000000
56.750,0.420783,0.420783,0.000005,0.000000,0.084157,0.000000
56.800,0.420783,0.420783,0.000005,0.000000,0.084157,0.000000
56.850,0.420783,0.420783,0.000005,0.000000,0.084157,0.000000
56.900,0.420783,0.420783,0.000005,0.000000,0.084157,0.000000
56.950,0.420783,0.420783,0.000005,0.000000,0.084157,0.000000
57.000,0.420783,0.420783,0.000005,0.000000,0.084157,0.000000
57.050,0.420783,0.420783,0.000005,0.000000,0.084157,0.000000
57.100,0.420783,0.420783,0.000005,0.000000,0.084157,0.000000
57.150,0.420783,0.420783,0.000005,0.000000,0.084157,0.000000
57.200,0.420783,0.420783,0.000005,0.000000,0.084157,0.000000
57.250,0.420783,0.420783,0.000004,0.000000,0.084157,0.000000
57.300,0.420783,0.420783,0.000004,0.000000,0.084157,0.000000
57.350,0.420783,0.420783,0.000004,0.000000,0.084157,0.000000
57.400,0.420783,0.420783,0.000004,0.000000,0.084157,0.000000
57.450,0.420783,0.420783,0.000004,0.000000,0.084157,0.000000
57.500,0.420783,0.420783,0.000004,0.000000,0.084157,0.000000
57.550,0.420783,0.420783,0.000004,0.000000,0.084157,0.000000
57.600,0.420783,0.420783,0.000004,0.000000,0.084157,0.000000
57.650,0.420783,0.420783,0.000004,0.000000,0.084157,0.000000
57.700,0.420783,0.420783,0.000004,0.000000,0.084157,0.000000
57.750,0.420783,0.420783,0.000004,0.000000,0.084157,0.000000
57.800,0.420783,0.420783,0.000004,0.000000,0.084157,0.000000
57.850,0.420783,0.420783,0.000004,0.000000,0.084157,0.000000
57.900,0.420783,0.420783,0.000004,0.000000,0.084157,0.000000
57.950,0.420783,0.420783,0.000004,0.000000,0.084157,0.000000
58.000,0.420783,0.420783,0.000004,0.000000,0.084157,0.000000
58.050,0.420783,0.420783,0.000004,0.000000,0.084157,0.000000
58.100,0.420783,0.420783,0.000004,0.000000,0.084157,0.000000
58.150,0.420783,0.420783,0.000004,0.000000,0.084157,0.000000
58.200,0.420783,0.420783,0.000004,0.000000,0.084157,0.000000
58.250,0.420783,0.420783,0.000004,0.000000,0.084157,0.000000
58.300,0.420783,0.420783,0.000004,0.000000,0.084157,0.000000
58.350,0.420783,0.420783,0.000004,0.000000,0.084157,0.000000
58.400,0.420783,0.420783,0.000004,0.000000,0.084157,0.000000
58.450,0.420783,0.420783,0.000004,0.000000,0.084157,0.000000
58.500,0.420783,0.420783,0.000003,0.000000,0.084157,0.000000
58.550,0.420783,0.420783,0.000003,0.000000,0.084157,0.000000
58.600,0.420783,0.420783,0.000003,0.000000,0.084157,0.000000
58.650,0.420783,0.420783,0.000003,0.000000,0.084157,0.000000
58.700,0.420783,0.420783,0.000003,0.000000,0.084157,0.000000
58.750,0.420783,0.420783,0.000003,0.000000,0.084157,0.000000
58.800,0.420783,0.420783,0.000003,0.000000,0.084157,0.000000
58.850,0.420783,0.420783,0.000003,0.000000,0.084157,0.000000
58.900,0.420783,0.420783,0.000003,0.000000,0.084157,0.000000
58.950,0.420783,0.420783,0.000003,0.000000,0.084157,0.000000
59.000,0.420783,0.420783,0.000003,0.000000,0.084157,0.000000
59.050,0.420783,0.420783,0.000003,0.000000,0.084157,0.000000
59.100,0.420783,0.420783,0.000003,0.000000,0.084157,0.000000
59.150,0.420783,0.420783,0.000003,0.000000,0.084157,0.000000
59.200,0.420783,0.420783,0.000003,0.000000,0.084157,0.000000
59.250,0.420783,0.420783,0.000003,0.000000,0.084157,0.000000
59.300,0.420783,0.420783,0.000003,0.000000,0.084157,0.000000
59.350,0.420783,0.420783,0.000003,0.000000,0.084157,0.000000
59.400,0.420783,0.420783,0.000003,0.000000,0.084157,0.000000
59.450,0.420783,0.420783,0.000003,0.000000,0.084157,0.000000
59.500,0.420783,0.420783,0.000003,0.000000,0.084157,0.000000
59.550,0.420783,0.420783,0.000003,0.000000,0.084157,0.000000
59.600,0.420783,0.420783,0.000003,0.000000,0.084157,0.000000
59.650,0.420783,0.420783,0.000003,0.000000,0.084157,0.000000
59.700,0.420783,0.420783,0.000003,0.000000,0.084157,0.000000
59.750,0.420783,0.420783,0.000003,0.000000,0.084157,0.000000
59.800,0.420783,0.420783,0.000003,0.000000,0.084157,0.000000
59.850,0.420783,0.420783,0.000003,0.000000,0.084157,0.000000
59.900,0.420783,0.420783,0.000003,0.000000,0.084157,0.000000
59.950,0.420783,0.420783,0.000003,0.000000,0.084157,0.000000
60.000,0.420783,0.420783,0.000003,0.000000,0.084157,0.000000
60.050,0.420783,0.420783,0.000003,0.000000,0.084157,0.000000
60.100,0.420783,0.420783,0.000003,0.000000,0.084157,0.000000
60.150,0.420783,0.420783,0.000003,0.000000,0.084157,0.000000
60.200,0.420783,0.420783,0.000002,0.000000,0.084157,0.000000
60.250,0.420783,0.420783,0.000002,0.000000,0.084157,0.000000
60.300,0.420783,0.420783,0.000002,0.000000,0.084157,0.000000
60.350,0.420783,0.420783,0.000002,0.000000,0.084157,0.000000
60.400,0.420783,0.420783,0.000002,0.000000,0.084157,0.000000
60.450,0.420783,0.420783,0.000002,0.000000,0.084157,0.000000
60.500,0.420783,0.420783,0.000002,0.000000,0.084157,0.000000
60.550,0.420783,0.420783,0.000002,0.000000,0.084157,0.000000
60.600,0.420783,0.420783,0.000002,0.000000,0.084157,0.000000
60.650,0.420783,0.420783,0.000002,0.000000,0.084157,0.000000
60.700,0.420783,0.420783,0.000002,0.000000,0.084157,0.000000
60.750,0.420783,0.420783,0.000002,0.000000,0.084157,0.000000
60.800,0.420783,0.420783,0.000002,0.000000,0.084157,0.000000
60.850,0.420783,0.420783,0.000002,0.000000,0.084157,0.000000
60.900,0.420783,0.420783,0.000002,0.000000,0.084157,0.000000
60.950,0.420783,0.420783,0.000002,0.000000,0.084157,0.000000
61.000,0.420783,0.420783,0.000002,0.000000,0.084157,0.000000
61.050,0.420783,0.420783,0.000002,0.000000,0.084157,0.000000
61.100,0.420783,0.420783,0.000002,0.000000,0.084157,0.000000
61.150,0.420783,0.420783,0.000002,0.000000,0.084157,0.000000
61.200,0.420783,0.420783,0.000002,0.000000,0.084157,0.000000
61.250,0.420783,0.420783,0.000002,0.000000,0.084157,0.000000
61.300,0.420783,0.420783,0.000002,0.000000,0.084157,0.000000
61.350,0.420783,0.420783,0.000002,0.000000,0.084157,0.000000
61.400,0.420783,0.420783,0.000002,0.000000,0.084157,0.000000
61.450,0.420783,0.420783,0.000002,0.000000,0.084157,0.000000
61.500,0.420783,0.420783,0.000002,0.000000,0.084157,0.000000
61.550,0.420783,0.420783,0.000002,0.000000,0.084157,0.000000
61.600,0.420783,0.420783,0.000002,0.000000,0.084157,0.000000
61.650,0.420783,0.420783,0.000002,0.000000,0.084157,0.000000
61.700,0.420783,0.420783,0.000002,0.000000,0.084157,0.000000
61.750,0.420783,0.420783,0.000002,0.000000,0.084157,0.000000
61.800,0.420783,0.420783,0.000002,0.000000,0.084157,0.000000
61.850,0.420783,0.420783,0.000002,0.000000,0.084157,0.000000
61.900,0.420783,0.420783,0.000002,0.000000,0.084157,0.000000
61.950,0.420783,0.420783,0.000002,0.000000,0.084157,0.000000
62.000,0.420783,0.420783,0.000002,0.000000,0.084157,0.000000
62.050,0.420783,0.420783,0.000002,0.000000,0.084157,0.000000
62.100,0.420783,0.420783,0.000002,0.000000,0.084157,0.000000
62.150,0.420783,0.420783,0.000002,0.000000,0.084157,0.000000
62.200,0.420783,0.420783,0.000002,0.000000,0.084157,0.000000
62.250,0.420783,0.420783,0.000002,0.000000,0.084157,0.000000
62.300,0.420783,0.420783,0.000002,0.000000,0.084157,0.000000
62.350,0.420783,0.420783,0.000002,0.000000,0.084157,0.000000
62.400,0.420783,0.420783,0.000002,0.000000,0.084157,0.000000
62.450,0.420783,0.420783,0.000002,0.000000,0.084157,0.000000
62.500,0.420783,0.420783,0.000002,0.000000,0.084157,0.000000
62.550,0.420783,0.420783,0.000002,0.000000,0.084157,0.000000
62.600,0.420783,0.420783,0.000002,0.000000,0.084157,0.000000
62.650,0.420783,0.420783,0.000002,0.000000,0.084157,0.000000
62.700,0.420783,0.420783,0.000002,0.000000,0.084157,0.000000
62.750,0.420783,0.420783,0.000001,0.000000,0.084157,0.000000
62.800,0.420783,0.420783,0.000001,0.000000,0.084157,0.000000
62.850,0.420783,0.420783,0.000001,0.000000,0.084157,0.000000
62.900,0.420783,0.420783,0.000001,0.000000,0.084157,0.000000
62.950,0.420783,0.420783,0.000001,0.000000,0.084157,0.000000
63.000,0.420783,0.420783,0.000001,0.000000,0.084157,0.000000
63.050,0.420783,0.420783,0.000001,0.000000,0.084157,0.000000
63.100,0.420783,0.420783,0.000001,0.000000,0.084157,0.000000
63.150,0.420783,0.420783,0.000001,0.000000,0.084157,0.000000
63.200,0.420783,0.420783,0.000001,0.000000,0.084157,0.000000
63.250,0.420783,0.420783,0.000001,0.000000,0.084157,0.000000
63.300,0.420783,0.420783,0.000001,0.000000,0.084157,0.000000
63.350,0.420783,0.420783,0.000001,0.000000,0.084157,0.000000
63.400,0.420783,0.420783,0.000001,0.000000,0.084157,0.000000
63.450,0.420783,0.420783,0.000001,0.000000,0.084157,0.000000
63.500,0.420783,0.420783,0.000001,0.000000,0.084157,0.000000
63.550,0.420783,0.420783,0.000001,0.000000,0.084157,0.000000
63.600,0.420783,0.420783,0.000001,0.000000,0.084157,0.000000
63.650,0.420783,0.420783,0.000001,0.000000,0.084157,0.000000
63.700,0.420783,0.420783,0.000001,0.000000,0.084157,0.000000
63.750,0.420783,0.420783,0.000001,0.000000,0.084157,0.000000
63.800,0.420783,0.420783,0.000001,0.000000,0.084157,0.000000
63.850,0.420783,0.420783,0.000001,0.000000,0.084157,0.000000
63.900,0.420783,0.420783,0.000001,0.000000,0.084157,0.000000
63.950,0.420783,0.420783,0.000001,0.000000,0.084157,0.000000
64.000,0.420783,0.420783,0.000001,0.000000,0.084157,0.000000
64.050,0.420783,0.420783,0.000001,0.000000,0.084157,0.000000
64.100,0.420783,0.420783,0.000001,0.000000,0.084157,0.000000
64.150,0.420783,0.420783,0.000001,0.000000,0.084157,0.000000
64.200,0.420783,0.420783,0.000001,0.000000,0.084157,0.000000
64.250,0.420783,0.420783,0.000001,0.000000,0.084157,0.000000
64.300,0.420783,0.420783,0.000001,0.000000,0.084157,0.000000
64.350,0.420783,0.420783,0.000001,0.000000,0.084157,0.000000
64.400,0.420783,0.420783,0.000001,0.000000,0.084157,0.000000
64.450,0.420783,0.420783,0.000001,0.000000,0.084157,0.000000
64.500,0.420783,0.420783,0.000001,0.000000,0.084157,0.000000
64.550,0.420783,0.420783,0.000001,0.000000,0.084157,0.000000
64.600,0.420783,0.420783,0.000001,0.000000,0.084157,0.000000
64.650,0.420783,0.420783,0.000001,0.000000,0.084157,0.000000
64.700,0.420783,0.420783,0.000001,0.000000,0.084157,0.000000
64.750,0.420783,0.420783,0.000001,0.000000,0.084157,0.000000
64.800,0.420783,0.420783,0.000001,0.000000,0.084157,0.000000
64.850,0.420783,0.420783,0.000001,0.000000,0.084157,0.000000
64.900,0.420783,0.420783,0.000001,0.000000,0.084157,0.000000
64.950,0.420783,0.420783,0.000001,0.000000,0.084157,0.000000
65.000,0.420783,0.420783,0.000001,0.000000,0.084157,0.000000
65.050,0.420783,0.420783,0.000001,0.000000,0.084157,0.000000
65.100,0.420783,0.420783,0.000001,0.000000,0.084157,0.000000
65.150,0.420783,0.420783,0.000001,0.000000,0.084157,0.000000
65.200,0.420783,0.420783,0.000001,0.000000,0.084157,0.000000
65.250,0.420783,0.420783,0.000001,0.000000,0.084157,0.000000
65.300,0.420783,0.420783,0.000001,0.000000,0.084157,0.000000
65.350,0.420783,0.420783,0.000001,0.000000,0.084157,0.000000
65.400,0.420783,0.420783,0.000001,0.000000,0.084157,0.000000
65.450,0.420783,0.420783,0.000001,0.000000,0.084157,0.000000
65.500,0.420783,0.420783,0.000001,0.000000,0.084157,0.000000
65.550,0.420783,0.420783,0.000001,0.000000,0.084157,0.000000
65.600,0.420783,0.420783,0.000001,0.000000,0.084157,0.000000
65.650,0.420783,0.420783,0.000001,0.000000,0.084157,0.000000
65.700,0.420783,0.420783,0.000001,0.000000,0.084157,0.000000
65.750,0.420783,0.420783,0.000001,0.000000,0.084157,0.000000
65.800,0.420783,0.420783,0.000001,0.000000,0.084157,0.000000
65.850,0.420783,0.420783,0.000001,0.000000,0.084157,0.000000
65.900,0.420783,0.420783,0.000001,0.000000,0.084157,0.000000
65.950,0.420783,0.420783,0.000001,0.000000,0.084157,0.000000
66.000,0.420783,0.420783,0.000001,0.000000,0.084157,0.000000
66.050,0.420783,0.420783,0.000001,0.000000,0.084157,0.000000
66.100,0.420783,0.420783,0.000001,0.000000,0.084157,0.000000
66.150,0.420783,0.420783,0.000001,0.000000,0.084157,0.000000
66.200,0.420783,0.420783,0.000001,0.000000,0.084157,0.000000
66.250,0.420783,0.420783,0.000001,0.000000,0.084157,0.000000
66.300,0.420783,0.420783,0.000001,0.000000,0.084157,0.000000
66.350,0.420783,0.420783,0.000001,0.000000,0.084157,0.000000
66.400,0.420783,0.420783,0.000001,0.000000,0.084157,0.000000
66.450,0.420783,0.420783,0.000001,0.000000,0.084157,0.000000
66.500,0.420783,0.420783,0.000001,0.000000,0.084157,0.000000
66.550,0.420783,0.420783,0.000001,0.000000,0.084157,0.000000
66.600,0.420783,0.420783,0.000001,0.000000,0.084157,0.000000
66.650,0.420783,0.420783,0.000001,0.000000,0.084157,0.000000
66.700,0.420783,0.420783,0.000001,0.000000,0.084157,0.000000
66.750,0.420783,0.420783,0.000001,0.000000,0.084157,0.000000
66.800,0.420783,0.420783,0.000001,0.000000,0.084157,0.000000
66.850,0.420783,0.420783,0.000001,0.000000,0.084157,0.000000
66.900,0.420783,0.420783,0.000001,0.000000,0.084157,0.000000
66.950,0.420783,0.420783,0.000001,0.000000,0.084157,0.000000
67.000,0.420783,0.420783,0.000001,0.000000,0.084157,0.000000
67.050,0.420783,0.420783,0.000001,0.000000,0.084157,0.000000
67.100,0.420783,0.420783,0.000001,0.000000,0.084157,0.000000
67.150,0.420783,0.420783,0.000001,0.000000,0.084157,0.000000
67.200,0.420783,0.420783,0.000001,0.000000,0.084157,0.000000
67.250,0.420783,0.420783,0.000001,0.000000,0.084157,0.000000
67.300,0.420783,0.420783,0.000001,0.000000,0.084157,0.000000
67.350,0.420783,0.420783,0.000001,0.000000,0.084157,0.000000
67.400,0.420783,0.420783,0.000001,0.000000,0.084157,0.000000
67.450,0.420783,0.420783,0.000001,0.000000,0.084157,0.000000
67.500,0.420783,0.420783,0.000001,0.000000,0.084157,0.000000
67.550,0.420783,0.420783,0.000001,0.000000,0.084157,0.000000
67.600,0.420783,0.420783,0.000001,0.000000,0.084157,0.000000
67.650,0.420783,0.420783,0.000001,0.000000,0.084157,0.000000
67.700,0.420783,0.420783,0.000001,0.000000,0.084157,0.000000
67.750,0.420783,0.420783,0.000001,0.000000,0.084157,0.000000
67.800,0.420783,0.420783,0.000001,0.000000,0.084157,0.000000
67.850,0.420783,0.420783,0.000001,0.000000,0.084157,0.000000
67.900,0.420783,0.420783,0.000001,0.000000,0.084157,0.000000
67.950,0.420783,0.420783,0.000001,0.000000,0.084157,0.000000
68.000,0.420783,0.420783,0.000001,0.000000,0.084157,0.000000
68.050,0.420783,0.420783,0.000001,0.000000,0.084157,0.000000
68.100,0.420783,0.420783,0.000001,0.000000,0.084157,0.000000
68.150,0.420783,0.420783,0.000001,0.000000,0.084157,0.000000
68.200,0.420783,0.420783,0.000001,0.000000,0.084157,0.000000
68.250,0.420783,0.420783,0.000000,0.000000,0.084157,0.000000
68.300,0.420783,0.420783,0.000000,0.000000,0.084157,0.000000
68.350,0.420783,0.420783,0.000000,0.000000,0.084157,0.000000
68.400,0.420783,0.420783,0.000000,0.000000,0.084157,0.000000
68.450,0.420783,0.420783,0.000000,0.000000,0.084157,0.000000
68.500,0.420783,0.420783,0.000000,0.000000,0.084157,0.000000
68.550,0.420783,0.420783,0.000000,0.000000,0.084157,0.000000
68.600,0.420783,0.420783,0.000000,0.000000,0.084157,0.000000
68.650,0.420783,0.420783,0.000000,0.000000,0.084157,0.000000
68.700,0.420783,0.420783,0.000000,0.000000,0.084157,0.000000
68.750,0.420783,0.420783,0.000000,0.000000,0.084157,0.000000
68.800,0.420783,0.420783,0.000000,0.000000,0.084157,0.000000
68.850,0.420783,0.420783,0.000000,0.000000,0.084157,0.000000
68.900,0.420783,0.420783,0.000000,0.000000,0.084157,0.000000
68.950,0.420783,0.420783,0.000000,0.000000,0.084157,0.000000
69.000,0.420783,0.420783,0.000000,0.000000,0.084157,0.000000
69.050,0.420783,0.420783,0.000000,0.000000,0.084157,0.000000
69.100,0.420783,0.420783,0.000000,0.000000,0.084157,0.000000
69.150,0.420783,0.420783,0.000000,0.000000,0.084157,0.000000
69.200,0.420783,0.420783,0.000000,0.000000,0.084157,0.000000
69.250,0.420783,0.420783,0.000000,0.000000,0.084157,0.000000
69.300,0.420783,0.420783,0.000000,0.000000,0.084157,0.000000
69.350,0.420783,0.420783,0.000000,0.000000,0.084157,0.000000
69.400,0.420783,0.420783,0.000000,0.000000,0.084157,0.000000
69.450,0.420783,0.420783,0.000000,0.000000,0.084157,0.000000
69.500,0.420783,0.420783,0.000000,0.000000,0.084157,0.000000
69.550,0.420783,0.420783,0.000000,0.000000,0.084157,0.000000
69.600,0.420783,0.420783,0.000000,0.000000,0.084157,0.000000
69.650,0.420783,0.420783,0.000000,0.000000,0.084157,0.000000
69.700,0.420783,0.420783,0.000000,0.000000,0.084157,0.000000
69.750,0.420783,0.420783,0.000000,0.000000,0.084157,0.000000
69.800,0.420783,0.420783,0.000000,0.000000,0.084157,0.000000
69.850,0.420783,0.420783,0.000000,0.000000,0.084157,0.000000
69.900,0.420783,0.420783,0.000000,0.000000,0.084157,0.000000
69.950,0.420783,0.420783,0.000000,0.000000,0.084157,0.000000
70.000,0.420783,0.420783,0.000000,0.000000,0.084157,0.000000
70.050,0.420783,0.420783,0.000000,0.000000,0.084157,0.000000
70.100,0.420783,0.420783,0.000000,0.000000,0.084157,0.000000
70.150,0.420783,0.420783,0.000000,0.000000,0.084157,0.000000
70.200,0.420783,0.420783,0.000000,0.000000,0.084157,0.000000
70.250,0.420783,0.420783,0.000000,0.000000,0.084157,0.000000
70.300,0.420783,0.420783,0.000000,0.000000,0.084157,0.000000
70.350,0.420783,0.420783,0.000000,0.000000,0.084157,0.000000
70.400,0.420783,0.420783,0.000000,0.000000,0.084157,0.000000
70.450,0.420783,0.420783,0.000000,0.000000,0.084157,0.000000
70.500,0.420783,0.420783,0.000000,0.000000,0.084157,0.000000
70.550,0.420783,0.420783,0.000000,0.000000,0.084157,0.000000
70.600,0.420783,0.420783,0.000000,0.000000,0.084157,0.000000
70.650,0.420783,0.420783,0.000000,0.000000,0.084157,0.000000
70.700,0.420783,0.420783,0.000000,0.000000,0.084157,0.000000
70.750,0.420783,0.420783,0.000000,0.000000,0.084157,0.000000
70.800,0.420783,0.420783,0.000000,0.000000,0.084157,0.000000
70.850,0.420783,0.420783,0.000000,0.000000,0.084157,0.000000
70.900,0.420783,0.420783,0.000000,0.000000,0.084157,0.000000
70.950,0.420783,0.420783,0.000000,0.000000,0.084157,0.000000
71.000,0.420783,0.420783,0.000000,0.000000,0.084157,0.000000
71.050,0.420783,0.420783,0.000000,0.000000,0.084157,0.000000
71.100,0.420783,0.420783,0.000000,0.000000,0.084157,0.000000
71.150,0.420783,0.420783,0.000000,0.000000,0.084157,0.000000
71.200,0.420783,0.420783,0.000000,0.000000,0.084157,0.000000
71.250,0.420783,0.420783,0.000000,0.000000,0.084157,0.000000
71.300,0.420783,0.420783,0.000000,0.000000,0.084157,0.000000
71.350,0.420783,0.420783,0.000000,0.000000,0.084157,0.000000
71.400,0.420783,0.420783,0.000000,0.000000,0.084157,0.000000
71.450,0.420783,0.420783,0.000000,0.000000,0.084157,0.000000
71.500,0.420783,0.420783,0.000000,0.000000,0.084157,0.000000
71.550,0.420783,0.420783,0.000000,0.000000,0.084157,0.000000
71.600,0.420783,0.420783,0.000000,0.000000,0.084157,0.000000
71.650,0.420783,0.420783,0.000000,0.000000,0.084157,0.000000
71.700,0.420783,0.420783,0.000000,0.000000,0.084157,0.000000
71.750,0.420783,0.420783,0.000000,0.000000,0.084157,0.000000
71.800,0.420783,0.420783,0.000000,0.000000,0.084157,0.000000
71.850,0.420783,0.420783,0.000000,0.000000,0.084157,0.000000
71.900,0.420783,0.420783,0.000000,0.000000,0.084157,0.000000
71.950,0.420783,0.420783,0.000000,0.000000,0.084157,0.000000
72.000,0.420783,0.420783,0.000000,0.000000,0.084157,0.000000
72.050,0.420783,0.420783,0.000000,0.000000,0.084157,0.000000
72.100,0.420783,0.420783,0.000000,0.000000,0.084157,0.000000
72.150,0.420783,0.420783,0.000000,0.000000,0.084157,0.000000
72.200,0.420783,0.420783,0.000000,0.000000,0.084157,0.000000
72.250,0.420783,0.420783,0.000000,0.000000,0.084157,0.000000
72.300,0.420783,0.420783,0.000000,0.000000,0.084157,0.000000
72.350,0.420783,0.420783,0.000000,0.000000,0.084157,0.000000
72.400,0.420783,0.420783,0.000000,0.000000,0.084157,0.000000
72.450,0.420783,0.420783,0.000000,0.000000,0.084157,0.000000
72.500,0.420783,0.420783,0.000000,0.000000,0.084157,0.000000
72.550,0.420783,0.420783,0.000000,0.000000,0.084157,0.000000
72.600,0.420783,0.420783,0.000000,0.000000,0.084157,0.000000
72.650,0.420783,0.420783,0.000000,0.000000,0.084157,0.000000
72.700,0.420783,0.420783,0.000000,0.000000,0.084157,0.000000
72.750,0.420783,0.420783,0.000000,0.000000,0.084157,0.000000
72.800,0.420783,0.420783,0.000000,0.000000,0.084157,0.000000
72.850,0.420783,0.420783,0.000000,0.000000,0.084157,0.000000
72.900,0.420783,0.420783,0.000000,0.000000,0.084157,0.000000
72.950,0.420783,0.420783,0.000000,0.000000,0.084157,0.000000
73.000,0.420783,0.420783,0.000000,0.000000,0.084157,0.000000
73.050,0.420783,0.420783,0.000000,0.000000,0.084157,0.000000
73.100,0.420783,0.420783,0.000000,0.000000,0.084157,0.000000
73.150,0.420783,0.420783,0.000000,0.000000,0.084157,0.000000
73.200,0.420783,0.420783,0.000000,0.000000,0.084157,0.000000
73.250,0.420783,0.420783,0.000000,0.000000,0.084157,0.000000
73.300,0.420783,0.420783,0.000000,0.000000,0.084157,0.000000
73.350,0.420783,0.420783,0.000000,0.000000,0.084157,0.000000
73.400,0.420783,0.420783,0.000000,0.000000,0.084157,0.000000
73.450,0.420783,0.420783,0.000000,0.000000,0.084157,0.000000
73.500,0.420783,0.420783,0.000000,0.000000,0.084157,0.000000
73.550,0.420783,0.420783,0.000000,0.000000,0.084157,0.000000
73.600,0.420783,0.420783,0.000000,0.000000,0.084157,0.000000
73.650,0.420783,0.420783,0.000000,0.000000,0.084157,0.000000
73.700,0.420783,0.420783,0.000000,0.000000,0.084157,0.000000
73.750,0.420783,0.420783,0.000000,0.000000,0.084157,0.000000
73.800,0.420783,0.420783,0.000000,0.000000,0.084157,0.000000
73.850,0.420783,0.420783,0.000000,0.000000,0.084157,0.000000
73.900,0.420783,0.420783,0.000000,0.000000,0.084157,0.000000
73.950,0.420783,0.420783,0.000000,0.000000,0.084157,0.000000
74.000,0.420783,0.420783,0.000000,0.000000,0.084157,0.000000
74.050,0.420783,0.420783,0.000000,0.000000,0.084157,0.000000
74.100,0.420783,0.420783,0.000000,0.000000,0.084157,0.000000
74.150,0.420783,0.420783,0.000000,0.000000,0.084157,0.000000
74.200,0.420783,0.420783,0.000000,0.000000,0.084157,0.000000
74.250,0.420783,0.420783,0.000000,0.000000,0.084157,0.000000
74.300,0.420783,0.420783,0.000000,0.000000,0.084157,0.000000
74.350,0.420783,0.420783,0.000000,0.000000,0.084157,0.000000
74.400,0.420783,0.420783,0.000000,0.000000,0.084157,0.000000
74.450,0.420783,0.420783,0.000000,0.000000,0.084157,0.000000
74.500,0.420783,0.420783,0.000000,0.000000,0.084157,0.000000
74.550,0.420783,0.420783,0.000000,0.000000,0.084157,0.000000
74.600,0.420783,0.420783,0.000000,0.000000,0.084157,0.000000
74.650,0.420783,0.420783,0.000000,0.000000,0.084157,0.000000
74.700,0.420783,0.420783,0.000000,0.000000,0.084157,0.000000
74.750,0.420783,0.420783,0.000000,0.000000,0.084157,0.000000
74.800,0.420783,0.420783,0.000000,0.000000,0.084157,0.000000
74.850,0.420783,0.420783,0.000000,0.000000,0.084157,0.000000
74.900,0.420783,0.420783,0.000000,0.000000,0.084157,0.000000
74.950,0.420783,0.420783,0.000000,0.000000,0.084157,0.000000
75.000,0.420783,0.420783,0.000000,0.000000,0.084157,0.000000
75.050,0.420783,0.420783,0.000000,0.000000,0.084157,0.000000
75.100,0.420783,0.420783,0.000000,0.000000,0.084157,0.000000
75.150,0.420783,0.420783,0.000000,0.000000,0.084157,0.000000
75.200,0.420783,0.420783,0.000000,0.000000,0.084157,0.000000
75.250,0.420783,0.420783,0.000000,0.000000,0.084157,0.000000
75.300,0.420783,0.420783,0.000000,0.000000,0.084157,0.000000
75.350,0.420783,0.420783,0.000000,0.000000,0.084157,0.000000
75.400,0.420783,0.420783,0.000000,0.000000,0.084157,0.000000
75.450,0.420783,0.420783,0.000000,0.000000,0.084157,0.000000
75.500,0.420783,0.420783,0.000000,0.000000,0.084157,0.000000
75.550,0.420783,0.420783,0.000000,0.000000,0.084157,0.000000
75.600,0.420783,0.420783,0.000000,0.000000,0.084157,0.000000
75.650,0.420783,0.420783,0.000000,0.000000,0.084157,0.000000
75.700,0.420783,0.420783,0.000000,0.000000,0.084157,0.000000
75.750,0.420783,0.420783,0.000000,0.000000,0.084157,0.000000
75.800,0.420783,0.420783,0.000000,0.000000,0.084157,0.000000
75.850,0.420783,0.420783,0.000000,0.000000,0.084157,0.000000
75.900,0.420783,0.420783,0.000000,0.000000,0.084157,0.000000
75.950,0.420783,0.420783,0.000000,0.000000,0.084157,0.000000
76.000,0.420783,0.420783,0.000000,0.000000,0.084157,0.000000
76.050,0.420783,0.420783,0.000000,0.000000,0.084157,0.000000
76.100,0.420783,0.420783,0.000000,0.000000,0.084157,0.000000
76.150,0.420783,0.420783,0.000000,0.000000,0.084157,0.000000
76.200,0.420783,0.420783,0.000000,0.000000,0.084157,0.000000
76.250,0.420783,0.420783,0.000000,0.000000,0.084157,0.000000
76.300,0.420783,0.420783,0.000000,0.000000,0.084157,0.000000
76.350,0.420783,0.420783,0.000000,0.000000,0.084157,0.000000
76.400,0.420783,0.420783,0.000000,0.000000,0.084157,0.000000
76.450,0.420783,0.420783,0.000000,0.000000,0.084157,0.000000
76.500,0.420783,0.420783,0.000000,0.000000,0.084157,0.000000
76.550,0.420783,0.420783,0.000000,0.000000,0.084157,0.000000
76.600,0.420783,0.420783,0.000000,0.000000,0.084157,0.000000
76.650,0.420783,0.420783,0.000000,0.000000,0.084157,0.000000
76.700,0.420783,0.420783,0.000000,0.000000,0.084157,0.000000
76.750,0.420783,0.420783,0.000000,0.000000,0.084157,0.000000
76.800,0.420783,0.420783,0.000000,0.000000,0.084157,0.000000
76.850,0.420783,0.420783,0.000000,0.000000,0.084157,0.000000
76.900,0.420783,0.420783,0.000000,0.000000,0.084157,0.000000
76.950,0.420783,0.420783,0.000000,0.000000,0.084157,0.000000
77.000,0.420783,0.420783,0.000000,0.000000,0.084157,0.000000
77.050,0.420783,0.420783,0.000000,0.000000,0.084157,0.000000
77.100,0.420783,0.420783,0.000000,0.000000,0.084157,0.000000
77.150,0.420783,0.420783,0.000000,0.000000,0.084157,0.000000
77.200,0.420783,0.420783,0.000000,0.000000,0.084157,0.000000
77.250,0.420783,0.420783,0.000000,0.000000,0.084157,0.000000
77.300,0.420783,0.420783,0.000000,0.000000,0.084157,0.000000
77.350,0.420783,0.420783,0.000000,0.000000,0.084157,0.000000
77.400,0.420783,0.420783,0.000000,0.000000,0.084157,0.000000
77.450,0.420783,0.420783,0.000000,0.000000,0.084157,0.000000
77.500,0.420783,0.420783,0.000000,0.000000,0.084157,0.000000
77.550,0.420783,0.420783,0.000000,0.000000,0.084157,0.000000
77.600,0.420783,0.420783,0.000000,0.000000,0.084157,0.000000
77.650,0.420783,0.420783,0.000000,0.000000,0.084157,0.000000
77.700,0.420783,0.420783,0.000000,0.000000,0.084157,0.000000
77.750,0.420783,0.420783,0.000000,0.000000,0.084157,0.000000
77.800,0.420783,0.420783,0.000000,0.000000,0.084157,0.000000
77.850,0.420783,0.420783,0.000000,0.000000,0.084157,0.000000
77.900,0.420783,0.420783,0.000000,0.000000,0.084157,0.000000
77.950,0.420783,0.420783,0.000000,0.000000,0.084157,0.000000
78.000,0.420783,0.420783,0.000000,0.000000,0.084157,0.000000
78.050,0.420783,0.420783,0.000000,0.000000,0.084157,0.000000
78.100,0.420783,0.420783,0.000000,0.000000,0.084157,0.000000
78.150,0.420783,0.420783,0.000000,0.000000,0.084157,0.000000
78.200,0.420783,0.420783,0.000000,0.000000,0.084157,0.000000
78.250,0.420783,0.420783,0.000000,0.000000,0.084157,0.000000
78.300,0.420783,0.420783,0.000000,0.000000,0.084157,0.000000
78.350,0.420783,0.420783,0.000000,0.000000,0.084157,0.000000
78.400,0.420783,0.420783,0.000000,0.000000,0.084157,0.000000
78.450,0.420783,0.420783,0.000000,0.000000,0.084157,0.000000
78.500,0.420783,0.420783,0.000000,0.000000,0.084157,0.000000
78.550,0.420783,0.420783,0.000000,0.000000,0.084157,0.000000
78.600,0.420783,0.420783,0.000000,0.000000,0.084157,0.000000
78.650,0.420783,0.420783,0.000000,0.000000,0.084157,0.000000
78.700,0.420783,0.420783,0.000000,0.000000,0.084157,0.000000
78.750,0.420783,0.420783,0.000000,0.000000,0.084157,0.000000
78.800,0.420783,0.420783,0.000000,0.000000,0.084157,0.000000
78.850,0.420783,0.420783,0.000000,0.000000,0.084157,0.000000
78.900,0.420783,0.420783,0.000000,0.000000,0.084157,0.000000
78.950,0.420783,0.420783,0.000000,0.000000,0.084157,0.000000
79.000,0.420783,0.420783,0.000000,0.000000,0.084157,0.000000
79.050,0.420783,0.420783,0.000000,0.000000,0.084157,0.000000
79.100,0.420783,0.420783,0.000000,0.000000,0.084157,0.000000
79.150,0.420783,0.420783,0.000000,0.000000,0.084157,0.000000
79.200,0.420783,0.420783,0.000000,0.000000,0.084157,0.000000
79.250,0.420783,0.420783,0.000000,0.000000,0.084157,0.000000
79.300,0.420783,0.420783,0.000000,0.000000,0.084157,0.000000
79.350,0.420783,0.420783,0.000000,0.000000,0.084157,0.000000
79.400,0.420783,0.420783,0.000000,0.000000,0.084157,0.000000
79.450,0.420783,0.420783,0.000000,0.000000,0.084157,0.000000
79.500,0.420783,0.420783,0.000000,0.000000,0.084157,0.000000
79.550,0.420783,0.420783,0.000000,0.000000,0.084157,0.000000
79.600,0.420783,0.420783,0.000000,0.000000,0.084157,0.000000
79.650,0.420783,0.420783,0.000000,0.000000,0.084157,0.000000
79.700,0.420783,0.420783,0.000000,0.000000,0.084157,0.000000
79.750,0.420783,0.420783,0.000000,0.000000,0.084157,0.000000
79.800,0.420783,0.420783,0.000000,0.000000,0.084157,0.000000
79.850,0.420783,0.420783,0.000000,0.000000,0.084157,0.000000
79.900,0.420783,0.420783,0.000000,0.000000,0.084157,0.000000
79.950,0.420783,0.420783,0.000000,0.000000,0.084157,0.000000
80.000,0.420783,0.420783,0.000000,0.000000,0.084157,0.000000
80.050,0.420783,0.420783,0.000000,0.000000,0.084157,0.000000
80.100,0.420783,0.420783,0.000000,0.000000,0.084157,0.000000
80.150,0.420783,0.420783,0.000000,0.000000,0.084157,0.000000
80.200,0.420783,0.420783,0.000000,0.000000,0.084157,0.000000
80.250,0.420783,0.420783,0.000000,0.000000,0.084157,0.000000
80.300,0.420783,0.420783,0.000000,0.000000,0.084157,0.000000
80.350,0.420783,0.420783,0.000000,0.000000,0.084157,0.000000
80.400,0.420783,0.420783,0.000000,0.000000,0.084157,0.000000
80.450,0.420783,0.420783,0.000000,0.000000,0.084157,0.000000
80.500,0.420783,0.420783,0.000000,0.000000,0.084157,0.000000
80.550,0.420783,0.420783,0.000000,0.000000,0.084157,0.000000
80.600,0.420783,0.420783,0.000000,0.000000,0.084157,0.000000
80.650,0.420783,0.420783,0.000000,0.000000,0.084157,0.000000
80.700,0.420783,0.420783,0.000000,0.000000,0.084157,0.000000
80.750,0.420783,0.420783,0.000000,0.000000,0.084157,0.000000
80.800,0.420783,0.420783,0.000000,0.000000,0.084157,0.000000
80.850,0.420783,0.420783,0.000000,0.000000,0.084157,0.000000
80.900,0.420783,0.420783,0.000000,0.000000,0.084157,0.000000
80.950,0.420783,0.420783,0.000000,0.000000,0.084157,0.000000
81.000,0.420783,0.420783,0.000000,0.000000,0.084157,0.000000
81.050,0.420783,0.420783,0.000000,0.000000,0.084157,0.000000
81.100,0.420783,0.420783,0.000000,0.000000,0.084157,0.000000
81.150,0.420783,0.420783,0.000000,0.000000,0.084157,0.000000
81.200,0.420783,0.420783,0.000000,0.000000,0.084157,0.000000
81.250,0.420783,0.420783,0.000000,0.000000,0.084157,0.000000
81.300,0.420783,0.420783,0.000000,0.000000,0.084157,0.000000
81.350,0.420783,0.420783,0.000000,0.000000,0.084157,0.000000
81.400,0.420783,0.420783,0.000000,0.000000,0.084157,0.000000
81.450,0.420783,0.420783,0.000000,0.000000,0.084157,0.000000
81.500,0.420783,0.420783,0.000000,0.000000,0.084157,0.000000
81.550,0.420783,0.420783,0.000000,0.000000,0.084157,0.000000
81.600,0.420783,0.420783,0.000000,0.000000,0.084157,0.000000
81.650,0.420783,0.420783,0.000000,0.000000,0.084157,0.000000
81.700,0.420783,0.420783,0.000000,0.000000,0.084157,0.000000
81.750,0.420783,0.420783,0.000000,0.000000,0.084157,0.000000
81.800,0.420783,0.420783,0.000000,0.000000,0.084157,0.000000
81.850,0.420783,0.420783,0.000000,0.000000,0.084157,0.000000
81.900,0.420783,0.420783,0.000000,0.000000,0.084157,0.000000
81.950,0.420783,0.420783,0.000000,0.000000,0.084157,0.000000
82.000,0.420783,0.420783,0.000000,0.000000,0.084157,0.000000
82.050,0.420783,0.420783,0.000000,0.000000,0.084157,0.000000
82.100,0.420783,0.420783,0.000000,0.000000,0.084157,0.000000
82.150,0.420783,0.420783,0.000000,0.000000,0.084157,0.000000
82.200,0.420783,0.420783,0.000000,0.000000,0.084157,0.000000
82.250,0.420783,0.420783,0.000000,0.000000,0.084157,0.000000
82.300,0.420783,0.420783,0.000000,0.000000,0.084157,0.000000
82.350,0.420783,0.420783,0.000000,0.000000,0.084157,0.000000
82.400,0.420783,0.420783,0.000000,0.000000,0.084157,0.000000
82.450,0.420783,0.420783,0.000000,0.000000,0.084157,0.000000
82.500,0.420783,0.420783,0.000000,0.000000,0.084157,0.000000
82.550,0.420783,0.420783,0.000000,0.000000,0.084157,0.000000
82.600,0.420783,0.420783,0.000000,0.000000,0.084157,0.000000
82.650,0.420783,0.420783,0.000000,0.000000,0.084157,0.000000
82.700,0.420783,0.420783,0.000000,0.000000,0.084157,0.000000
82.750,0.420783,0.420783,0.000000,0.000000,0.084157,0.000000
82.800,0.420783,0.420783,0.000000,0.000000,0.084157,0.000000
82.850,0.420783,0.420783,0.000000,0.000000,0.084157,0.000000
82.900,0.420783,0.420783,0.000000,0.000000,0.084157,0.000000
82.950,0.420783,0.420783,0.000000,0.000000,0.084157,0.000000
83.000,0.420783,0.420783,0.000000,0.000000,0.084157,0.000000
83.050,0.420783,0.420783,0.000000,0.000000,0.084157,0.000000
83.100,0.420783,0.420783,0.000000,0.000000,0.084157,0.000000
83.150,0.420783,0.420783,0.000000,0.000000,0.084157,0.000000
83.200,0.420783,0.420783,0.000000,0.000000,0.084157,0.000000
83.250,0.420783,0.420783,0.000000,0.000000,0.084157,0.000000
83.300,0.420783,0.420783,0.000000,0.000000,0.084157,0.000000
83.350,0.420783,0.420783,0.000000,0.000000,0.084157,0.000000
83.400,0.420783,0.420783,0.000000,0.000000,0.084157,0.000000
83.450,0.420783,0.420783,0.000000,0.000000,0.084157,0.000000
83.500,0.420783,0.420783,0.000000,0.000000,0.084157,0.000000
83.550,0.420783,0.420783,0.000000,0.000000,0.084157,0.000000
83.600,0.420783,0.420783,0.000000,0.000000,0.084157,0.000000
83.650,0.420783,0.420783,0.000000,0.000000,0.084157,0.000000
83.700,0.420783,0.420783,0.000000,0.000000,0.084157,0.000000
83.750,0.420783,0.420783,0.000000,0.000000,0.084157,0.000000
83.800,0.420783,0.420783,0.000000,0.000000,0.084157,0.000000
83.850,0.420783,0.420783,0.000000,0.000000,0.084157,0.000000
83.900,0.420783,0.420783,0.000000,0.000000,0.084157,0.000000
83.950,0.420783,0.420783,0.000000,0.000000,0.084157,0.000000
84.000,0.420783,0.420783,0.000000,0.000000,0.084157,0.000000
84.050,0.420783,0.420783,0.000000,0.000000,0.084157,0.000000
84.100,0.420783,0.420783,0.000000,0.000000,0.084157,0.000000
84.150,0.420783,0.420783,0.000000,0.000000,0.084157,0.000000
84.200,0.420783,0.420783,0.000000,0.000000,0.084157,0.000000
84.250,0.420783,0.420783,0.000000,0.000000,0.084157,0.000000
84.300,0.420783,0.420783,0.000000,0.000000,0.084157,0.000000
84.350,0.420783,0.420783,0.000000,0.000000,0.084157,0.000000
84.400,0.420783,0.420783,0.000000,0.000000,0.084157,0.000000
84.450,0.420783,0.420783,0.000000,0.000000,0.084157,0.000000
84.500,0.420783,0.420783,0.000000,0.000000,0.084157,0.000000
84.550,0.420783,0.420783,0.000000,0.000000,0.084157,0.000000
84.600,0.420783,0.420783,0.000000,0.000000,0.084157,0.000000
84.650,0.420783,0.420783,0.000000,0.000000,0.084157,0.000000
84.700,0.420783,0.420783,0.000000,0.000000,0.084157,0.000000
84.750,0.420783,0.420783,0.000000,0.000000,0.084157,0.000000
84.800,0.420783,0.420783,0.000000,0.000000,0.084157,0.000000
84.850,0.420783,0.420783,0.000000,0.000000,0.084157,0.000000
84.900,0.420783,0.420783,0.000000,0.000000,0.084157,0.000000
84.950,0.420783,0.420783,0.000000,0.000000,0.084157,0.000000
85.000,0.420783,0.420783,0.000000,0.000000,0.084157,0.000000
85.050,0.420783,0.420783,0.000000,0.000000,0.084157,0.000000
85.100,0.420783,0.420783,0.000000,0.000000,0.084157,0.000000
85.150,0.420783,0.420783,0.000000,0.000000,0.084157,0.000000
85.200,0.420783,0.420783,0.000000,0.000000,0.084157,0.000000
85.250,0.420783,0.420783,0.000000,0.000000,0.084157,0.000000
85.300,0.420783,0.420783,0.000000,0.000000,0.084157,0.000000
85.350,0.420783,0.420783,0.000000,0.000000,0.084157,0.000000
85.400,0.420783,0.420783,0.000000,0.000000,0.084157,0.000000
85.450,0.420783,0.420783,0.000000,0.000000,0.084157,0.000000
85.500,0.420783,0.420783,0.000000,0.000000,0.084157,0.000000
85.550,0.420783,0.420783,0.000000,0.000000,0.084157,0.000000
85.600,0.420783,0.420783,0.000000,0.000000,0.084157,0.000000
85.650,0.420783,0.420783,0.000000,0.000000,0.084157,0.000000
85.700,0.420783,0.420783,0.000000,0.000000,0.084157,0.000000
85.750,0.420783,0.420783,0.000000,0.000000,0.084157,0.000000
85.800,0.420783,0.420783,0.000000,0.000000,0.084157,0.000000
85.850,0.420783,0.420783,0.000000,0.000000,0.084157,0.000000
85.900,0.420783,0.420783,0.000000,0.000000,0.084157,0.000000
85.950,0.420783,0.420783,0.000000,0.000000,0.084157,0.000000
86.000,0.420783,0.420783,0.000000,0.000000,0.084157,0.000000
86.050,0.420783,0.420783,0.000000,0.000000,0.084157,0.000000
86.100,0.420783,0.420783,0.000000,0.000000,0.084157,0.000000
86.150,0.420783,0.420783,0.000000,0.000000,0.084157,0.000000
86.200,0.420783,0.420783,0.000000,0.000000,0.084157,0.000000
86.250,0.420783,0.420783,0.000000,0.000000,0.084157,0.000000
86.300,0.420783,0.420783,0.000000,0.000000,0.084157,0.000000
86.350,0.420783,0.420783,0.000000,0.000000,0.084157,0.000000
86.400,0.420783,0.420783,0.000000,0.000000,0.084157,0.000000
86.450,0.420783,0.420783,0.000000,0.000000,0.084157,0.000000
86.500,0.420783,0.420783,0.000000,0.000000,0.084157,0.000000
86.550,0.420783,0.420783,0.000000,0.000000,0.084157,0.000000
86.600,0.420783,0.420783,0.000000,0.000000,0.084157,0.000000
86.650,0.420783,0.420783,0.000000,0.000000,0.084157,0.000000
86.700,0.420783,0.420783,0.000000,0.000000,0.084157,0.000000
86.750,0.420783,0.420783,0.000000,0.000000,0.084157,0.000000
86.800,0.420783,0.420783,0.000000,0.000000,0.084157,0.000000
86.850,0.420783,0.420783,0.000000,0.000000,0.084157,0.000000
86.900,0.420783,0.420783,0.000000,0.000000,0.084157,0.000000
86.950,0.420783,0.420783,0.000000,0.000000,0.084157,0.000000
87.000,0.420783,0.420783,0.000000,0.000000,0.084157,0.000000
87.050,0.420783,0.420783,0.000000,0.000000,0.084157,0.000000
87.100,0.420783,0.420783,0.000000,0.000000,0.084157,0.000000
87.150,0.420783,0.420783,0.000000,0.000000,0.084157,0.000000
87.200,0.420783,0.420783,0.000000,0.000000,0.084157,0.000000
87.250,0.420783,0.420783,0.000000,0.000000,0.084157,0.000000
87.300,0.420783,0.420783,0.000000,0.000000,0.084157,0.000000
87.350,0.420783,0.420783,0.000000,0.000000,0.084157,0.000000
87.400,0.420783,0.420783,0.000000,0.000000,0.084157,0.000000
87.450,0.420783,0.420783,0.000000,0.000000,0.084157,0.000000
87.500,0.420783,0.420783,0.000000,0.000000,0.084157,0.000000
87.550,0.420783,0.420783,0.000000,0.000000,0.084157,0.000000
87.600,0.420783,0.420783,0.000000,0.000000,0.084157,0.000000
87.650,0.420783,0.420783,0.000000,0.000000,0.084157,0.000000
87.700,0.420783,0.420783,0.000000,0.000000,0.084157,0.000000
87.750,0.420783,0.420783,0.000000,0.000000,0.084157,0.000000
87.800,0.420783,0.420783,0.000000,0.000000,0.084157,0.000000
87.850,0.420783,0.420783,0.000000,0.000000,0.084157,0.000000
87.900,0.420783,0.420783,0.000000,0.000000,0.084157,0.000000
87.950,0.420783,0.420783,0.000000,0.000000,0.084157,0.000000
88.000,0.420783,0.420783,0.000000,0.000000,0.084157,0.000000
88.050,0.420783,0.420783,0.000000,0.000000,0.084157,0.000000
88.100,0.420783,0.420783,0.000000,0.000000,0.084157,0.000000
88.150,0.420783,0.420783,0.000000,0.000000,0.084157,0.000000
88.200,0.420783,0.420783,0.000000,0.000000,0.084157,0.000000
88.250,0.420783,0.420783,0.000000,0.000000,0.084157,0.000000
88.300,0.420783,0.420783,0.000000,0.000000,0.084157,0.000000
88.350,0.420783,0.420783,0.000000,0.000000,0.084157,0.000000
88.400,0.420783,0.420783,0.000000,0.000000,0.084157,0.000000
88.450,0.420783,0.420783,0.000000,0.000000,0.084157,0.000000
88.500,0.420783,0.420783,0.000000,0.000000,0.084157,0.000000
88.550,0.420783,0.420783,0.000000,0.000000,0.084157,0.000000
88.600,0.420783,0.420783,0.000000,0.000000,0.084157,0.000000
88.650,0.420783,0.420783,0.000000,0.000000,0.084157,0.000000
88.700,0.420783,0.420783,0.000000,0.000000,0.084157,0.000000
88.750,0.420783,0.420783,0.000000,0.000000,0.084157,0.000000
88.800,0.420783,0.420783,0.000000,0.000000,0.084157,0.000000
88.850,0.420783,0.420783,0.000000,0.000000,0.084157,0.000000
88.900,0.420783,0.420783,0.000000,0.000000,0.084157,0.000000
88.950,0.420783,0.420783,0.000000,0.000000,0.084157,0.000000
89.000,0.420783,0.420783,0.000000,0.000000,0.084157,0.000000
89.050,0.420783,0.420783,0.000000,0.000000,0.084157,0.000000
89.100,0.420783,0.420783,0.000000,0.000000,0.084157,0.000000
89.150,0.420783,0.420783,0.000000,0.000000,0.084157,0.000000
89.200,0.420783,0.420783,0.000000,0.000000,0.084157,0.000000
89.250,0.420783,0.420783,0.000000,0.000000,0.084157,0.000000
89.300,0.420783,0.420783,0.000000,0.000000,0.084157,0.000000
89.350,0.420783,0.420783,0.000000,0.000000,0.084157,0.000000
89.400,0.420783,0.420783,0.000000,0.000000,0.084157,0.000000
89.450,0.420783,0.420783,0.000000,0.000000,0.084157,0.000000
89.500,0.420783,0.420783,0.000000,0.000000,0.084157,0.000000
89.550,0.420783,0.420783,0.000000,0.000000,0.084157,0.000000
89.600,0.420783,0.420783,0.000000,0.000000,0.084157,0.000000
89.650,0.420783,0.420783,0.000000,0.000000,0.084157,0.000000
89.700,0.420783,0.420783,0.000000,0.000000,0.084157,0.000000
89.750,0.420783,0.420783,0.000000,0.000000,0.084157,0.000000
89.800,0.420783,0.420783,0.000000,0.000000,0.084157,0.000000
89.850,0.420783,0.420783,0.000000,0.000000,0.084157,0.000000
89.900,0.420783,0.420783,0.000000,0.000000,0.084157,0.000000
89.950,0.420783,0.420783,0.000000,0.000000,0.084157,0.000000
90.000,0.420783,0.420783,0.000000,0.000000,0.084157,0.000000
90.050,0.420783,0.420783,0.000000,0.000000,0.084157,0.000000
90.100,0.420783,0.420783,0.000000,0.000000,0.084157,0.000000
90.150,0.420783,0.420783,0.000000,0.000000,0.084157,0.000000
90.200,0.420783,0.420783,0.000000,0.000000,0.084157,0.000000
90.250,0.420783,0.420783,0.000000,0.000000,0.084157,0.000000
90.300,0.420783,0.420783,0.000000,0.000000,0.084157,0.000000
90.350,0.420783,0.420783,0.000000,0.000000,0.084157,0.000000
90.400,0.420783,0.420783,0.000000,0.000000,0.084157,0.000000
90.450,0.420783,0.420783,0.000000,0.000000,0.084157,0.000000
90.500,0.420783,0.420783,0.000000,0.000000,0.084157,0.000000
90.550,0.420783,0.420783,0.000000,0.000000,0.084157,0.000000
90.600,0.420783,0.420783,0.000000,0.000000,0.084157,0.000000
90.650,0.420783,0.420783,0.000000,0.000000,0.084157,0.000000
90.700,0.420783,0.420783,0.000000,0.000000,0.084157,0.000000
90.750,0.420783,0.420783,0.000000,0.000000,0.084157,0.000000
90.800,0.420783,0.420783,0.000000,0.000000,0.084157,0.000000
90.850,0.420783,0.420783,0.000000,0.000000,0.084157,0.000000
90.900,0.420783,0.420783,0.000000,0.000000,0.084157,0.000000
90.950,0.420783,0.420783,0.000000,0.000000,0.084157,0.000000
91.000,0.420783,0.420783,0.000000,0.000000,0.084157,0.000000
91.050,0.420783,0.420783,0.000000,0.000000,0.084157,0.000000
91.100,0.420783,0.420783,0.000000,0.000000,0.084157,0.000000
91.150,0.420783,0.420783,0.000000,0.000000,0.084157,0.000000
91.200,0.420783,0.420783,0.000000,0.000000,0.084157,0.000000
91.250,0.420783,0.420783,0.000000,0.000000,0.084157,0.000000
91.300,0.420783,0.420783,0.000000,0.000000,0.084157,0.000000
91.350,0.420783,0.420783,0.000000,0.000000,0.084157,0.000000
91.400,0.420783,0.420783,0.000000,0.000000,0.084157,0.000000
91.450,0.420783,0.420783,0.000000,0.000000,0.084157,0.000000
91.500,0.420783,0.420783,0.000000,0.000000,0.084157,0.000000
91.550,0.420783,0.420783,0.000000,0.000000,0.084157,0.000000
91.600,0.420783,0.420783,0.000000,0.000000,0.084157,0.000000
91.650,0.420783,0.420783,0.000000,0.000000,0.084157,0.000000
91.700,0.420783,0.420783,0.000000,0.000000,0.084157,0.000000
91.750,0.420783,0.420783,0.000000,0.000000,0.084157,0.000000
91.800,0.420783,0.420783,0.000000,0.000000,0.084157,0.000000
91.850,0.420783,0.420783,0.000000,0.000000,0.084157,0.000000
91.900,0.420783,0.420783,0.000000,0.000000,0.084157,0.000000
91.950,0.420783,0.420783,0.000000,0.000000,0.084157,0.000000
92.000,0.420783,0.420783,0.000000,0.000000,0.084157,0.000000
92.050,0.420783,0.420783,0.000000,0.000000,0.084157,0.000000
92.100,0.420783,0.420783,0.000000,0.000000,0.084157,0.000000
92.150,0.420783,0.420783,0.000000,0.000000,0.084157,0.000000
92.200,0.420783,0.420783,0.000000,0.000000,0.084157,0.000000
92.250,0.420783,0.420783,0.000000,0.000000,0.084157,0.000000
92.300,0.420783,0.420783,0.000000,0.000000,0.084157,0.000000
92.350,0.420783,0.420783,0.000000,0.000000,0.084157,0.000000
92.400,0.420783,0.420783,0.000000,0.000000,0.084157,0.000000
92.450,0.420783,0.420783,0.000000,0.000000,0.084157,0.000000
92.500,0.420783,0.420783,0.000000,0.000000,0.084157,0.000000
92.550,0.420783,0.420783,0.000000,0.000000,0.084157,0.000000
92.600,0.420783,0.420783,0.000000,0.000000,0.084157,0.000000
92.650,0.420783,0.420783,0.000000,0.000000,0.084157,0.000000
92.700,0.420783,0.420783,0.000000,0.000000,0.084157,0.000000
92.750,0.420783,0.420783,0.000000,0.000000,0.084157,0.000000
92.800,0.420783,0.420783,0.000000,0.000000,0.084157,0.000000
92.850,0.420783,0.420783,0.000000,0.000000,0.084157,0.000000
92.900,0.420783,0.420783,0.000000,0.000000,0.084157,0.000000
92.950,0.420783,0.420783,0.000000,0.000000,0.084157,0.000000
93.000,0.420783,0.420783,0.000000,0.000000,0.084157,0.000000
93.050,0.420783,0.420783,0.000000,0.000000,0.084157,0.000000
93.100,0.420783,0.420783,0.000000,0.000000,0.084157,0.000000
93.150,0.420783,0.420783,0.000000,0.000000,0.084157,0.000000
93.200,0.420783,0.420783,0.000000,0.000000,0.084157,0.000000
93.250,0.420783,0.420783,0.000000,0.000000,0.084157,0.000000
93.300,0.420783,0.420783,0.000000,0.000000,0.084157,0.000000
93.350,0.420783,0.420783,0.000000,0.000000,0.084157,0.000000
93.400,0.420783,0.420783,0.000000,0.000000,0.084157,0.000000
93.450,0.420783,0.420783,0.000000,0.000000,0.084157,0.000000
93.500,0.420783,0.420783,0.000000,0.000000,0.084157,0.000000
93.550,0.420783,0.420783,0.000000,0.000000,0.084157,0.000000
93.600,0.420783,0.420783,0.000000,0.000000,0.084157,0.000000
93.650,0.420783,0.420783,0.000000,0.000000,0.084157,0.000000
93.700,0.420783,0.420783,0.000000,0.000000,0.084157,0.000000
93.750,0.420783,0.420783,0.000000,0.000000,0.084157,0.000000
93.800,0.420783,0.420783,0.000000,0.000000,0.084157,0.000000
93.850,0.420783,0.420783,0.000000,0.000000,0.084157,0.000000
93.900,0.420783,0.420783,0.000000,0.000000,0.084157,0.000000
93.950,0.420783,0.420783,0.000000,0.000000,0.084157,0.000000
94.000,0.420783,0.420783,0.000000,0.000000,0.084157,0.000000
94.050,0.420783,0.420783,0.000000,0.000000,0.084157,0.000000
94.100,0.420783,0.420783,0.000000,0.000000,0.084157,0.000000
94.150,0.420783,0.420783,0.000000,0.000000,0.084157,0.000000
94.200,0.420783,0.420783,0.000000,0.000000,0.084157,0.000000
94.250,0.420783,0.420783,0.000000,0.000000,0.084157,0.000000
94.300,0.420783,0.420783,0.000000,0.000000,0.084157,0.000000
94.350,0.420783,0.420783,0.000000,0.000000,0.084157,0.000000
94.400,0.420783,0.420783,0.000000,0.000000,0.084157,0.000000
94.450,0.420783,0.420783,0.000000,0.000000,0.084157,0.000000
94.500,0.420783,0.420783,0.000000,0.000000,0.084157,0.000000
94.550,0.420783,0.420783,0.000000,0.000000,0.084157,0.000000
94.600,0.420783,0.420783,0.000000,0.000000,0.084157,0.000000
94.650,0.420783,0.420783,0.000000,0.000000,0.084157,0.000000
94.700,0.420783,0.420783,0.000000,0.000000,0.084157,0.000000
94.750,0.420783,0.420783,0.000000,0.000000,0.084157,0.000000
94.800,0.420783,0.420783,0.000000,0.000000,0.084157,0.000000
94.850,0.420783,0.420783,0.000000,0.000000,0.084157,0.000000
94.900,0.420783,0.420783,0.000000,0.000000,0.084157,0.000000
94.950,0.420783,0.420783,0.000000,0.000000,0.084157,0.000000
95.000,0.420783,0.420783,0.000000,0.000000,0.084157,0.000000
95.050,0.420783,0.420783,0.000000,0.000000,0.084157,0.000000
95.100,0.420783,0.420783,0.000000,0.000000,0.084157,0.000000
95.150,0.420783,0.420783,0.000000,0.000000,0.084157,0.000000
95.200,0.420783,0.420783,0.000000,0.000000,0.084157,0.000000
95.250,0.420783,0.420783,0.000000,0.000000,0.084157,0.000000
95.300,0.420783,0.420783,0.000000,0.000000,0.084157,0.000000
95.350,0.420783,0.420783,0.000000,0.000000,0.084157,0.000000
95.400,0.420783,0.420783,0.000000,0.000000,0.084157,0.000000
95.450,0.420783,0.420783,0.000000,0.000000,0.084157,0.000000
95.500,0.420783,0.420783,0.000000,0.000000,0.084157,0.000000
95.550,0.420783,0.420783,0.000000,0.000000,0.084157,0.000000
95.600,0.420783,0.420783,0.000000,0.000000,0.084157,0.000000
95.650,0.420783,0.420783,0.000000,0.000000,0.084157,0.000000
95.700,0.420783,0.420783,0.000000,0.000000,0.084157,0.000000
95.750,0.420783,0.420783,0.000000,0.000000,0.084157,0.000000
95.800,0.420783,0.420783,0.000000,0.000000,0.084157,0.000000
95.850,0.420783,0.420783,0.000000,0.000000,0.084157,0.000000
95.900,0.420783,0.420783,0.000000,0.000000,0.084157,0.000000
95.950,0.420783,0.420783,0.000000,0.000000,0.084157,0.000000
96.000,0.420783,0.420783,0.000000,0.000000,0.084157,0.000000
96.050,0.420783,0.420783,0.000000,0.000000,0.084157,0.000000
96.100,0.420783,0.420783,0.000000,0.000000,0.084157,0.000000
96.150,0.420783,0.420783,0.000000,0.000000,0.084157,0.000000
96.200,0.420783,0.420783,0.000000,0.000000,0.084157,0.000000
96.250,0.420783,0.420783,0.000000,0.000000,0.084157,0.000000
96.300,0.420783,0.420783,0.000000,0.000000,0.084157,0.000000
96.350,0.420783,0.420783,0.000000,0.000000,0.084157,0.000000
96.400,0.420783,0.420783,0.000000,0.000000,0.084157,0.000000
96.450,0.420783,0.420783,0.000000,0.000000,0.084157,0.000000
96.500,0.420783,0.420783,0.000000,0.000000,0.084157,0.000000
96.550,0.420783,0.420783,0.000000,0.000000,0.084157,0.000000
96.600,0.420783,0.420783,0.000000,0.000000,0.084157,0.000000
96.650,0.420783,0.420783,0.000000,0.000000,0.084157,0.000000
96.700,0.420783,0.420783,0.000000,0.000000,0.084157,0.000000
96.750,0.420783,0.420783,0.000000,0.000000,0.084157,0.000000
96.800,0.420783,0.420783,0.000000,0.000000,0.084157,0.000000
96.850,0.420783,0.420783,0.000000,0.000000,0.084157,0.000000
96.900,0.420783,0.420783,0.000000,0.000000,0.084157,0.000000
96.950,0.420783,0.420783,0.000000,0.000000,0.084157,0.000000
97.000,0.420783,0.420783,0.000000,0.000000,0.084157,0.000000
97.050,0.420783,0.420783,0.000000,0.000000,0.084157,0.000000
97.100,0.420783,0.420783,0.000000,0.000000,0.084157,0.000000
97.150,0.420783,0.420783,0.000000,0.000000,0.084157,0.000000
97.200,0.420783,0.420783,0.000000,0.000000,0.084157,0.000000
97.250,0.420783,0.420783,0.000000,0.000000,0.084157,0.000000
97.300,0.420783,0.420783,0.000000,0.000000,0.084157,0.000000
97.350,0.420783,0.420783,0.000000,0.000000,0.084157,0.000000
97.400,0.420783,0.420783,0.000000,0.000000,0.084157,0.000000
97.450,0.420783,0.420783,0.000000,0.000000,0.084157,0.000000
97.500,0.420783,0.420783,0.000000,0.000000,0.084157,0.000000
97.550,0.420783,0.420783,0.000000,0.000000,0.084157,0.000000
97.600,0.420783,0.420783,0.000000,0.000000,0.084157,0.000000
97.650,0.420783,0.420783,0.000000,0.000000,0.084157,0.000000
97.700,0.420783,0.420783,0.000000,0.000000,0.084157,0.000000
97.750,0.420783,0.420783,0.000000,0.000000,0.084157,0.000000
97.800,0.420783,0.420783,0.000000,0.000000,0.084157,0.000000
97.850,0.420783,0.420783,0.000000,0.000000,0.084157,0.000000
97.900,0.420783,0.420783,0.000000,0.000000,0.084157,0.000000
97.950,0.420783,0.420783,0.000000,0.000000,0.084157,0.000000
98.000,0.420783,0.420783,0.000000,0.000000,0.084157,0.000000
98.050,0.420783,0.420783,0.000000,0.000000,0.084157,0.000000
98.100,0.420783,0.420783,0.000000,0.000000,0.084157,0.000000
98.150,0.420783,0.420783,0.000000,0.000000,0.084157,0.000000
98.200,0.420783,0.420783,0.000000,0.000000,0.084157,0.000000
98.250,0.420783,0.420783,0.000000,0.000000,0.084157,0.000000
98.300,0.420783,0.420783,0.000000,0.000000,0.084157,0.000000
98.350,0.420783,0.420783,0.000000,0.000000,0.084157,0.000000
98.400,0.420783,0.420783,0.000000,0.000000,0.084157,0.000000
98.450,0.420783,0.420783,0.000000,0.000000,0.084157,0.000000
98.500,0.420783,0.420783,0.000000,0.000000,0.084157,0.000000
98.550,0.420783,0.420783,0.000000,0.000000,0.084157,0.000000
98.600,0.420783,0.420783,0.000000,0.000000,0.084157,0.000000
98.650,0.420783,0.420783,0.000000,0.000000,0.084157,0.000000
98.700,0.420783,0.420783,0.000000,0.000000,0.084157,0.000000
98.750,0.420783,0.420783,0.000000,0.000000,0.084157,0.000000
98.800,0.420783,0.420783,0.000000,0.000000,0.084157,0.000000
98.850,0.420783,0.420783,0.000000,0.000000,0.084157,0.000000
98.900,0.420783,0.420783,0.000000,0.000000,0.084157,0.000000
98.950,0.420783,0.420783,0.000000,0.000000,0.084157,0.000000
99.000,0.420783,0.420783,0.000000,0.000000,0.084157,0.000000
99.050,0.420783,0.420783,0.000000,0.000000,0.084157,0.000000
99.100,0.420783,0.420783,0.000000,0.000000,0.084157,0.000000
99.150,0.420783,0.420783,0.000000,0.000000,0.084157,0.000000
99.200,0.420783,0.420783,0.000000,0.000000,0.084157,0.000000
99.250,0.420783,0.420783,0.000000,0.000000,0.084157,0.000000
99.300,0.420783,0.420783,0.000000,0.000000,0.084157,0.000000
99.350,0.420783,0.420783,0.000000,0.000000,0.084157,0.000000
99.400,0.420783,0.420783,0.000000,0.000000,0.084157,0.000000
99.450,0.420783,0.420783,0.000000,0.000000,0.084157,0.000000
99.500,0.420783,0.420783,0.000000,0.000000,0.084157,0.000000
99.550,0.420783,0.420783,0.000000,0.000000,0.084157,0.000000
99.600,0.420783,0.420783,0.000000,0.000000,0.084157,0.000000
99.650,0.420783,0.420783,0.000000,0.000000,0.084157,0.000000
99.700,0.420783,0.420783,0.000000,0.000000,0.084157,0.000000
99.750,0.420783,0.420783,0.000000,0.000000,0.084157,0.000000
99.800,0.420783,0.420783,0.000000,0.000000,0.084157,0.000000
99.850,0.420783,0.420783,0.000000,0.000000,0.084157,0.000000
99.900,0.420783,0.420783,0.000000,0.000000,0.084157,0.000000
99.950,0.420783,0.420783,0.000000,0.000000,0.084157,0.000000
100.000,0.420783,0.420783,0.000000,0.000000,0.084157,0.000000
100.050,0.420783,0.420783,0.000000,0.000000,0.084157,0.000000
100.100,0.420783,0.420783,0.000000,0.000000,0.084157,0.000000
100.150,0.420783,0.420783,0.000000,0.000000,0.084157,0.000000
100.200,0.420783,0.420783,0.000000,0.000000,0.084157,0.000000
100.250,0.420783,0.420783,0.000000,0.000000,0.084157,0.000000
100.300,0.420783,0.420783,0.000000,0.000000,0.084157,0.000000
100.350,0.420783,0.420783,0.000000,0.000000,0.084157,0.000000
100.400,0.420783,0.420783,0.000000,0.000000,0.084157,0.000000
100.450,0.420783,0.420783,0.000000,0.000000,0.084157,0.000000
100.500,0.420783,0.420783,0.000000,0.000000,0.084157,0.000000
100.550,0.420783,0.420783,0.000000,0.000000,0.084157,0.000000
100.600,0.420783,0.420783,0.000000,0.000000,0.084157,0.000000
100.650,0.420783,0.420783,0.000000,0.000000,0.084157,0.000000
100.700,0.420783,0.420783,0.000000,0.000000,0.084157,0.000000
100.750,0.420783,0.420783,0.000000,0.000000,0.084157,0.000000
100.800,0.420783,0.420783,0.000000,0.000000,0.084157,0.000000
100.850,0.420783,0.420783,0.000000,0.000000,0.084157,0.000000
100.900,0.420783,0.420783,0.000000,0.000000,0.084157,0.000000
100.950,0.420783,0.420783,0.000000,0.000000,0.084157,0.000000
101.000,0.420783,0.420783,0.000000,0.000000,0.084157,0.000000
101.050,0.420783,0.420783,0.000000,0.000000,0.084157,0.000000
101.100,0.420783,0.420783,0.000000,0.000000,0.084157,0.000000
101.150,0.420783,0.420783,0.000000,0.000000,0.084157,0.000000
101.200,0.420783,0.420783,0.000000,0.000000,0.084157,0.000000
101.250,0.420783,0.420783,0.000000,0.000000,0.084157,0.000000
101.300,0.420783,0.420783,0.000000,0.000000,0.084157,0.000000
101.350,0.420783,0.420783,0.000000,0.000000,0.084157,0.000000
101.400,0.420783,0.420783,0.000000,0.000000,0.084157,0.000000
101.450,0.420783,0.420783,0.000000,0.000000,0.084157,0.000000
101.500,0.420783,0.420783,0.000000,0.000000,0.084157,0.000000
101.550,0.420783,0.420783,0.000000,0.000000,0.084157,0.000000
101.600,0.420783,0.420783,0.000000,0.000000,0.084157,0.000000
101.650,0.420783,0.420783,0.000000,0.000000,0.084157,0.000000
101.700,0.420783,0.420783,0.000000,0.000000,0.084157,0.000000
101.750,0.420783,0.420783,0.000000,0.000000,0.084157,0.000000
101.800,0.420783,0.420783,0.000000,0.000000,0.084157,0.000000
101.850,0.420783,0.420783,0.000000,0.000000,0.084157,0.000000
101.900,0.420783,0.420783,0.000000,0.000000,0.084157,0.000000
101.950,0.420783,0.420783,0.000000,0.000000,0.084157,0.000000
102.000,0.420783,0.420783,0.000000,0.000000,0.084157,0.000000
102.050,0.420783,0.420783,0.000000,0.000000,0.084157,0.000000
102.100,0.420783,0.420783,0.000000,0.000000,0.084157,0.000000
102.150,0.420783,0.420783,0.000000,0.000000,0.084157,0.000000
102.200,0.420783,0.420783,0.000000,0.000000,0.084157,0.000000
102.250,0.420783,0.420783,0.000000,0.000000,0.084157,0.000000
102.300,0.420783,0.420783,0.000000,0.000000,0.084157,0.000000
102.350,0.420783,0.420783,0.000000,0.000000,0.084157,0.000000
102.400,0.420783,0.420783,0.000000,0.000000,0.084157,0.000000
102.450,0.420783,0.420783,0.000000,0.000000,0.084157,0.000000
102.500,0.420783,0.420783,0.000000,0.000000,0.084157,0.000000
102.550,0.420783,0.420783,0.000000,0.000000,0.084157,0.000000
102.600,0.420783,0.420783,0.000000,0.000000,0.084157,0.000000
102.650,0.420783,0.420783,0.000000,0.000000,0.084157,0.000000
102.700,0.420783,0.420783,0.000000,0.000000,0.084157,0.000000
102.750,0.420783,0.420783,0.000000,0.000000,0.084157,0.000000
102.800,0.420783,0.420783,0.000000,0.000000,0.084157,0.000000
102.850,0.420783,0.420783,0.000000,0.000000,0.084157,0.000000
102.900,0.420783,0.420783,0.000000,0.000000,0.084157,0.000000
102.950,0.420783,0.420783,0.000000,0.000000,0.084157,0.000000
103.000,0.420783,0.420783,0.000000,0.000000,0.084157,0.000000
103.050,0.420783,0.420783,0.000000,0.000000,0.084157,0.000000
103.100,0.420783,0.420783,0.000000,0.000000,0.084157,0.000000
103.150,0.420783,0.420783,0.000000,0.000000,0.084157,0.000000
103.200,0.420783,0.420783,0.000000,0.000000,0.084157,0.000000
103.250,0.420783,0.420783,0.000000,0.000000,0.084157,0.000000
103.300,0.420783,0.420783,0.000000,0.000000,0.084157,0.000000
103.350,0.420783,0.420783,0.000000,0.000000,0.084157,0.000000
103.400,0.420783,0.420783,0.000000,0.000000,0.084157,0.000000
103.450,0.420783,0.420783,0.000000,0.000000,0.084157,0.000000
103.500,0.420783,0.420783,0.000000,0.000000,0.084157,0.000000
103.550,0.420783,0.420783,0.000000,0.000000,0.084157,0.000000
103.600,0.420783,0.420783,0.000000,0.000000,0.084157,0.000000
103.650,0.420783,0.420783,0.000000,0.000000,0.084157,0.000000
103.700,0.420783,0.420783,0.000000,0.000000,0.084157,0.000000
103.750,0.420783,0.420783,0.000000,0.000000,0.084157,0.000000
103.800,0.420783,0.420783,0.000000,0.000000,0.084157,0.000000
103.850,0.420783,0.420783,0.000000,0.000000,0.084157,0.000000
103.900,0.420783,0.420783,0.000000,0.000000,0.084157,0.000000
103.950,0.420783,0.420783,0.000000,0.000000,0.084157,0.000000
104.000,0.420783,0.420783,0.000000,0.000000,0.084157,0.000000
104.050,0.420783,0.420783,0.000000,0.000000,0.084157,0.000000
104.100,0.420783,0.420783,0.000000,0.000000,0.084157,0.000000
104.150,0.420783,0.420783,0.000000,0.000000,0.084157,0.000000
104.200,0.420783,0.420783,0.000000,0.000000,0.084157,0.000000
104.250,0.420783,0.420783,0.000000,0.000000,0.084157,0.000000
104.300,0.420783,0.420783,0.000000,0.000000,0.084157,0.000000
104.350,0.420783,0.420783,0.000000,0.000000,0.084157,0.000000
104.400,0.420783,0.420783,0.000000,0.000000,0.084157,0.000000
104.450,0.420783,0.420783,0.000000,0.000000,0.084157,0.000000
104.500,0.420783,0.420783,0.000000,0.000000,0.084157,0.000000
104.550,0.420783,0.420783,0.000000,0.000000,0.084157,0.000000
104.600,0.420783,0.420783,0.000000,0.000000,0.084157,0.000000
104.650,0.420783,0.420783,0.000000,0.000000,0.084157,0.000000
104.700,0.420783,0.420783,0.000000,0.000000,0.084157,0.000000
104.750,0.420783,0.420783,0.000000,0.000000,0.084157,0.000000
104.800,0.420783,0.420783,0.000000,0.000000,0.084157,0.000000
104.850,0.420783,0.420783,0.000000,0.000000,0.084157,0.000000
104.900,0.420783,0.420783,0.000000,0.000000,0.084157,0.000000
104.950,0.420783,0.420783,0.000000,0.000000,0.084157,0.000000
105.000,0.420783,0.420783,0.000000,0.000000,0.084157,0.000000
105.050,0.420783,0.420783,0.000000,0.000000,0.084157,0.000000
105.100,0.420783,0.420783,0.000000,0.000000,0.084157,0.000000
105.150,0.420783,0.420783,0.000000,0.000000,0.084157,0.000000
105.200,0.420783,0.420783,0.000000,0.000000,0.084157,0.000000
105.250,0.420783,0.420783,0.000000,0.000000,0.084157,0.000000
105.300,0.420783,0.420783,0.000000,0.000000,0.084157,0.000000
105.350,0.420783,0.420783,0.000000,0.000000,0.084157,0.000000
105.400,0.420783,0.420783,0.000000,0.000000,0.084157,0.000000
105.450,0.420783,0.420783,0.000000,0.000000,0.084157,0.000000
105.500,0.420783,0.420783,0.000000,0.000000,0.084157,0.000000
105.550,0.420783,0.420783,0.000000,0.000000,0.084157,0.000000
105.600,0.420783,0.420783,0.000000,0.000000,0.084157,0.000000
105.650,0.420783,0.420783,0.000000,0.000000,0.084157,0.000000
105.700,0.420783,0.420783,0.000000,0.000000,0.084157,0.000000
105.750,0.420783,0.420783,0.000000,0.000000,0.084157,0.000000
105.800,0.420783,0.420783,0.000000,0.000000,0.084157,0.000000
105.850,0.420783,0.420783,0.000000,0.000000,0.084157,0.000000
105.900,0.420783,0.420783,0.000000,0.000000,0.084157,0.000000
105.950,0.420783,0.420783,0.000000,0.000000,0.084157,0.000000
106.000,0.420783,0.420783,0.000000,0.000000,0.084157,0.000000
106.050,0.420783,0.420783,0.000000,0.000000,0.084157,0.000000
106.100,0.420783,0.420783,0.000000,0.000000,0.084157,0.000000
106.150,0.420783,0.420783,0.000000,0.000000,0.084157,0.000000
106.200,0.420783,0.420783,0.000000,0.000000,0.084157,0.000000
106.250,0.420783,0.420783,0.000000,0.000000,0.084157,0.000000
106.300,0.420783,0.420783,0.000000,0.000000,0.084157,0.000000
106.350,0.420783,0.420783,0.000000,0.000000,0.084157,0.000000
106.400,0.420783,0.420783,0.000000,0.000000,0.084157,0.000000
106.450,0.420783,0.420783,0.000000,0.000000,0.084157,0.000000
106.500,0.420783,0.420783,0.000000,0.000000,0.084157,0.000000
106.550,0.420783,0.420783,0.000000,0.000000,0.084157,0.000000
106.600,0.420783,0.420783,0.000000,0.000000,0.084157,0.000000
106.650,0.420783,0.420783,0.000000,0.000000,0.084157,0.000000
106.700,0.420783,0.420783,0.000000,0.000000,0.084157,0.000000
106.750,0.420783,0.420783,0.000000,0.000000,0.084157,0.000000
106.800,0.420783,0.420783,0.000000,0.000000,0.084157,0.000000
106.850,0.420783,0.420783,0.000000,0.000000,0.084157,0.000000
106.900,0.420783,0.420783,0.000000,0.000000,0.084157,0.000000
106.950,0.420783,0.420783,0.000000,0.000000,0.084157,0.000000
107.000,0.420783,0.420783,0.000000,0.000000,0.084157,0.000000
107.050,0.420783,0.420783,0.000000,0.000000,0.084157,0.000000
107.100,0.420783,0.420783,0.000000,0.000000,0.084157,0.000000
107.150,0.420783,0.420783,0.000000,0.000000,0.084157,0.000000
107.200,0.420783,0.420783,0.000000,0.000000,0.084157,0.000000
107.250,0.420783,0.420783,0.000000,0.000000,0.084157,0.000000
107.300,0.420783,0.420783,0.000000,0.000000,0.084157,0.000000
107.350,0.420783,0.420783,0.000000,0.000000,0.084157,0.000000
107.400,0.420783,0.420783,0.000000,0.000000,0.084157,0.000000
107.450,0.420783,0.420783,0.000000,0.000000,0.084157,0.000000
107.500,0.420783,0.420783,0.000000,0.000000,0.084157,0.000000
107.550,0.420783,0.420783,0.000000,0.000000,0.084157,0.000000
107.600,0.420783,0.420783,0.000000,0.000000,0.084157,0.000000
107.650,0.420783,0.420783,0.000000,0.000000,0.084157,0.000000
107.700,0.420783,0.420783,0.000000,0.000000,0.084157,0.000000
107.750,0.420783,0.420783,0.000000,0.000000,0.084157,0.000000
107.800,0.420783,0.420783,0.000000,0.000000,0.084157,0.000000
107.850,0.420783,0.420783,0.000000,0.000000,0.084157,0.000000
107.900,0.420783,0.420783,0.000000,0.000000,0.084157,0.000000
107.950,0.420783,0.420783,0.000000,0.000000,0.084157,0.000000
108.000,0.420783,0.420783,0.000000,0.000000,0.084157,0.000000
108.050,0.420783,0.420783,0.000000,0.000000,0.084157,0.000000
108.100,0.420783,0.420783,0.000000,0.000000,0.084157,0.000000
108.150,0.420783,0.420783,0.000000,0.000000,0.084157,0.000000
108.200,0.420783,0.420783,0.000000,0.000000,0.084157,0.000000
108.250,0.420783,0.420783,0.000000,0.000000,0.084157,0.000000
108.300,0.420783,0.420783,0.000000,0.000000,0.084157,0.000000
108.350,0.420783,0.420783,0.000000,0.000000,0.084157,0.000000
108.400,0.420783,0.420783,0.000000,0.000000,0.084157,0.000000
108.450,0.420783,0.420783,0.000000,0.000000,0.084157,0.000000
108.500,0.420783,0.420783,0.000000,0.000000,0.084157,0.000000
108.550,0.420783,0.420783,0.000000,0.000000,0.084157,0.000000
108.600,0.420783,0.420783,0.000000,0.000000,0.084157,0.000000
108.650,0.420783,0.420783,0.000000,0.000000,0.084157,0.000000
108.700,0.420783,0.420783,0.000000,0.000000,0.084157,0.000000
108.750,0.420783,0.420783,0.000000,0.000000,0.084157,0.000000
108.800,0.420783,0.420783,0.000000,0.000000,0.084157,0.000000
108.850,0.420783,0.420783,0.000000,0.000000,0.084157,0.000000
108.900,0.420783,0.420783,0.000000,0.000000,0.084157,0.000000
108.950,0.420783,0.420783,0.000000,0.000000,0.084157,0.000000
109.000,0.420783,0.420783,0.000000,0.000000,0.084157,0.000000
109.050,0.420783,0.420783,0.000000,0.000000,0.084157,0.000000
109.100,0.420783,0.420783,0.000000,0.000000,0.084157,0.000000
109.150,0.420783,0.420783,0.000000,0.000000,0.084157,0.000000
109.200,0.420783,0.420783,0.000000,0.000000,0.084157,0.000000
109.250,0.420783,0.420783,0.000000,0.000000,0.084157,0.000000
109.300,0.420783,0.420783,0.000000,0.000000,0.084157,0.000000
109.350,0.420783,0.420783,0.000000,0.000000,0.084157,0.000000
109.400,0.420783,0.420783,0.000000,0.000000,0.084157,0.000000
109.450,0.420783,0.420783,0.000000,0.000000,0.084157,0.000000
109.500,0.420783,0.420783,0.000000,0.000000,0.084157,0.000000
109.550,0.420783,0.420783,0.000000,0.000000,0.084157,0.000000
109.600,0.420783,0.420783,0.000000,0.000000,0.084157,0.000000
109.650,0.420783,0.420783,0.000000,0.000000,0.084157,0.000000
109.700,0.420783,0.420783,0.000000,0.000000,0.084157,0.000000
109.750,0.420783,0.420783,0.000000,0.000000,0.084157,0.000000
109.800,0.420783,0.420783,0.000000,0.000000,0.084157,0.000000
109.850,0.420783,0.420783,0.000000,0.000000,0.084157,0.000000
109.900,0.420783,0.420783,0.000000,0.000000,0.084157,0.000000
109.950,0.420783,0.420783,0.000000,0.000000,0.084157,0.000000
110.000,0.420783,0.420783,0.000000,0.000000,0.084157,0.000000
110.050,0.420783,0.420783,0.000000,0.000000,0.084157,0.000000
110.100,0.420783,0.420783,0.000000,0.000000,0.084157,0.000000
110.150,0.420783,0.420783,0.000000,0.000000,0.084157,0.000000
110.200,0.420783,0.420783,0.000000,0.000000,0.084157,0.000000
110.250,0.420783,0.420783,0.000000,0.000000,0.084157,0.000000
110.300,0.420783,0.420783,0.000000,0.000000,0.084157,0.000000
110.350,0.420783,0.420783,0.000000,0.000000,0.084157,0.000000
110.400,0.420783,0.420783,0.000000,0.000000,0.084157,0.000000
110.450,0.420783,0.420783,0.000000,0.000000,0.084157,0.000000
110.500,0.420783,0.420783,0.000000,0.000000,0.084157,0.000000
110.550,0.420783,0.420783,0.000000,0.000000,0.084157,0.000000
110.600,0.420783,0.420783,0.000000,0.000000,0.084157,0.000000
110.650,0.420783,0.420783,0.000000,0.000000,0.084157,0.000000
110.700,0.420783,0.420783,0.000000,0.000000,0.084157,0.000000
110.750,0.420783,0.420783,0.000000,0.000000,0.084157,0.000000
110.800,0.420783,0.420783,0.000000,0.000000,0.084157,0.000000
110.850,0.420783,0.420783,0.000000,0.000000,0.084157,0.000000
110.900,0.420783,0.420783,0.000000,0.000000,0.084157,0.000000
110.950,0.420783,0.420783,0.000000,0.000000,0.084157,0.000000
111.000,0.420783,0.420783,0.000000,0.000000,0.084157,0.000000
111.050,0.420783,0.420783,0.000000,0.000000,0.084157,0.000000
111.100,0.420783,0.420783,0.000000,0.000000,0.084157,0.000000
111.150,0.420783,0.420783,0.000000,0.000000,0.084157,0.000000
111.200,0.420783,0.420783,0.000000,0.000000,0.084157,0.000000
111.250,0.420783,0.420783,0.000000,0.000000,0.084157,0.000000
111.300,0.420783,0.420783,0.000000,0.000000,0.084157,0.000000
111.350,0.420783,0.420783,0.000000,0.000000,0.084157,0.000000
111.400,0.420783,0.420783,0.000000,0.000000,0.084157,0.000000
111.450,0.420783,0.420783,0.000000,0.000000,0.084157,0.000000
111.500,0.420783,0.420783,0.000000,0.000000,0.084157,0.000000
111.550,0.420783,0.420783,0.000000,0.000000,0.084157,0.000000
111.600,0.420783,0.420783,0.000000,0.000000,0.084157,0.000000
111.650,0.420783,0.420783,0.000000,0.000000,0.084157,0.000000
111.700,0.420783,0.420783,0.000000,0.000000,0.084157,0.000000
111.750,0.420783,0.420783,0.000000,0.000000,0.084157,0.000000
111.800,0.420783,0.420783,0.000000,0.000000,0.084157,0.000000
111.850,0.420783,0.420783,0.000000,0.000000,0.084157,0.000000
111.900,0.420783,0.420783,0.000000,0.000000,0.084157,0.000000
111.950,0.420783,0.420783,0.000000,0.000000,0.084157,0.000000
112.000,0.420783,0.420783,0.000000,0.000000,0.084157,0.000000
112.050,0.420783,0.420783,0.000000,0.000000,0.084157,0.000000
112.100,0.420783,0.420783,0.000000,0.000000,0.084157,0.000000
112.150,0.420783,0.420783,0.000000,0.000000,0.084157,0.000000
112.200,0.420783,0.420783,0.000000,0.000000,0.084157,0.000000
112.250,0.420783,0.420783,0.000000,0.000000,0.084157,0.000000
112.300,0.420783,0.420783,0.000000,0.000000,0.084157,0.000000
112.350,0.420783,0.420783,0.000000,0.000000,0.084157,0.000000
112.400,0.420783,0.420783,0.000000,0.000000,0.084157,0.000000
112.450,0.420783,0.420783,0.000000,0.000000,0.084157,0.000000
112.500,0.420783,0.420783,0.000000,0.000000,0.084157,0.000000
112.550,0.420783,0.420783,0.000000,0.000000,0.084157,0.000000
112.600,0.420783,0.420783,0.000000,0.000000,0.084157,0.000000
112.650,0.420783,0.420783,0.000000,0.000000,0.084157,0.000000
112.700,0.420783,0.420783,0.000000,0.000000,0.084157,0.000000
112.750,0.420783,0.420783,0.000000,0.000000,0.084157,0.000000
112.800,0.420783,0.420783,0.000000,0.000000,0.084157,0.000000
112.850,0.420783,0.420783,0.000000,0.000000,0.084157,0.000000
112.900,0.420783,0.420783,0.000000,0.000000,0.084157,0.000000
112.950,0.420783,0.420783,0.000000,0.000000,0.084157,0.000000
113.000,0.420783,0.420783,0.000000,0.000000,0.084157,0.000000
113.050,0.420783,0.420783,0.000000,0.000000,0.084157,0.000000
113.100,0.420783,0.420783,0.000000,0.000000,0.084157,0.000000
113.150,0.420783,0.420783,0.000000,0.000000,0.084157,0.000000
113.200,0.420783,0.420783,0.000000,0.000000,0.084157,0.000000
113.250,0.420783,0.420783,0.000000,0.000000,0.084157,0.000000
113.300,0.420783,0.420783,0.000000,0.000000,0.084157,0.000000
113.350,0.420783,0.420783,0.000000,0.000000,0.084157,0.000000
113.400,0.420783,0.420783,0.000000,0.000000,0.084157,0.000000
113.450,0.420783,0.420783,0.000000,0.000000,0.084157,0.000000
113.500,0.420783,0.420783,0.000000,0.000000,0.084157,0.000000
113.550,0.420783,0.420783,0.000000,0.000000,0.084157,0.000000
113.600,0.420783,0.420783,0.000000,0.000000,0.084157,0.000000
113.650,0.420783,0.420783,0.000000,0.000000,0.084157,0.000000
113.700,0.420783,0.420783,0.000000,0.000000,0.084157,0.000000
113.750,0.420783,0.420783,0.000000,0.000000,0.084157,0.000000
113.800,0.420783,0.420783,0.000000,0.000000,0.084157,0.000000
113.850,0.420783,0.420783,0.000000,0.000000,0.084157,0.000000
113.900,0.420783,0.420783,0.000000,0.000000,0.084157,0.000000
113.950,0.420783,0.420783,0.000000,0.000000,0.084157,0.000000
114.000,0.420783,0.420783,0.000000,0.000000,0.084157,0.000000
114.050,0.420783,0.420783,0.000000,0.000000,0.084157,0.000000
114.100,0.420783,0.420783,0.000000,0.000000,0.084157,0.000000
114.150,0.420783,0.420783,0.000000,0.000000,0.084157,0.000000
114.200,0.420783,0.420783,0.000000,0.000000,0.084157,0.000000
114.250,0.420783,0.420783,0.000000,0.000000,0.084157,0.000000
114.300,0.420783,0.420783,0.000000,0.000000,0.084157,0.000000
114.350,0.420783,0.420783,0.000000,0.000000,0.084157,0.000000
114.400,0.420783,0.420783,0.000000,0.000000,0.084157,0.000000
114.450,0.420783,0.420783,0.000000,0.000000,0.084157,0.000000
114.500,0.420783,0.420783,0.000000,0.000000,0.084157,0.000000
114.550,0.420783,0.420783,0.000000,0.000000,0.084157,0.000000
114.600,0.420783,0.420783,0.000000,0.000000,0.084157,0.000000
114.650,0.420783,0.420783,0.000000,0.000000,0.084157,0.000000
114.700,0.420783,0.420783,0.000000,0.000000,0.084157,0.000000
114.750,0.420783,0.420783,0.000000,0.000000,0.084157,0.000000
114.800,0.420783,0.420783,0.000000,0.000000,0.084157,0.000000
114.850,0.420783,0.420783,0.000000,0.000000,0.084157,0.000000
114.900,0.420783,0.420783,0.000000,0.000000,0.084157,0.000000
114.950,0.420783,0.420783,0.000000,0.000000,0.084157,0.000000
115.000,0.420783,0.420783,0.000000,0.000000,0.084157,0.000000
115.050,0.420783,0.420783,0.000000,0.000000,0.084157,0.000000
115.100,0.420783,0.420783,0.000000,0.000000,0.084157,0.000000
115.150,0.420783,0.420783,0.000000,0.000000,0.084157,0.000000
115.200,0.420783,0.420783,0.000000,0.000000,0.084157,0.000000
115.250,0.420783,0.420783,0.000000,0.000000,0.084157,0.000000
115.300,0.420783,0.420783,0.000000,0.000000,0.084157,0.000000
115.350,0.420783,0.420783,0.000000,0.000000,0.084157,0.000000
115.400,0.420783,0.420783,0.000000,0.000000,0.084157,0.000000
115.450,0.420783,0.420783,0.000000,0.000000,0.084157,0.000000
115.500,0.420783,0.420783,0.000000,0.000000,0.084157,0.000000
115.550,0.420783,0.420783,0.000000,0.000000,0.084157,0.000000
115.600,0.420783,0.420783,0.000000,0.000000,0.084157,0.000000
115.650,0.420783,0.420783,0.000000,0.000000,0.084157,0.000000
115.700,0.420783,0.420783,0.000000,0.000000,0.084157,0.000000
115.750,0.420783,0.420783,0.000000,0.000000,0.084157,0.000000
115.800,0.420783,0.420783,0.000000,0.000000,0.084157,0.000000
115.850,0.420783,0.420783,0.000000,0.000000,0.084157,0.000000
115.900,0.420783,0.420783,0.000000,0.000000,0.084157,0.000000
115.950,0.420783,0.420783,0.000000,0.000000,0.084157,0.000000
116.000,0.420783,0.420783,0.000000,0.000000,0.084157,0.000000
116.050,0.420783,0.420783,0.000000,0.000000,0.084157,0.000000
116.100,0.420783,0.420783,0.000000,0.000000,0.084157,0.000000
116.150,0.420783,0.420783,0.000000,0.000000,0.084157,0.000000
116.200,0.420783,0.420783,0.000000,0.000000,0.084157,0.000000
116.250,0.420783,0.420783,0.000000,0.000000,0.084157,0.000000
116.300,0.420783,0.420783,0.000000,0.000000,0.084157,0.000000
116.350,0.420783,0.420783,0.000000,0.000000,0.084157,0.000000
116.400,0.420783,0.420783,0.000000,0.000000,0.084157,0.000000
116.450,0.420783,0.420783,0.000000,0.000000,0.084157,0.000000
116.500,0.420783,0.420783,0.000000,0.000000,0.084157,0.000000
116.550,0.420783,0.420783,0.000000,0.000000,0.084157,0.000000
116.600,0.420783,0.420783,0.000000,0.000000,0.084157,0.000000
116.650,0.420783,0.420783,0.000000,0.000000,0.084157,0.000000
116.700,0.420783,0.420783,0.000000,0.000000,0.084157,0.000000
116.750,0.420783,0.420783,0.000000,0.000000,0.084157,0.000000
116.800,0.420783,0.420783,0.000000,0.000000,0.084157,0.000000
116.850,0.420783,0.420783,0.000000,0.000000,0.084157,0.000000
116.900,0.420783,0.420783,0.000000,0.000000,0.084157,0.000000
116.950,0.420783,0.420783,0.000000,0.000000,0.084157,0.000000
117.000,0.420783,0.420783,0.000000,0.000000,0.084157,0.000000
117.050,0.420783,0.420783,0.000000,0.000000,0.084157,0.000000
117.100,0.420783,0.420783,0.000000,0.000000,0.084157,0.000000
117.150,0.420783,0.420783,0.000000,0.000000,0.084157,0.000000
117.200,0.420783,0.420783,0.000000,0.000000,0.084157,0.000000
117.250,0.420783,0.420783,0.000000,0.000000,0.084157,0.000000
117.300,0.420783,0.420783,0.000000,0.000000,0.084157,0.000000
117.350,0.420783,0.420783,0.000000,0.000000,0.084157,0.000000
117.400,0.420783,0.420783,0.000000,0.000000,0.084157,0.000000
117.450,0.420783,0.420783,0.000000,0.000000,0.084157,0.000000
117.500,0.420783,0.420783,0.000000,0.000000,0.084157,0.000000
117.550,0.420783,0.420783,0.000000,0.000000,0.084157,0.000000
117.600,0.420783,0.420783,0.000000,0.000000,0.084157,0.000000
117.650,0.420783,0.420783,0.000000,0.000000,0.084157,0.000000
117.700,0.420783,0.420783,0.000000,0.000000,0.084157,0.000000
117.750,0.420783,0.420783,0.000000,0.000000,0.084157,0.000000
117.800,0.420783,0.420783,0.000000,0.000000,0.084157,0.000000
117.850,0.420783,0.420783,0.000000,0.000000,0.084157,0.000000
117.900,0.420783,0.420783,0.000000,0.000000,0.084157,0.000000
117.950,0.420783,0.420783,0.000000,0.000000,0.084157,0.000000
118.000,0.420783,0.420783,0.000000,0.000000,0.084157,0.000000
118.050,0.420783,0.420783,0.000000,0.000000,0.084157,0.000000
118.100,0.420783,0.420783,0.000000,0.000000,0.084157,0.000000
118.150,0.420783,0.420783,0.000000,0.000000,0.084157,0.000000
118.200,0.420783,0.420783,0.000000,0.000000,0.084157,0.000000
118.250,0.420783,0.420783,0.000000,0.000000,0.084157,0.000000
118.300,0.420783,0.420783,0.000000,0.000000,0.084157,0.000000
118.350,0.420783,0.420783,0.000000,0.000000,0.084157,0.000000
118.400,0.420783,0.420783,0.000000,0.000000,0.084157,0.000000
118.450,0.420783,0.420783,0.000000,0.000000,0.084157,0.000000
118.500,0.420783,0.420783,0.000000,0.000000,0.084157,0.000000
118.550,0.420783,0.420783,0.000000,0.000000,0.084157,0.000000
118.600,0.420783,0.420783,0.000000,0.000000,0.084157,0.000000
118.650,0.420783,0.420783,0.000000,0.000000,0.084157,0.000000
118.700,0.420783,0.420783,0.000000,0.000000,0.084157,0.000000
118.750,0.420783,0.420783,0.000000,0.000000,0.084157,0.000000
118.800,0.420783,0.420783,0.000000,0.000000,0.084157,0.000000
118.850,0.420783,0.420783,0.000000,0.000000,0.084157,0.000000
118.900,0.420783,0.420783,0.000000,0.000000,0.084157,0.000000
118.950,0.420783,0.420783,0.000000,0.000000,0.084157,0.000000
119.000,0.420783,0.420783,0.000000,0.000000,0.084157,0.000000
119.050,0.420783,0.420783,0.000000,0.000000,0.084157,0.000000
119.100,0.420783,0.420783,0.000000,0.000000,0.084157,0.000000
119.150,0.420783,0.420783,0.000000,0.000000,0.084157,0.000000
119.200,0.420783,0.420783,0.000000,0.000000,0.084157,0.000000
119.250,0.420783,0.420783,0.000000,0.000000,0.084157,0.000000
119.300,0.420783,0.420783,0.000000,0.000000,0.084157,0.000000
119.350,0.420783,0.420783,0.000000,0.000000,0.084157,0.000000
119.400,0.420783,0.420783,0.000000,0.000000,0.084157,0.000000
119.450,0.420783,0.420783,0.000000,0.000000,0.084157,0.000000
119.500,0.420783,0.420783,0.000000,0.000000,0.084157,0.000000
119.550,0.420783,0.420783,0.000000,0.000000,0.084157,0.000000
119.600,0.420783,0.420783,0.000000,0.000000,0.084157,0.000000
119.650,0.420783,0.420783,0.000000,0.000000,0.084157,0.000000
119.700,0.420783,0.420783,0.000000,0.000000,0.084157,0.000000
119.750,0.420783,0.420783,0.000000,0.000000,0.084157,0.000000
119.800,0.420783,0.420783,0.000000,0.000000,0.084157,0.000000
119.850,0.420783,0.420783,0.000000,0.000000,0.084157,0.000000
119.900,0.420783,0.420783,0.000000,0.000000,0.084157,0.000000
119.950,0.420783,0.420783,0.000000,0.000000,0.084157,0.000000
120.000,0.420783,0.420783,0.000000,0.000000,0.084157,0.000000
120.050,0.420783,0.420783,0.000000,0.000000,0.084157,0.000000
120.100,0.420783,0.420783,0.000000,0.000000,0.084157,0.000000
120.150,0.420783,0.420783,0.000000,0.000000,0.084157,0.000000
120.200,0.420783,0.420783,0.000000,0.000000,0.084157,0.000000
120.250,0.420783,0.420783,0.000000,0.000000,0.084157,0.000000
120.300,0.420783,0.420783,0.000000,0.000000,0.084157,0.000000
120.350,0.420783,0.420783,0.000000,0.000000,0.084157,0.000000
120.400,0.420783,0.420783,0.000000,0.000000,0.084157,0.000000
120.450,0.420783,0.420783,0.000000,0.000000,0.084157,0.000000
120.500,0.420783,0.420783,0.000000,0.000000,0.084157,0.000000
120.550,0.420783,0.420783,0.000000,0.000000,0.084157,0.000000
120.600,0.420783,0.420783,0.000000,0.000000,0.084157,0.000000
120.650,0.420783,0.420783,0.000000,0.000000,0.084157,0.000000
120.700,0.420783,0.420783,0.000000,0.000000,0.084157,0.000000
120.750,0.420783,0.420783,0.000000,0.000000,0.084157,0.000000
120.800,0.420783,0.420783,0.000000,0.000000,0.084157,0.000000
120.850,0.420783,0.420783,0.000000,0.000000,0.084157,0.000000
120.900,0.420783,0.420783,0.000000,0.000000,0.084157,0.000000
120.950,0.420783,0.420783,0.000000,0.000000,0.084157,0.000000
121.000,0.420783,0.420783,0.000000,0.000000,0.084157,0.000000
121.050,0.420783,0.420783,0.000000,0.000000,0.084157,0.000000
121.100,0.420783,0.420783,0.000000,0.000000,0.084157,0.000000
121.150,0.420783,0.420783,0.000000,0.000000,0.084157,0.000000
121.200,0.420783,0.420783,0.000000,0.000000,0.084157,0.000000
121.250,0.420783,0.420783,0.000000,0.000000,0.084157,0.000000
121.300,0.420783,0.420783,0.000000,0.000000,0.084157,0.000000
121.350,0.420783,0.420783,0.000000,0.000000,0.084157,0.000000
121.400,0.420783,0.420783,0.000000,0.000000,0.084157,0.000000
121.450,0.420783,0.420783,0.000000,0.000000,0.084157,0.000000
121.500,0.420783,0.420783,0.000000,0.000000,0.084157,0.000000
121.550,0.420783,0.420783,0.000000,0.000000,0.084157,0.000000
121.600,0.420783,0.420783,0.000000,0.000000,0.084157,0.000000
121.650,0.420783,0.420783,0.000000,0.000000,0.084157,0.000000
121.700,0.420783,0.420783,0.000000,0.000000,0.084157,0.000000
121.750,0.420783,0.420783,0.000000,0.000000,0.084157,0.000000
121.800,0.420783,0.420783,0.000000,0.000000,0.084157,0.000000
121.850,0.420783,0.420783,0.000000,0.000000,0.084157,0.000000
121.900,0.420783,0.420783,0.000000,0.000000,0.084157,0.000000
121.950,0.420783,0.420783,0.000000,0.000000,0.084157,0.000000
122.000,0.420783,0.420783,0.000000,0.000000,0.084157,0.000000
122.050,0.420783,0.420783,0.000000,0.000000,0.084157,0.000000
122.100,0.420783,0.420783,0.000000,0.000000,0.084157,0.000000
122.150,0.420783,0.420783,0.000000,0.000000,0.084157,0.000000
122.200,0.420783,0.420783,0.000000,0.000000,0.084157,0.000000
122.250,0.420783,0.420783,0.000000,0.000000,0.084157,0.000000
122.300,0.420783,0.420783,0.000000,0.000000,0.084157,0.000000
122.350,0.420783,0.420783,0.000000,0.000000,0.084157,0.000000
122.400,0.420783,0.420783,0.000000,0.000000,0.084157,0.000000
122.450,0.420783,0.420783,0.000000,0.000000,0.084157,0.000000
122.500,0.420783,0.420783,0.000000,0.000000,0.084157,0.000000
122.550,0.420783,0.420783,0.000000,0.000000,0.084157,0.000000
122.600,0.420783,0.420783,0.000000,0.000000,0.084157,0.000000
122.650,0.420783,0.420783,0.000000,0.000000,0.084157,0.000000
122.700,0.420783,0.420783,0.000000,0.000000,0.084157,0.000000
122.750,0.420783,0.420783,0.000000,0.000000,0.084157,0.000000
122.800,0.420783,0.420783,0.000000,0.000000,0.084157,0.000000
122.850,0.420783,0.420783,0.000000,0.000000,0.084157,0.000000
122.900,0.420783,0.420783,0.000000,0.000000,0.084157,0.000000
122.950,0.420783,0.420783,0.000000,0.000000,0.084157,0.000000
123.000,0.420783,0.420783,0.000000,0.000000,0.084157,0.000000
123.050,0.420783,0.420783,0.000000,0.000000,0.084157,0.000000
123.100,0.420783,0.420783,0.000000,0.000000,0.084157,0.000000
123.150,0.420783,0.420783,0.000000,0.000000,0.084157,0.000000
123.200,0.420783,0.420783,0.000000,0.000000,0.084157,0.000000
123.250,0.420783,0.420783,0.000000,0.000000,0.084157,0.000000
123.300,0.420783,0.420783,0.000000,0.000000,0.084157,0.000000
123.350,0.420783,0.420783,0.000000,0.000000,0.084157,0.000000
123.400,0.420783,0.420783,0.000000,0.000000,0.084157,0.000000
123.450,0.420783,0.420783,0.000000,0.000000,0.084157,0.000000
123.500,0.420783,0.420783,0.000000,0.000000,0.084157,0.000000
123.550,0.420783,0.420783,0.000000,0.000000,0.084157,0.000000
123.600,0.420783,0.420783,0.000000,0.000000,0.084157,0.000000
123.650,0.420783,0.420783,0.000000,0.000000,0.084157,0.000000
123.700,0.420783,0.420783,0.000000,0.000000,0.084157,0.000000
123.750,0.420783,0.420783,0.000000,0.000000,0.084157,0.000000
123.800,0.420783,0.420783,0.000000,0.000000,0.084157,0.000000
123.850,0.420783,0.420783,0.000000,0.000000,0.084157,0.000000
123.900,0.420783,0.420783,0.000000,0.000000,0.084157,0.000000
123.950,0.420783,0.420783,0.000000,0.000000,0.084157,0.000000
124.000,0.420783,0.420783,0.000000,0.000000,0.084157,0.000000
124.050,0.420783,0.420783,0.000000,0.000000,0.084157,0.000000
124.100,0.420783,0.420783,0.000000,0.000000,0.084157,0.000000
124.150,0.420783,0.420783,0.000000,0.000000,0.084157,0.000000
124.200,0.420783,0.420783,0.000000,0.000000,0.084157,0.000000
124.250,0.420783,0.420783,0.000000,0.000000,0.084157,0.000000
124.300,0.420783,0.420783,0.000000,0.000000,0.084157,0.000000
124.350,0.420783,0.420783,0.000000,0.000000,0.084157,0.000000
124.400,0.420783,0.420783,0.000000,0.000000,0.084157,0.000000
124.450,0.420783,0.420783,0.000000,0.000000,0.084157,0.000000
124.500,0.420783,0.420783,0.000000,0.000000,0.084157,0.000000
124.550,0.420783,0.420783,0.000000,0.000000,0.084157,0.000000
124.600,0.420783,0.420783,0.000000,0.000000,0.084157,0.000000
124.650,0.420783,0.420783,0.000000,0.000000,0.084157,0.000000
124.700,0.420783,0.420783,0.000000,0.000000,0.084157,0.000000
124.750,0.420783,0.420783,0.000000,0.000000,0.084157,0.000000
124.800,0.420783,0.420783,0.000000,0.000000,0.084157,0.000000
124.850,0.420783,0.420783,0.000000,0.000000,0.084157,0.000000
124.900,0.420783,0.420783,0.000000,0.000000,0.084157,0.000000
124.950,0.420783,0.420783,0.000000,0.000000,0.084157,0.000000
125.000,0.420783,0.420783,0.000000,0.000000,0.084157,0.000000
125.050,0.420783,0.420783,0.000000,0.000000,0.084157,0.000000
125.100,0.420783,0.420783,0.000000,0.000000,0.084157,0.000000
125.150,0.420783,0.420783,0.000000,0.000000,0.084157,0.000000
125.200,0.420783,0.420783,0.000000,0.000000,0.084157,0.000000
125.250,0.420783,0.420783,0.000000,0.000000,0.084157,0.000000
125.300,0.420783,0.420783,0.000000,0.000000,0.084157,0.000000
125.350,0.420783,0.420783,0.000000,0.000000,0.084157,0.000000
125.400,0.420783,0.420783,0.000000,0.000000,0.084157,0.000000
125.450,0.420783,0.420783,0.000000,0.000000,0.084157,0.000000
125.500,0.420783,0.420783,0.000000,0.000000,0.084157,0.000000
125.550,0.420783,0.420783,0.000000,0.000000,0.084157,0.000000
125.600,0.420783,0.420783,0.000000,0.000000,0.084157,0.000000
125.650,0.420783,0.420783,0.000000,0.000000,0.084157,0.000000
125.700,0.420783,0.420783,0.000000,0.000000,0.084157,0.000000
125.750,0.420783,0.420783,0.000000,0.000000,0.084157,0.000000
125.800,0.420783,0.420783,0.000000,0.000000,0.084157,0.000000
125.850,0.420783,0.420783,0.000000,0.000000,0.084157,0.000000
125.900,0.420783,0.420783,0.000000,0.000000,0.084157,0.000000
125.950,0.420783,0.420783,0.000000,0.000000,0.084157,0.000000
126.000,0.420783,0.420783,0.000000,0.000000,0.084157,0.000000
126.050,0.420783,0.420783,0.000000,0.000000,0.084157,0.000000
126.100,0.420783,0.420783,0.000000,0.000000,0.084157,0.000000
126.150,0.420783,0.420783,0.000000,0.000000,0.084157,0.000000
126.200,0.420783,0.420783,0.000000,0.000000,0.084157,0.000000
126.250,0.420783,0.420783,0.000000,0.000000,0.084157,0.000000
126.300,0.420783,0.420783,0.000000,0.000000,0.084157,0.000000
126.350,0.420783,0.420783,0.000000,0.000000,0.084157,0.000000
126.400,0.420783,0.420783,0.000000,0.000000,0.084157,0.000000
126.450,0.420783,0.420783,0.000000,0.000000,0.084157,0.000000
126.500,0.420783,0.420783,0.000000,0.000000,0.084157,0.000000
126.550,0.420783,0.420783,0.000000,0.000000,0.084157,0.000000
126.600,0.420783,0.420783,0.000000,0.000000,0.084157,0.000000
126.650,0.420783,0.420783,0.000000,0.000000,0.084157,0.000000
126.700,0.420783,0.420783,0.000000,0.000000,0.084157,0.000000
126.750,0.420783,0.420783,0.000000,0.000000,0.084157,0.000000
126.800,0.420783,0.420783,0.000000,0.000000,0.084157,0.000000
126.850,0.420783,0.420783,0.000000,0.000000,0.084157,0.000000
126.900,0.420783,0.420783,0.000000,0.000000,0.084157,0.000000
126.950,0.420783,0.420783,0.000000,0.000000,0.084157,0.000000
127.000,0.420783,0.420783,0.000000,0.000000,0.084157,0.000000
127.050,0.420783,0.420783,0.000000,0.000000,0.084157,0.000000
127.100,0.420783,0.420783,0.000000,0.000000,0.084157,0.000000
127.150,0.420783,0.420783,0.000000,0.000000,0.084157,0.000000
127.200,0.420783,0.420783,0.000000,0.000000,0.084157,0.000000
127.250,0.420783,0.420783,0.000000,0.000000,0.084157,0.000000
127.300,0.420783,0.420783,0.000000,0.000000,0.084157,0.000000
127.350,0.420783,0.420783,0.000000,0.000000,0.084157,0.000000
127.400,0.420783,0.420783,0.000000,0.000000,0.084157,0.000000
127.450,0.420783,0.420783,0.000000,0.000000,0.084157,0.000000
127.500,0.420783,0.420783,0.000000,0.000000,0.084157,0.000000
127.550,0.420783,0.420783,0.000000,0.000000,0.084157,0.000000
127.600,0.420783,0.420783,0.000000,0.000000,0.084157,0.000000
127.650,0.420783,0.420783,0.000000,0.000000,0.084157,0.000000
127.700,0.420783,0.420783,0.000000,0.000000,0.084157,0.000000
127.750,0.420783,0.420783,0.000000,0.000000,0.084157,0.000000
127.800,0.420783,0.420783,0.000000,0.000000,0.084157,0.000000
127.850,0.420783,0.420783,0.000000,0.000000,0.084157,0.000000
127.900,0.420783,0.420783,0.000000,0.000000,0.084157,0.000000
127.950,0.420783,0.420783,0.000000,0.000000,0.084157,0.000000
128.000,0.420783,0.420783,0.000000,0.000000,0.084157,0.000000
128.050,0.420783,0.420783,0.000000,0.000000,0.084157,0.000000
128.100,0.420783,0.420783,0.000000,0.000000,0.084157,0.000000
128.150,0.420783,0.420783,0.000000,0.000000,0.084157,0.000000
128.200,0.420783,0.420783,0.000000,0.000000,0.084157,0.000000
128.250,0.420783,0.420783,0.000000,0.000000,0.084157,0.000000
128.300,0.420783,0.420783,0.000000,0.000000,0.084157,0.000000
128.350,0.420783,0.420783,0.000000,0.000000,0.084157,0.000000
128.400,0.420783,0.420783,0.000000,0.000000,0.084157,0.000000
128.450,0.420783,0.420783,0.000000,0.000000,0.084157,0.000000
128.500,0.420783,0.420783,0.000000,0.000000,0.084157,0.000000
128.550,0.420783,0.420783,0.000000,0.000000,0.084157,0.000000
128.600,0.420783,0.420783,0.000000,0.000000,0.084157,0.000000
128.650,0.420783,0.420783,0.000000,0.000000,0.084157,0.000000
128.700,0.420783,0.420783,0.000000,0.000000,0.084157,0.000000
128.750,0.420783,0.420783,0.000000,0.000000,0.084157,0.000000
128.800,0.420783,0.420783,0.000000,0.000000,0.084157,0.000000
128.850,0.420783,0.420783,0.000000,0.000000,0.084157,0.000000
128.900,0.420783,0.420783,0.000000,0.000000,0.084157,0.000000
128.950,0.420783,0.420783,0.000000,0.000000,0.084157,0.000000
129.000,0.420783,0.420783,0.000000,0.000000,0.084157,0.000000
129.050,0.420783,0.420783,0.000000,0.000000,0.084157,0.000000
129.100,0.420783,0.420783,0.000000,0.000000,0.084157,0.000000
129.150,0.420783,0.420783,0.000000,0.000000,0.084157,0.000000
129.200,0.420783,0.420783,0.000000,0.000000,0.084157,0.000000
129.250,0.420783,0.420783,0.000000,0.000000,0.084157,0.000000
129.300,0.420783,0.420783,0.000000,0.000000,0.084157,0.000000
129.350,0.420783,0.420783,0.000000,0.000000,0.084157,0.000000
129.400,0.420783,0.420783,0.000000,0.000000,0.084157,0.000000
129.450,0.420783,0.420783,0.000000,0.000000,0.084157,0.000000
129.500,0.420783,0.420783,0.000000,0.000000,0.084157,0.000000
129.550,0.420783,0.420783,0.000000,0.000000,0.084157,0.000000
129.600,0.420783,0.420783,0.000000,0.000000,0.084157,0.000000
129.650,0.420783,0.420783,0.000000,0.000000,0.084157,0.000000
129.700,0.420783,0.420783,0.000000,0.000000,0.084157,0.000000
129.750,0.420783,0.420783,0.000000,0.000000,0.084157,0.000000
129.800,0.420783,0.420783,0.000000,0.000000,0.084157,0.000000
129.850,0.420783,0.420783,0.000000,0.000000,0.084157,0.000000
129.900,0.420783,0.420783,0.000000,0.000000,0.084157,0.000000
129.950,0.420783,0.420783,0.000000,0.000000,0.084157,0.000000
130.000,0.420783,0.420783,0.000000,0.000000,0.084157,0.000000
130.050,0.420783,0.420783,0.000000,0.000000,0.084157,0.000000
130.100,0.420783,0.420783,0.000000,0.000000,0.084157,0.000000
130.150,0.420783,0.420783,0.000000,0.000000,0.084157,0.000000
130.200,0.420783,0.420783,0.000000,0.000000,0.084157,0.000000
130.250,0.420783,0.420783,0.000000,0.000000,0.084157,0.000000
130.300,0.420783,0.420783,0.000000,0.000000,0.084157,0.000000
130.350,0.420783,0.420783,0.000000,0.000000,0.084157,0.000000
130.400,0.420783,0.420783,0.000000,0.000000,0.084157,0.000000
130.450,0.420783,0.420783,0.000000,0.000000,0.084157,0.000000
130.500,0.420783,0.420783,0.000000,0.000000,0.084157,0.000000
130.550,0.420783,0.420783,0.000000,0.000000,0.084157,0.000000
130.600,0.420783,0.420783,0.000000,0.000000,0.084157,0.000000
130.650,0.420783,0.420783,0.000000,0.000000,0.084157,0.000000
130.700,0.420783,0.420783,0.000000,0.000000,0.084157,0.000000
130.750,0.420783,0.420783,0.000000,0.000000,0.084157,0.000000
130.800,0.420783,0.420783,0.000000,0.000000,0.084157,0.000000
130.850,0.420783,0.420783,0.000000,0.000000,0.084157,0.000000
130.900,0.420783,0.420783,0.000000,0.000000,0.084157,0.000000
130.950,0.420783,0.420783,0.000000,0.000000,0.084157,0.000000
131.000,0.420783,0.420783,0.000000,0.000000,0.084157,0.000000
131.050,0.420783,0.420783,0.000000,0.000000,0.084157,0.000000
131.100,0.420783,0.420783,0.000000,0.000000,0.084157,0.000000
131.150,0.420783,0.420783,0.000000,0.000000,0.084157,0.000000
131.200,0.420783,0.420783,0.000000,0.000000,0.084157,0.000000
131.250,0.420783,0.420783,0.000000,0.000000,0.084157,0.000000
131.300,0.420783,0.420783,0.000000,0.000000,0.084157,0.000000
131.350,0.420783,0.420783,0.000000,0.000000,0.084157,0.000000
131.400,0.420783,0.420783,0.000000,0.000000,0.084157,0.000000
131.450,0.420783,0.420783,0.000000,0.000000,0.084157,0.000000
131.500,0.420783,0.420783,0.000000,0.000000,0.084157,0.000000
131.550,0.420783,0.420783,0.000000,0.000000,0.084157,0.000000
131.600,0.420783,0.420783,0.000000,0.000000,0.084157,0.000000
131.650,0.420783,0.420783,0.000000,0.000000,0.084157,0.000000
131.700,0.420783,0.420783,0.000000,0.000000,0.084157,0.000000
131.750,0.420783,0.420783,0.000000,0.000000,0.084157,0.000000
131.800,0.420783,0.420783,0.000000,0.000000,0.084157,0.000000
131.850,0.420783,0.420783,0.000000,0.000000,0.084157,0.000000
131.900,0.420783,0.420783,0.000000,0.000000,0.084157,0.000000
131.950,0.420783,0.420783,0.000000,0.000000,0.084157,0.000000
132.000,0.420783,0.420783,0.000000,0.000000,0.084157,0.000000
132.050,0.420783,0.420783,0.000000,0.000000,0.084157,0.000000
132.100,0.420783,0.420783,0.000000,0.000000,0.084157,0.000000
132.150,0.420783,0.420783,0.000000,0.000000,0.084157,0.000000
132.200,0.420783,0.420783,0.000000,0.000000,0.084157,0.000000
132.250,0.420783,0.420783,0.000000,0.000000,0.084157,0.000000
132.300,0.420783,0.420783,0.000000,0.000000,0.084157,0.000000
132.350,0.420783,0.420783,0.000000,0.000000,0.084157,0.000000
132.400,0.420783,0.420783,0.000000,0.000000,0.084157,0.000000
132.450,0.420783,0.420783,0.000000,0.000000,0.084157,0.000000
132.500,0.420783,0.420783,0.000000,0.000000,0.084157,0.000000
132.550,0.420783,0.420783,0.000000,0.000000,0.084157,0.000000
132.600,0.420783,0.420783,0.000000,0.000000,0.084157,0.000000
132.650,0.420783,0.420783,0.000000,0.000000,0.084157,0.000000
132.700,0.420783,0.420783,0.000000,0.000000,0.084157,0.000000
132.750,0.420783,0.420783,0.000000,0.000000,0.084157,0.000000
132.800,0.420783,0.420783,0.000000,0.000000,0.084157,0.000000
132.850,0.420783,0.420783,0.000000,0.000000,0.084157,0.000000
132.900,0.420783,0.420783,0.000000,0.000000,0.084157,0.000000
132.950,0.420783,0.420783,0.000000,0.000000,0.084157,0.000000
133.000,0.420783,0.420783,0.000000,0.000000,0.084157,0.000000
133.050,0.420783,0.420783,0.000000,0.000000,0.084157,0.000000
133.100,0.420783,0.420783,0.000000,0.000000,0.084157,0.000000
133.150,0.420783,0.420783,0.000000,0.000000,0.084157,0.000000
133.200,0.420783,0.420783,0.000000,0.000000,0.084157,0.000000
133.250,0.420783,0.420783,0.000000,0.000000,0.084157,0.000000
133.300,0.420783,0.420783,0.000000,0.000000,0.084157,0.000000
133.350,0.420783,0.420783,0.000000,0.000000,0.084157,0.000000
133.400,0.420783,0.420783,0.000000,0.000000,0.084157,0.000000
133.450,0.420783,0.420783,0.000000,0.000000,0.084157,0.000000
133.500,0.420783,0.420783,0.000000,0.000000,0.084157,0.000000
133.550,0.420783,0.420783,0.000000,0.000000,0.084157,0.000000
133.600,0.420783,0.420783,0.000000,0.000000,0.084157,0.000000
133.650,0.420783,0.420783,0.000000,0.000000,0.084157,0.000000
133.700,0.420783,0.420783,0.000000,0.000000,0.084157,0.000000
133.750,0.420783,0.420783,0.000000,0.000000,0.084157,0.000000
133.800,0.420783,0.420783,0.000000,0.000000,0.084157,0.000000
133.850,0.420783,0.420783,0.000000,0.000000,0.084157,0.000000
133.900,0.420783,0.420783,0.000000,0.000000,0.084157,0.000000
133.950,0.420783,0.420783,0.000000,0.000000,0.084157,0.000000
134.000,0.420783,0.420783,0.000000,0.000000,0.084157,0.000000
134.050,0.420783,0.420783,0.000000,0.000000,0.084157,0.000000
134.100,0.420783,0.420783,0.000000,0.000000,0.084157,0.000000
134.150,0.420783,0.420783,0.000000,0.000000,0.084157,0.000000
134.200,0.420783,0.420783,0.000000,0.000000,0.084157,0.000000
134.250,0.420783,0.420783,0.000000,0.000000,0.084157,0.000000
134.300,0.420783,0.420783,0.000000,0.000000,0.084157,0.000000
134.350,0.420783,0.420783,0.000000,0.000000,0.084157,0.000000
134.400,0.420783,0.420783,0.000000,0.000000,0.084157,0.000000
134.450,0.420783,0.420783,0.000000,0.000000,0.084157,0.000000
134.500,0.420783,0.420783,0.000000,0.000000,0.084157,0.000000
134.550,0.420783,0.420783,0.000000,0.000000,0.084157,0.000000
134.600,0.420783,0.420783,0.000000,0.000000,0.084157,0.000000
134.650,0.420783,0.420783,0.000000,0.000000,0.084157,0.000000
134.700,0.420783,0.420783,0.000000,0.000000,0.084157,0.000000
134.750,0.420783,0.420783,0.000000,0.000000,0.084157,0.000000
134.800,0.420783,0.420783,0.000000,0.000000,0.084157,0.000000
134.850,0.420783,0.420783,0.000000,0.000000,0.084157,0.000000
134.900,0.420783,0.420783,0.000000,0.000000,0.084157,0.000000
134.950,0.420783,0.420783,0.000000,0.000000,0.084157,0.000000
135.000,0.420783,0.420783,0.000000,0.000000,0.084157,0.000000
135.050,0.420783,0.420783,0.000000,0.000000,0.084157,0.000000
135.100,0.420783,0.420783,0.000000,0.000000,0.084157,0.000000
135.150,0.420783,0.420783,0.000000,0.000000,0.084157,0.000000
135.200,0.420783,0.420783,0.000000,0.000000,0.084157,0.000000
135.250,0.420783,0.420783,0.000000,0.000000,0.084157,0.000000
135.300,0.420783,0.420783,0.000000,0.000000,0.084157,0.000000
135.350,0.420783,0.420783,0.000000,0.000000,0.084157,0.000000
135.400,0.420783,0.420783,0.000000,0.000000,0.084157,0.000000
135.450,0.420783,0.420783,0.000000,0.000000,0.084157,0.000000
135.500,0.420783,0.420783,0.000000,0.000000,0.084157,0.000000
135.550,0.420783,0.420783,0.000000,0.000000,0.084157,0.000000
135.600,0.420783,0.420783,0.000000,0.000000,0.084157,0.000000
135.650,0.420783,0.420783,0.000000,0.000000,0.084157,0.000000
135.700,0.420783,0.420783,0.000000,0.000000,0.084157,0.000000
135.750,0.420783,0.420783,0.000000,0.000000,0.084157,0.000000
135.800,0.420783,0.420783,0.000000,0.000000,0.084157,0.000000
135.850,0.420783,0.420783,0.000000,0.000000,0.084157,0.000000
135.900,0.420783,0.420783,0.000000,0.000000,0.084157,0.000000
135.950,0.420783,0.420783,0.000000,0.000000,0.084157,0.000000
136.000,0.420783,0.420783,0.000000,0.000000,0.084157,0.000000
136.050,0.420783,0.420783,0.000000,0.000000,0.084157,0.000000
136.100,0.420783,0.420783,0.000000,0.000000,0.084157,0.000000
136.150,0.420783,0.420783,0.000000,0.000000,0.084157,0.000000
136.200,0.420783,0.420783,0.000000,0.000000,0.084157,0.000000
136.250,0.420783,0.420783,0.000000,0.000000,0.084157,0.000000
136.300,0.420783,0.420783,0.000000,0.000000,0.084157,0.000000
136.350,0.420783,0.420783,0.000000,0.000000,0.084157,0.000000
136.400,0.420783,0.420783,0.000000,0.000000,0.084157,0.000000
136.450,0.420783,0.420783,0.000000,0.000000,0.084157,0.000000
136.500,0.420783,0.420783,0.000000,0.000000,0.084157,0.000000
136.550,0.420783,0.420783,0.000000,0.000000,0.084157,0.000000
136.600,0.420783,0.420783,0.000000,0.000000,0.084157,0.000000
136.650,0.420783,0.420783,0.000000,0.000000,0.084157,0.000000
136.700,0.420783,0.420783,0.000000,0.000000,0.084157,0.000000
136.750,0.420783,0.420783,0.000000,0.000000,0.084157,0.000000
136.800,0.420783,0.420783,0.000000,0.000000,0.084157,0.000000
136.850,0.420783,0.420783,0.000000,0.000000,0.084157,0.000000
136.900,0.420783,0.420783,0.000000,0.000000,0.084157,0.000000
136.950,0.420783,0.420783,0.000000,0.000000,0.084157,0.000000
137.000,0.420783,0.420783,0.000000,0.000000,0.084157,0.000000
137.050,0.420783,0.420783,0.000000,0.000000,0.084157,0.000000
137.100,0.420783,0.420783,0.000000,0.000000,0.084157,0.000000
137.150,0.420783,0.420783,0.000000,0.000000,0.084157,0.000000
137.200,0.420783,0.420783,0.000000,0.000000,0.084157,0.000000
137.250,0.420783,0.420783,0.000000,0.000000,0.084157,0.000000
137.300,0.420783,0.420783,0.000000,0.000000,0.084157,0.000000
137.350,0.420783,0.420783,0.000000,0.000000,0.084157,0.000000
137.400,0.420783,0.420783,0.000000,0.000000,0.084157,0.000000
137.450,0.420783,0.420783,0.000000,0.000000,0.084157,0.000000
137.500,0.420783,0.420783,0.000000,0.000000,0.084157,0.000000
137.550,0.420783,0.420783,0.000000,0.000000,0.084157,0.000000
137.600,0.420783,0.420783,0.000000,0.000000,0.084157,0.000000
137.650,0.420783,0.420783,0.000000,0.000000,0.084157,0.000000
137.700,0.420783,0.420783,0.000000,0.000000,0.084157,0.000000
137.750,0.420783,0.420783,0.000000,0.000000,0.084157,0.000000
137.800,0.420783,0.420783,0.000000,0.000000,0.084157,0.000000
137.850,0.420783,0.420783,0.000000,0.000000,0.084157,0.000000
137.900,0.420783,0.420783,0.000000,0.000000,0.084157,0.000000
137.950,0.420783,0.420783,0.000000,0.000000,0.084157,0.000000
138.000,0.420783,0.420783,0.000000,0.000000,0.084157,0.000000
138.050,0.420783,0.420783,0.000000,0.000000,0.084157,0.000000
138.100,0.420783,0.420783,0.000000,0.000000,0.084157,0.000000
138.150,0.420783,0.420783,0.000000,0.000000,0.084157,0.000000
138.200,0.420783,0.420783,0.000000,0.000000,0.084157,0.000000
138.250,0.420783,0.420783,0.000000,0.000000,0.084157,0.000000
138.300,0.420783,0.420783,0.000000,0.000000,0.084157,0.000000
138.350,0.420783,0.420783,0.000000,0.000000,0.084157,0.000000
138.400,0.420783,0.420783,0.000000,0.000000,0.084157,0.000000
138.450,0.420783,0.420783,0.000000,0.000000,0.084157,0.000000
138.500,0.420783,0.420783,0.000000,0.000000,0.084157,0.000000
138.550,0.420783,0.420783,0.000000,0.000000,0.084157,0.000000
138.600,0.420783,0.420783,0.000000,0.000000,0.084157,0.000000
138.650,0.420783,0.420783,0.000000,0.000000,0.084157,0.000000
138.700,0.420783,0.420783,0.000000,0.000000,0.084157,0.000000
138.750,0.420783,0.420783,0.000000,0.000000,0.084157,0.000000
138.800,0.420783,0.420783,0.000000,0.000000,0.084157,0.000000
138.850,0.420783,0.420783,0.000000,0.000000,0.084157,0.000000
138.900,0.420783,0.420783,0.000000,0.000000,0.084157,0.000000
138.950,0.420783,0.420783,0.000000,0.000000,0.084157,0.000000
139.000,0.420783,0.420783,0.000000,0.000000,0.084157,0.000000
139.050,0.420783,0.420783,0.000000,0.000000,0.084157,0.000000
139.100,0.420783,0.420783,0.000000,0.000000,0.084157,0.000000
139.150,0.420783,0.420783,0.000000,0.000000,0.084157,0.000000
139.200,0.420783,0.420783,0.000000,0.000000,0.084157,0.000000
139.250,0.420783,0.420783,0.000000,0.000000,0.084157,0.000000
139.300,0.420783,0.420783,0.000000,0.000000,0.084157,0.000000
139.350,0.420783,0.420783,0.000000,0.000000,0.084157,0.000000
139.400,0.420783,0.420783,0.000000,0.000000,0.084157,0.000000
139.450,0.420783,0.420783,0.000000,0.000000,0.084157,0.000000
139.500,0.420783,0.420783,0.000000,0.000000,0.084157,0.000000
139.550,0.420783,0.420783,0.000000,0.000000,0.084157,0.000000
139.600,0.420783,0.420783,0.000000,0.000000,0.084157,0.000000
139.650,0.420783,0.420783,0.000000,0.000000,0.084157,0.000000
139.700,0.420783,0.420783,0.000000,0.000000,0.084157,0.000000
139.750,0.420783,0.420783,0.000000,0.000000,0.084157,0.000000
139.800,0.420783,0.420783,0.000000,0.000000,0.084157,0.000000
139.850,0.420783,0.420783,0.000000,0.000000,0.084157,0.000000
139.900,0.420783,0.420783,0.000000,0.000000,0.084157,0.000000
139.950,0.420783,0.420783,0.000000,0.000000,0.084157,0.000000
140.000,0.420783,0.420783,0.000000,0.000000,0.084157,0.000000
140.050,0.420783,0.420783,0.000000,0.000000,0.084157,0.000000
140.100,0.420783,0.420783,0.000000,0.000000,0.084157,0.000000
140.150,0.420783,0.420783,0.000000,0.000000,0.084157,0.000000
140.200,0.420783,0.420783,0.000000,0.000000,0.084157,0.000000
140.250,0.420783,0.420783,0.000000,0.000000,0.084157,0.000000
140.300,0.420783,0.420783,0.000000,0.000000,0.084157,0.000000
140.350,0.420783,0.420783,0.000000,0.000000,0.084157,0.000000
140.400,0.420783,0.420783,0.000000,0.000000,0.084157,0.000000
140.450,0.420783,0.420783,0.000000,0.000000,0.084157,0.000000
140.500,0.420783,0.420783,0.000000,0.000000,0.084157,0.000000
140.550,0.420783,0.420783,0.000000,0.000000,0.084157,0.000000
140.600,0.420783,0.420783,0.000000,0.000000,0.084157,0.000000
140.650,0.420783,0.420783,0.000000,0.000000,0.084157,0.000000
140.700,0.420783,0.420783,0.000000,0.000000,0.084157,0.000000
140.750,0.420783,0.420783,0.000000,0.000000,0.084157,0.000000
140.800,0.420783,0.420783,0.000000,0.000000,0.084157,0.000000
140.850,0.420783,0.420783,0.000000,0.000000,0.084157,0.000000
140.900,0.420783,0.420783,0.000000,0.000000,0.084157,0.000000
140.950,0.420783,0.420783,0.000000,0.000000,0.084157,0.000000
141.000,0.420783,0.420783,0.000000,0.000000,0.084157,0.000000
141.050,0.420783,0.420783,0.000000,0.000000,0.084157,0.000000
141.100,0.420783,0.420783,0.000000,0.000000,0.084157,0.000000
141.150,0.420783,0.420783,0.000000,0.000000,0.084157,0.000000
141.200,0.420783,0.420783,0.000000,0.000000,0.084157,0.000000
141.250,0.420783,0.420783,0.000000,0.000000,0.084157,0.000000
141.300,0.420783,0.420783,0.000000,0.000000,0.084157,0.000000
141.350,0.420783,0.420783,0.000000,0.000000,0.084157,0.000000
141.400,0.420783,0.420783,0.000000,0.000000,0.084157,0.000000
141.450,0.420783,0.420783,0.000000,0.000000,0.084157,0.000000
141.500,0.420783,0.420783,0.000000,0.000000,0.084157,0.000000
141.550,0.420783,0.420783,0.000000,0.000000,0.084157,0.000000
141.600,0.420783,0.420783,0.000000,0.000000,0.084157,0.000000
141.650,0.420783,0.420783,0.000000,0.000000,0.084157,0.000000
141.700,0.420783,0.420783,0.000000,0.000000,0.084157,0.000000
141.750,0.420783,0.420783,0.000000,0.000000,0.084157,0.000000
141.800,0.420783,0.420783,0.000000,0.000000,0.084157,0.000000
141.850,0.420783,0.420783,0.000000,0.000000,0.084157,0.000000
141.900,0.420783,0.420783,0.000000,0.000000,0.084157,0.000000
141.950,0.420783,0.420783,0.000000,0.000000,0.084157,0.000000
142.000,0.420783,0.420783,0.000000,0.000000,0.084157,0.000000
142.050,0.420783,0.420783,0.000000,0.000000,0.084157,0.000000
142.100,0.420783,0.420783,0.000000,0.000000,0.084157,0.000000
142.150,0.420783,0.420783,0.000000,0.000000,0.084157,0.000000
142.200,0.420783,0.420783,0.000000,0.000000,0.084157,0.000000
142.250,0.420783,0.420783,0.000000,0.000000,0.084157,0.000000
142.300,0.420783,0.420783,0.000000,0.000000,0.084157,0.000000
142.350,0.420783,0.420783,0.000000,0.000000,0.084157,0.000000
142.400,0.420783,0.420783,0.000000,0.000000,0.084157,0.000000
142.450,0.420783,0.420783,0.000000,0.000000,0.084157,0.000000
142.500,0.420783,0.420783,0.000000,0.000000,0.084157,0.000000
142.550,0.420783,0.420783,0.000000,0.000000,0.084157,0.000000
142.600,0.420783,0.420783,0.000000,0.000000,0.084157,0.000000
142.650,0.420783,0.420783,0.000000,0.000000,0.084157,0.000000
142.700,0.420783,0.420783,0.000000,0.000000,0.084157,0.000000
142.750,0.420783,0.420783,0.000000,0.000000,0.084157,0.000000
142.800,0.420783,0.420783,0.000000,0.000000,0.084157,0.000000
142.850,0.420783,0.420783,0.000000,0.000000,0.084157,0.000000
142.900,0.420783,0.420783,0.000000,0.000000,0.084157,0.000000
142.950,0.420783,0.420783,0.000000,0.000000,0.084157,0.000000
143.000,0.420783,0.420783,0.000000,0.000000,0.084157,0.000000
143.050,0.420783,0.420783,0.000000,0.000000,0.084157,0.000000
143.100,0.420783,0.420783,0.000000,0.000000,0.084157,0.000000
143.150,0.420783,0.420783,0.000000,0.000000,0.084157,0.000000
143.200,0.420783,0.420783,0.000000,0.000000,0.084157,0.000000
143.250,0.420783,0.420783,0.000000,0.000000,0.084157,0.000000
143.300,0.420783,0.420783,0.000000,0.000000,0.084157,0.000000
143.350,0.420783,0.420783,0.000000,0.000000,0.084157,0.000000
143.400,0.420783,0.420783,0.000000,0.000000,0.084157,0.000000
143.450,0.420783,0.420783,0.000000,0.000000,0.084157,0.000000
143.500,0.420783,0.420783,0.000000,0.000000,0.084157,0.000000
143.550,0.420783,0.420783,0.000000,0.000000,0.084157,0.000000
143.600,0.420783,0.420783,0.000000,0.000000,0.084157,0.000000
143.650,0.420783,0.420783,0.000000,0.000000,0.084157,0.000000
143.700,0.420783,0.420783,0.000000,0.000000,0.084157,0.000000
143.750,0.420783,0.420783,0.000000,0.000000,0.084157,0.000000
143.800,0.420783,0.420783,0.000000,0.000000,0.084157,0.000000
143.850,0.420783,0.420783,0.000000,0.000000,0.084157,0.000000
143.900,0.420783,0.420783,0.000000,0.000000,0.084157,0.000000
143.950,0.420783,0.420783,0.000000,0.000000,0.084157,0.000000
144.000,0.420783,0.420783,0.000000,0.000000,0.084157,0.000000
144.050,0.420783,0.420783,0.000000,0.000000,0.084157,0.000000
144.100,0.420783,0.420783,0.000000,0.000000,0.084157,0.000000
144.150,0.420783,0.420783,0.000000,0.000000,0.084157,0.000000
144.200,0.420783,0.420783,0.000000,0.000000,0.084157,0.000000
144.250,0.420783,0.420783,0.000000,0.000000,0.084157,0.000000
144.300,0.420783,0.420783,0.000000,0.000000,0.084157,0.000000
144.350,0.420783,0.420783,0.000000,0.000000,0.084157,0.000000
144.400,0.420783,0.420783,0.000000,0.000000,0.084157,0.000000
144.450,0.420783,0.420783,0.000000,0.000000,0.084157,0.000000
144.500,0.420783,0.420783,0.000000,0.000000,0.084157,0.000000
144.550,0.420783,0.420783,0.000000,0.000000,0.084157,0.000000
144.600,0.420783,0.420783,0.000000,0.000000,0.084157,0.000000
144.650,0.420783,0.420783,0.000000,0.000000,0.084157,0.000000
144.700,0.420783,0.420783,0.000000,0.000000,0.084157,0.000000
144.750,0.420783,0.420783,0.000000,0.000000,0.084157,0.000000
144.800,0.420783,0.420783,0.000000,0.000000,0.084157,0.000000
144.850,0.420783,0.420783,0.000000,0.000000,0.084157,0.000000
144.900,0.420783,0.420783,0.000000,0.000000,0.084157,0.000000
144.950,0.420783,0.420783,0.000000,0.000000,0.084157,0.000000
145.000,0.420783,0.420783,0.000000,0.000000,0.084157,0.000000
145.050,0.420783,0.420783,0.000000,0.000000,0.084157,0.000000
145.100,0.420783,0.420783,0.000000,0.000000,0.084157,0.000000
145.150,0.420783,0.420783,0.000000,0.000000,0.084157,0.000000
145.200,0.420783,0.420783,0.000000,0.000000,0.084157,0.000000
145.250,0.420783,0.420783,0.000000,0.000000,0.084157,0.000000
145.300,0.420783,0.420783,0.000000,0.000000,0.084157,0.000000
145.350,0.420783,0.420783,0.000000,0.000000,0.084157,0.000000
145.400,0.420783,0.420783,0.000000,0.000000,0.084157,0.000000
145.450,0.420783,0.420783,0.000000,0.000000,0.084157,0.000000
145.500,0.420783,0.420783,0.000000,0.000000,0.084157,0.000000
145.550,0.420783,0.420783,0.000000,0.000000,0.084157,0.000000
145.600,0.420783,0.420783,0.000000,0.000000,0.084157,0.000000
145.650,0.420783,0.420783,0.000000,0.000000,0.084157,0.000000
145.700,0.420783,0.420783,0.000000,0.000000,0.084157,0.000000
145.750,0.420783,0.420783,0.000000,0.000000,0.084157,0.000000
145.800,0.420783,0.420783,0.000000,0.000000,0.084157,0.000000
145.850,0.420783,0.420783,0.000000,0.000000,0.084157,0.000000
145.900,0.420783,0.420783,0.000000,0.000000,0.084157,0.000000
145.950,0.420783,0.420783,0.000000,0.000000,0.084157,0.000000
146.000,0.420783,0.420783,0.000000,0.000000,0.084157,0.000000
146.050,0.420783,0.420783,0.000000,0.000000,0.084157,0.000000
146.100,0.420783,0.420783,0.000000,0.000000,0.084157,0.000000
146.150,0.420783,0.420783,0.000000,0.000000,0.084157,0.000000
146.200,0.420783,0.420783,0.000000,0.000000,0.084157,0.000000
146.250,0.420783,0.420783,0.000000,0.000000,0.084157,0.000000
146.300,0.420783,0.420783,0.000000,0.000000,0.084157,0.000000
146.350,0.420783,0.420783,0.000000,0.000000,0.084157,0.000000
146.400,0.420783,0.420783,0.000000,0.000000,0.084157,0.000000
146.450,0.420783,0.420783,0.000000,0.000000,0.084157,0.000000
146.500,0.420783,0.420783,0.000000,0.000000,0.084157,0.000000
146.550,0.420783,0.420783,0.000000,0.000000,0.084157,0.000000
146.600,0.420783,0.420783,0.000000,0.000000,0.084157,0.000000
146.650,0.420783,0.420783,0.000000,0.000000,0.084157,0.000000
146.700,0.420783,0.420783,0.000000,0.000000,0.084157,0.000000
146.750,0.420783,0.420783,0.000000,0.000000,0.084157,0.000000
146.800,0.420783,0.420783,0.000000,0.000000,0.084157,0.000000
146.850,0.420783,0.420783,0.000000,0.000000,0.084157,0.000000
146.900,0.420783,0.420783,0.000000,0.000000,0.084157,0.000000
146.950,0.420783,0.420783,0.000000,0.000000,0.084157,0.000000
147.000,0.420783,0.420783,0.000000,0.000000,0.084157,0.000000
147.050,0.420783,0.420783,0.000000,0.000000,0.084157,0.000000
147.100,0.420783,0.420783,0.000000,0.000000,0.084157,0.000000
147.150,0.420783,0.420783,0.000000,0.000000,0.084157,0.000000
147.200,0.420783,0.420783,0.000000,0.000000,0.084157,0.000000
147.250,0.420783,0.420783,0.000000,0.000000,0.084157,0.000000
147.300,0.420783,0.420783,0.000000,0.000000,0.084157,0.000000
147.350,0.420783,0.420783,0.000000,0.000000,0.084157,0.000000
147.400,0.420783,0.420783,0.000000,0.000000,0.084157,0.000000
147.450,0.420783,0.420783,0.000000,0.000000,0.084157,0.000000
147.500,0.420783,0.420783,0.000000,0.000000,0.084157,0.000000
147.550,0.420783,0.420783,0.000000,0.000000,0.084157,0.000000
147.600,0.420783,0.420783,0.000000,0.000000,0.084157,0.000000
147.650,0.420783,0.420783,0.000000,0.000000,0.084157,0.000000
147.700,0.420783,0.420783,0.000000,0.000000,0.084157,0.000000
147.750,0.420783,0.420783,0.000000,0.000000,0.084157,0.000000
147.800,0.420783,0.420783,0.000000,0.000000,0.084157,0.000000
147.850,0.420783,0.420783,0.000000,0.000000,0.084157,0.000000
147.900,0.420783,0.420783,0.000000,0.000000,0.084157,0.000000
147.950,0.420783,0.420783,0.000000,0.000000,0.084157,0.000000
148.000,0.420783,0.420783,0.000000,0.000000,0.084157,0.000000
148.050,0.420783,0.420783,0.000000,0.000000,0.084157,0.000000
148.100,0.420783,0.420783,0.000000,0.000000,0.084157,0.000000
148.150,0.420783,0.420783,0.000000,0.000000,0.084157,0.000000
148.200,0.420783,0.420783,0.000000,0.000000,0.084157,0.000000
148.250,0.420783,0.420783,0.000000,0.000000,0.084157,0.000000
148.300,0.420783,0.420783,0.000000,0.000000,0.084157,0.000000
148.350,0.420783,0.420783,0.000000,0.000000,0.084157,0.000000
148.400,0.420783,0.420783,0.000000,0.000000,0.084157,0.000000
148.450,0.420783,0.420783,0.000000,0.000000,0.084157,0.000000
148.500,0.420783,0.420783,0.000000,0.000000,0.084157,0.000000
148.550,0.420783,0.420783,0.000000,0.000000,0.084157,0.000000
148.600,0.420783,0.420783,0.000000,0.000000,0.084157,0.000000
148.650,0.420783,0.420783,0.000000,0.000000,0.084157,0.000000
148.700,0.420783,0.420783,0.000000,0.000000,0.084157,0.000000
148.750,0.420783,0.420783,0.000000,0.000000,0.084157,0.000000
148.800,0.420783,0.420783,0.000000,0.000000,0.084157,0.000000
148.850,0.420783,0.420783,0.000000,0.000000,0.084157,0.000000
148.900,0.420783,0.420783,0.000000,0.000000,0.084157,0.000000
148.950,0.420783,0.420783,0.000000,0.000000,0.084157,0.000000
149.000,0.420783,0.420783,0.000000,0.000000,0.084157,0.000000
149.050,0.420783,0.420783,0.000000,0.000000,0.084157,0.000000
149.100,0.420783,0.420783,0.000000,0.000000,0.084157,0.000000
149.150,0.420783,0.420783,0.000000,0.000000,0.084157,0.000000
149.200,0.420783,0.420783,0.000000,0.000000,0.084157,0.000000
149.250,0.420783,0.420783,0.000000,0.000000,0.084157,0.000000
149.300,0.420783,0.420783,0.000000,0.000000,0.084157,0.000000
149.350,0.420783,0.420783,0.000000,0.000000,0.084157,0.000000
149.400,0.420783,0.420783,0.000000,0.000000,0.084157,0.000000
149.450,0.420783,0.420783,0.000000,0.000000,0.084157,0.000000
149.500,0.420783,0.420783,0.000000,0.000000,0.084157,0.000000
149.550,0.420783,0.420783,0.000000,0.000000,0.084157,0.000000
149.600,0.420783,0.420783,0.000000,0.000000,0.084157,0.000000
149.650,0.420783,0.420783,0.000000,0.000000,0.084157,0.000000
149.700,0.420783,0.420783,0.000000,0.000000,0.084157,0.000000
149.750,0.420783,0.420783,0.000000,0.000000,0.084157,0.000000
149.800,0.420783,0.420783,0.000000,0.000000,0.084157,0.000000
149.850,0.420783,0.420783,0.000000,0.000000,0.084157,0.000000
149.900,0.420783,0.420783,0.000000,0.000000,0.084157,0.000000
149.950,0.420783,0.420783,0.000000,0.000000,0.084157,0.000000
150.000,0.420783,0.420783,0.000000,0.000000,0.084157,0.000000
