arm,t,a,b,m
normal,0.000,0.420782,0.420782,0.158436
normal,0.050,0.420782,0.420782,0.158436
normal,0.100,0.420782,0.420782,0.158436
normal,0.150,0.420782,0.420782,0.158436
normal,0.200,0.420782,0.420782,0.158436
normal,0.250,0.420782,0.420782,0.158436
normal,0.300,0.420782,0.420782,0.158436
normal,0.350,0.420782,0.420782,0.158436
normal,0.400,0.420782,0.420782,0.158436
normal,0.450,0.420782,0.420782,0.158436
normal,0.500,0.420782,0.420782,0.158436
normal,0.550,0.420782,0.420782,0.158436
normal,0.600,0.420782,0.420782,0.158436
normal,0.650,0.420782,0.420782,0.158436
normal,0.700,0.420782,0.420782,0.158436
normal,0.750,0.420782,0.420782,0.158436
normal,0.800,0.420782,0.420782,0.158435
normal,0.850,0.420782,0.420782,0.158435
normal,0.900,0.420782,0.420782,0.158435
normal,0.950,0.420782,0.420782,0.158435
normal,1.000,0.420782,0.420782,0.158435
normal,1.050,0.420782,0.420782,0.158435
normal,1.100,0.420782,0.420782,0.158435
normal,1.150,0.420782,0.420782,0.158435
normal,1.200,0.420782,0.420782,0.158435
normal,1.250,0.420782,0.420782,0.158435
normal,1.300,0.420782,0.420782,0.158435
normal,1.350,0.420782,0.420782,0.158435
normal,1.400,0.420782,0.420782,0.158435
normal,1.450,0.420782,0.420782,0.158435
normal,1.500,0.420782,0.420782,0.158435
normal,1.550,0.420782,0.420782,0.158435
normal,1.600,0.420782,0.420782,0.158435
normal,1.650,0.420782,0.420782,0.158435
normal,1.700,0.420782,0.420782,0.158435
normal,1.750,0.420782,0.420782,0.158435
normal,1.800,0.420782,0.420782,0.158435
normal,1.850,0.420782,0.420782,0.158435
normal,1.900,0.420782,0.420782,0.158435
normal,1.950,0.420782,0.420782,0.158435
normal,2.000,0.420782,0.420782,0.158435
normal,2.050,0.420782,0.420782,0.158435
normal,2.100,0.420782,0.420782,0.158435
normal,2.150,0.420782,0.420782,0.158435
normal,2.200,0.420782,0.420782,0.158435
normal,2.250,0.420782,0.420782,0.158435
normal,2.300,0.420782,0.420782,0.158435
normal,2.350,0.420782,0.420782,0.158435
normal,2.400,0.420782,0.420782,0.158435
normal,2.450,0.420782,0.420782,0.158435
normal,2.500,0.420782,0.420782,0.158435
normal,2.550,0.420782,0.420782,0.158435
normal,2.600,0.420782,0.420782,0.158435
normal,2.650,0.420782,0.420782,0.158435
normal,2.700,0.420782,0.420782,0.158435
normal,2.750,0.420782,0.420782,0.158435
normal,2.800,0.420782,0.420782,0.158435
normal,2.850,0.420782,0.420782,0.158435
normal,2.900,0.420782,0.420782,0.158435
normal,2.950,0.420782,0.420782,0.158435
normal,3.000,0.420782,0.420782,0.158435
normal,3.050,0.420782,0.420782,0.158435
normal,3.100,0.420782,0.420782,0.158435
normal,3.150,0.420782,0.420782,0.158435
normal,3.200,0.420782,0.420782,0.158435
normal,3.250,0.420782,0.420782,0.158435
normal,3.300,0.420782,0.420782,0.158435
normal,3.350,0.420782,0.420782,0.158435
normal,3.400,0.420782,0.420782,0.158435
normal,3.450,0.420782,0.420782,0.158435
normal,3.500,0.420782,0.420782,0.158435
normal,3.550,0.420782,0.420782,0.158435
normal,3.600,0.420782,0.420782,0.158435
normal,3.650,0.420782,0.420782,0.158435
normal,3.700,0.420782,0.420782,0.158435
normal,3.750,0.420782,0.420782,0.158435
normal,3.800,0.420782,0.420782,0.158435
normal,3.850,0.420782,0.420782,0.158435
normal,3.900,0.420782,0.420782,0.158435
normal,3.950,0.420782,0.420782,0.158435
normal,4.000,0.420782,0.420782,0.158435
normal,4.050,0.420782,0.420782,0.158435
normal,4.100,0.420782,0.420782,0.158435
normal,4.150,0.420782,0.420782,0.158435
normal,4.200,0.420782,0.420782,0.158435
normal,4.250,0.420782,0.420782,0.158435
normal,4.300,0.420783,0.420783,0.158435
normal,4.350,0.420783,0.420783,0.158435
normal,4.400,0.420783,0.420783,0.158435
normal,4.450,0.420783,0.420783,0.158435
normal,4.500,0.420783,0.420783,0.158435
normal,4.550,0.420783,0.420783,0.158435
normal,4.600,0.420783,0.420783,0.158435
normal,4.650,0.420783,0.420783,0.158435
normal,4.700,0.420783,0.420783,0.158435
normal,4.750,0.420783,0.420783,0.158435
normal,4.800,0.420783,0.420783,0.158435
normal,4.850,0.420783,0.420783,0.158435
normal,4.900,0.420783,0.420783,0.158435
normal,4.950,0.420783,0.420783,0.158435
normal,5.000,0.420783,0.420783,0.158435
normal,5.050,0.420783,0.420783,0.158435
normal,5.100,0.420783,0.420783,0.158435
normal,5.150,0.420783,0.420783,0.158435
normal,5.200,0.420783,0.420783,0.158435
normal,5.250,0.420783,0.420783,0.158435
normal,5.300,0.420783,0.420783,0.158435
normal,5.350,0.420783,0.420783,0.158435
normal,5.400,0.420783,0.420783,0.158435
normal,5.450,0.420783,0.420783,0.158435
normal,5.500,0.420783,0.420783,0.158435
normal,5.550,0.420783,0.420783,0.158435
normal,5.600,0.420783,0.420783,0.158435
normal,5.650,0.420783,0.420783,0.158435
normal,5.700,0.420783,0.420783,0.158435
normal,5.750,0.420783,0.420783,0.158435
normal,5.800,0.420783,0.420783,0.158435
normal,5.850,0.420783,0.420783,0.158435
normal,5.900,0.420783,0.420783,0.158435
normal,5.950,0.420783,0.420783,0.158435
normal,6.000,0.420783,0.420783,0.158435
normal,6.050,0.420783,0.420783,0.158435
normal,6.100,0.420783,0.420783,0.158435
normal,6.150,0.420783,0.420783,0.158435
normal,6.200,0.420783,0.420783,0.158435
normal,6.250,0.420783,0.420783,0.158435
normal,6.300,0.420783,0.420783,0.158435
normal,6.350,0.420783,0.420783,0.158435
normal,6.400,0.420783,0.420783,0.158435
normal,6.450,0.420783,0.420783,0.158435
normal,6.500,0.420783,0.420783,0.158435
normal,6.550,0.420783,0.420783,0.158435
normal,6.600,0.420783,0.420783,0.158435
normal,6.650,0.420783,0.420783,0.158435
normal,6.700,0.420783,0.420783,0.158435
normal,6.750,0.420783,0.420783,0.158435
normal,6.800,0.420783,0.420783,0.158435
normal,6.850,0.420783,0.420783,0.158435
normal,6.900,0.420783,0.420783,0.158435
normal,6.950,0.420783,0.420783,0.158435
normal,7.000,0.420783,0.420783,0.158435
normal,7.050,0.420783,0.420783,0.158435
normal,7.100,0.420783,0.420783,0.158435
normal,7.150,0.420783,0.420783,0.158435
normal,7.200,0.420783,0.420783,0.158435
normal,7.250,0.420783,0.420783,0.158435
normal,7.300,0.420783,0.420783,0.158435
normal,7.350,0.420783,0.420783,0.158435
normal,7.400,0.420783,0.420783,0.158435
normal,7.450,0.420783,0.420783,0.158435
normal,7.500,0.420783,0.420783,0.158435
normal,7.550,0.420783,0.420783,0.158435
normal,7.600,0.420783,0.420783,0.158435
normal,7.650,0.420783,0.420783,0.158435
normal,7.700,0.420783,0.420783,0.158435
normal,7.750,0.420783,0.420783,0.158435
normal,7.800,0.420783,0.420783,0.158435
normal,7.850,0.420783,0.420783,0.158435
normal,7.900,0.420783,0.420783,0.158435
normal,7.950,0.420783,0.420783,0.158435
normal,8.000,0.420783,0.420783,0.158435
normal,8.050,0.420783,0.420783,0.158435
normal,8.100,0.420783,0.420783,0.158435
normal,8.150,0.420783,0.420783,0.158435
normal,8.200,0.420783,0.420783,0.158435
normal,8.250,0.420783,0.420783,0.158435
normal,8.300,0.420783,0.420783,0.158435
normal,8.350,0.420783,0.420783,0.158435
normal,8.400,0.420783,0.420783,0.158435
normal,8.450,0.420783,0.420783,0.158435
normal,8.500,0.420783,0.420783,0.158435
normal,8.550,0.420783,0.420783,0.158435
normal,8.600,0.420783,0.420783,0.158435
normal,8.650,0.420783,0.420783,0.158435
normal,8.700,0.420783,0.420783,0.158435
normal,8.750,0.420783,0.420783,0.158435
normal,8.800,0.420783,0.420783,0.158435
normal,8.850,0.420783,0.420783,0.158435
normal,8.900,0.420783,0.420783,0.158435
normal,8.950,0.420783,0.420783,0.158435
normal,9.000,0.420783,0.420783,0.158435
normal,9.050,0.420783,0.420783,0.158435
normal,9.100,0.420783,0.420783,0.158435
normal,9.150,0.420783,0.420783,0.158435
normal,9.200,0.420783,0.420783,0.158435
normal,9.250,0.420783,0.420783,0.158435
normal,9.300,0.420783,0.420783,0.158435
normal,9.350,0.420783,0.420783,0.158435
normal,9.400,0.420783,0.420783,0.158435
normal,9.450,0.420783,0.420783,0.158435
normal,9.500,0.420783,0.420783,0.158435
normal,9.550,0.420783,0.420783,0.158435
normal,9.600,0.420783,0.420783,0.158435
normal,9.650,0.420783,0.420783,0.158435
normal,9.700,0.420783,0.420783,0.158435
normal,9.750,0.420783,0.420783,0.158435
normal,9.800,0.420783,0.420783,0.158435
normal,9.850,0.420783,0.420783,0.158435
normal,9.900,0.420783,0.420783,0.158435
normal,9.950,0.420783,0.420783,0.158435
normal,10.000,0.420783,0.420783,0.158435
normal,10.050,0.420783,0.420783,0.158435
normal,10.100,0.420783,0.420783,0.158435
normal,10.150,0.420783,0.420783,0.158435
normal,10.200,0.420783,0.420783,0.158435
normal,10.250,0.420783,0.420783,0.158435
normal,10.300,0.420783,0.420783,0.158435
normal,10.350,0.420783,0.420783,0.158435
normal,10.400,0.420783,0.420783,0.158435
normal,10.450,0.420783,0.420783,0.158435
normal,10.500,0.420783,0.420783,0.158435
normal,10.550,0.420783,0.420783,0.158435
normal,10.600,0.420783,0.420783,0.158435
normal,10.650,0.420783,0.420783,0.158435
normal,10.700,0.420783,0.420783,0.158435
normal,10.750,0.420783,0.420783,0.158435
normal,10.800,0.420783,0.420783,0.158435
normal,10.850,0.420783,0.420783,0.158435
normal,10.900,0.420783,0.420783,0.158435
normal,10.950,0.420783,0.420783,0.158435
normal,11.000,0.420783,0.420783,0.158435
normal,11.050,0.420783,0.420783,0.158435
normal,11.100,0.420783,0.420783,0.158435
normal,11.150,0.420783,0.420783,0.158435
normal,11.200,0.420783,0.420783,0.158435
normal,11.250,0.420783,0.420783,0.158435
normal,11.300,0.420783,0.420783,0.158435
normal,11.350,0.420783,0.420783,0.158435
normal,11.400,0.420783,0.420783,0.158435
normal,11.450,0.420783,0.420783,0.158435
normal,11.500,0.420783,0.420783,0.158435
normal,11.550,0.420783,0.420783,0.158435
normal,11.600,0.420783,0.420783,0.158435
normal,11.650,0.420783,0.420783,0.158435
normal,11.700,0.420783,0.420783,0.158435
normal,11.750,0.420783,0.420783,0.158435
normal,11.800,0.420783,0.420783,0.158435
normal,11.850,0.420783,0.420783,0.158435
normal,11.900,0.420783,0.420783,0.158435
normal,11.950,0.420783,0.420783,0.158435
normal,12.000,0.420783,0.420783,0.158435
normal,12.050,0.420783,0.420783,0.158435
normal,12.100,0.420783,0.420783,0.158435
normal,12.150,0.420783,0.420783,0.158435
normal,12.200,0.420783,0.420783,0.158435
normal,12.250,0.420783,0.420783,0.158435
normal,12.300,0.420783,0.420783,0.158435
normal,12.350,0.420783,0.420783,0.158435
normal,12.400,0.420783,0.420783,0.158435
normal,12.450,0.420783,0.420783,0.158435
normal,12.500,0.420783,0.420783,0.158435
normal,12.550,0.420783,0.420783,0.158435
normal,12.600,0.420783,0.420783,0.158435
normal,12.650,0.420783,0.420783,0.158435
normal,12.700,0.420783,0.420783,0.158435
normal,12.750,0.420783,0.420783,0.158435
normal,12.800,0.420783,0.420783,0.158435
normal,12.850,0.420783,0.420783,0.158435
normal,12.900,0.420783,0.420783,0.158435
normal,12.950,0.420783,0.420783,0.158435
normal,13.000,0.420783,0.420783,0.158435
normal,13.050,0.420783,0.420783,0.158435
normal,13.100,0.420783,0.420783,0.158435
normal,13.150,0.420783,0.420783,0.158435
normal,13.200,0.420783,0.420783,0.158435
normal,13.250,0.420783,0.420783,0.158435
normal,13.300,0.420783,0.420783,0.158435
normal,13.350,0.420783,0.420783,0.158435
normal,13.400,0.420783,0.420783,0.158435
normal,13.450,0.420783,0.420783,0.158435
normal,13.500,0.420783,0.420783,0.158435
normal,13.550,0.420783,0.420783,0.158435
normal,13.600,0.420783,0.420783,0.158435
normal,13.650,0.420783,0.420783,0.158435
normal,13.700,0.420783,0.420783,0.158435
normal,13.750,0.420783,0.420783,0.158435
normal,13.800,0.420783,0.420783,0.158435
normal,13.850,0.420783,0.420783,0.158435
normal,13.900,0.420783,0.420783,0.158435
normal,13.950,0.420783,0.420783,0.158435
normal,14.000,0.420783,0.420783,0.158435
normal,14.050,0.420783,0.420783,0.158435
normal,14.100,0.420783,0.420783,0.158435
normal,14.150,0.420783,0.420783,0.158435
normal,14.200,0.420783,0.420783,0.158435
normal,14.250,0.420783,0.420783,0.158435
normal,14.300,0.420783,0.420783,0.158435
normal,14.350,0.420783,0.420783,0.158435
normal,14.400,0.420783,0.420783,0.158435
normal,14.450,0.420783,0.420783,0.158435
normal,14.500,0.420783,0.420783,0.158435
normal,14.550,0.420783,0.420783,0.158435
normal,14.600,0.420783,0.420783,0.158435
normal,14.650,0.420783,0.420783,0.158435
normal,14.700,0.420783,0.420783,0.158435
normal,14.750,0.420783,0.420783,0.158435
normal,14.800,0.420783,0.420783,0.158435
normal,14.850,0.420783,0.420783,0.158435
normal,14.900,0.420783,0.420783,0.158435
normal,14.950,0.420783,0.420783,0.158435
normal,15.000,0.420783,0.420783,0.158435
normal,15.050,0.420783,0.420783,0.158435
normal,15.100,0.420783,0.420783,0.158435
normal,15.150,0.420783,0.420783,0.158435
normal,15.200,0.420783,0.420783,0.158435
normal,15.250,0.420783,0.420783,0.158435
normal,15.300,0.420783,0.420783,0.158435
normal,15.350,0.420783,0.420783,0.158435
normal,15.400,0.420783,0.420783,0.158435
normal,15.450,0.420783,0.420783,0.158435
normal,15.500,0.420783,0.420783,0.158435
normal,15.550,0.420783,0.420783,0.158435
normal,15.600,0.420783,0.420783,0.158435
normal,15.650,0.420783,0.420783,0.158435
normal,15.700,0.420783,0.420783,0.158435
normal,15.750,0.420783,0.420783,0.158435
normal,15.800,0.420783,0.420783,0.158435
normal,15.850,0.420783,0.420783,0.158435
normal,15.900,0.420783,0.420783,0.158435
normal,15.950,0.420783,0.420783,0.158435
normal,16.000,0.420783,0.420783,0.158435
normal,16.050,0.420783,0.420783,0.158435
normal,16.100,0.420783,0.420783,0.158435
normal,16.150,0.420783,0.420783,0.158435
normal,16.200,0.420783,0.420783,0.158435
normal,16.250,0.420783,0.420783,0.158435
normal,16.300,0.420783,0.420783,0.158435
normal,16.350,0.420783,0.420783,0.158435
normal,16.400,0.420783,0.420783,0.158435
normal,16.450,0.420783,0.420783,0.158435
normal,16.500,0.420783,0.420783,0.158435
normal,16.550,0.420783,0.420783,0.158435
normal,16.600,0.420783,0.420783,0.158435
normal,16.650,0.420783,0.420783,0.158435
normal,16.700,0.420783,0.420783,0.158435
normal,16.750,0.420783,0.420783,0.158435
normal,16.800,0.420783,0.420783,0.158435
normal,16.850,0.420783,0.420783,0.158435
normal,16.900,0.420783,0.420783,0.158435
normal,16.950,0.420783,0.420783,0.158435
normal,17.000,0.420783,0.420783,0.158435
normal,17.050,0.420783,0.420783,0.158435
normal,17.100,0.420783,0.420783,0.158435
normal,17.150,0.420783,0.420783,0.158435
normal,17.200,0.420783,0.420783,0.158435
normal,17.250,0.420783,0.420783,0.158435
normal,17.300,0.420783,0.420783,0.158435
normal,17.350,0.420783,0.420783,0.158435
normal,17.400,0.420783,0.420783,0.158435
normal,17.450,0.420783,0.420783,0.158435
normal,17.500,0.420783,0.420783,0.158435
normal,17.550,0.420783,0.420783,0.158435
normal,17.600,0.420783,0.420783,0.158435
normal,17.650,0.420783,0.420783,0.158435
normal,17.700,0.420783,0.420783,0.158435
normal,17.750,0.420783,0.420783,0.158435
normal,17.800,0.420783,0.420783,0.158435
normal,17.850,0.420783,0.420783,0.158435
normal,17.900,0.420783,0.420783,0.158435
normal,17.950,0.420783,0.420783,0.158435
normal,18.000,0.420783,0.420783,0.158435
normal,18.050,0.420783,0.420783,0.158435
normal,18.100,0.420783,0.420783,0.158435
normal,18.150,0.420783,0.420783,0.158435
normal,18.200,0.420783,0.420783,0.158435
normal,18.250,0.420783,0.420783,0.158435
normal,18.300,0.420783,0.420783,0.158435
normal,18.350,0.420783,0.420783,0.158435
normal,18.400,0.420783,0.420783,0.158435
normal,18.450,0.420783,0.420783,0.158435
normal,18.500,0.420783,0.420783,0.158435
normal,18.550,0.420783,0.420783,0.158435
normal,18.600,0.420783,0.420783,0.158435
normal,18.650,0.420783,0.420783,0.158435
normal,18.700,0.420783,0.420783,0.158435
normal,18.750,0.420783,0.420783,0.158435
normal,18.800,0.420783,0.420783,0.158435
normal,18.850,0.420783,0.420783,0.158435
normal,18.900,0.420783,0.420783,0.158435
normal,18.950,0.420783,0.420783,0.158435
normal,19.000,0.420783,0.420783,0.158435
normal,19.050,0.420783,0.420783,0.158435
normal,19.100,0.420783,0.420783,0.158435
normal,19.150,0.420783,0.420783,0.158435
normal,19.200,0.420783,0.420783,0.158435
normal,19.250,0.420783,0.420783,0.158435
normal,19.300,0.420783,0.420783,0.158435
normal,19.350,0.420783,0.420783,0.158435
normal,19.400,0.420783,0.420783,0.158435
normal,19.450,0.420783,0.420783,0.158435
normal,19.500,0.420783,0.420783,0.158435
normal,19.550,0.420783,0.420783,0.158435
normal,19.600,0.420783,0.420783,0.158435
normal,19.650,0.420783,0.420783,0.158435
normal,19.700,0.420783,0.420783,0.158435
normal,19.750,0.420783,0.420783,0.158435
normal,19.800,0.420783,0.420783,0.158435
normal,19.850,0.420783,0.420783,0.158435
normal,19.900,0.420783,0.420783,0.158435
normal,19.950,0.420783,0.420783,0.158435
normal,20.000,0.420783,0.420783,0.158435
normal,20.050,0.420783,0.420783,0.158435
normal,20.100,0.420783,0.420783,0.158435
normal,20.150,0.420783,0.420783,0.158435
normal,20.200,0.420783,0.420783,0.158435
normal,20.250,0.420783,0.420783,0.158435
normal,20.300,0.420783,0.420783,0.158435
normal,20.350,0.420783,0.420783,0.158435
normal,20.400,0.420783,0.420783,0.158435
normal,20.450,0.420783,0.420783,0.158435
normal,20.500,0.420783,0.420783,0.158435
normal,20.550,0.420783,0.420783,0.158435
normal,20.600,0.420783,0.420783,0.158435
normal,20.650,0.420783,0.420783,0.158435
normal,20.700,0.420783,0.420783,0.158435
normal,20.750,0.420783,0.420783,0.158435
normal,20.800,0.420783,0.420783,0.158435
normal,20.850,0.420783,0.420783,0.158435
normal,20.900,0.420783,0.420783,0.158435
normal,20.950,0.420783,0.420783,0.158435
normal,21.000,0.420783,0.420783,0.158435
normal,21.050,0.420783,0.420783,0.158435
normal,21.100,0.420783,0.420783,0.158435
normal,21.150,0.420783,0.420783,0.158435
normal,21.200,0.420783,0.420783,0.158435
normal,21.250,0.420783,0.420783,0.158435
normal,21.300,0.420783,0.420783,0.158435
normal,21.350,0.420783,0.420783,0.158435
normal,21.400,0.420783,0.420783,0.158435
normal,21.450,0.420783,0.420783,0.158435
normal,21.500,0.420783,0.420783,0.158435
normal,21.550,0.420783,0.420783,0.158435
normal,21.600,0.420783,0.420783,0.158435
normal,21.650,0.420783,0.420783,0.158435
normal,21.700,0.420783,0.420783,0.158435
normal,21.750,0.420783,0.420783,0.158435
normal,21.800,0.420783,0.420783,0.158435
normal,21.850,0.420783,0.420783,0.158435
normal,21.900,0.420783,0.420783,0.158435
normal,21.950,0.420783,0.420783,0.158435
normal,22.000,0.420783,0.420783,0.158435
normal,22.050,0.420783,0.420783,0.158435
normal,22.100,0.420783,0.420783,0.158435
normal,22.150,0.420783,0.420783,0.158435
normal,22.200,0.420783,0.420783,0.158435
normal,22.250,0.420783,0.420783,0.158435
normal,22.300,0.420783,0.420783,0.158435
normal,22.350,0.420783,0.420783,0.158435
normal,22.400,0.420783,0.420783,0.158435
normal,22.450,0.420783,0.420783,0.158435
normal,22.500,0.420783,0.420783,0.158435
normal,22.550,0.420783,0.420783,0.158435
normal,22.600,0.420783,0.420783,0.158435
normal,22.650,0.420783,0.420783,0.158435
normal,22.700,0.420783,0.420783,0.158435
normal,22.750,0.420783,0.420783,0.158435
normal,22.800,0.420783,0.420783,0.158435
normal,22.850,0.420783,0.420783,0.158435
normal,22.900,0.420783,0.420783,0.158435
normal,22.950,0.420783,0.420783,0.158435
normal,23.000,0.420783,0.420783,0.158435
normal,23.050,0.420783,0.420783,0.158435
normal,23.100,0.420783,0.420783,0.158435
normal,23.150,0.420783,0.420783,0.158435
normal,23.200,0.420783,0.420783,0.158435
normal,23.250,0.420783,0.420783,0.158435
normal,23.300,0.420783,0.420783,0.158435
normal,23.350,0.420783,0.420783,0.158435
normal,23.400,0.420783,0.420783,0.158435
normal,23.450,0.420783,0.420783,0.158435
normal,23.500,0.420783,0.420783,0.158435
normal,23.550,0.420783,0.420783,0.158435
normal,23.600,0.420783,0.420783,0.158435
normal,23.650,0.420783,0.420783,0.158435
normal,23.700,0.420783,0.420783,0.158435
normal,23.750,0.420783,0.420783,0.158435
normal,23.800,0.420783,0.420783,0.158435
normal,23.850,0.420783,0.420783,0.158435
normal,23.900,0.420783,0.420783,0.158435
normal,23.950,0.420783,0.420783,0.158435
normal,24.000,0.420783,0.420783,0.158435
normal,24.050,0.420783,0.420783,0.158435
normal,24.100,0.420783,0.420783,0.158435
normal,24.150,0.420783,0.420783,0.158435
normal,24.200,0.420783,0.420783,0.158435
normal,24.250,0.420783,0.420783,0.158435
normal,24.300,0.420783,0.420783,0.158435
normal,24.350,0.420783,0.420783,0.158435
normal,24.400,0.420783,0.420783,0.158435
normal,24.450,0.420783,0.420783,0.158435
normal,24.500,0.420783,0.420783,0.158435
normal,24.550,0.420783,0.420783,0.158435
normal,24.600,0.420783,0.420783,0.158435
normal,24.650,0.420783,0.420783,0.158435
normal,24.700,0.420783,0.420783,0.158435
normal,24.750,0.420783,0.420783,0.158435
normal,24.800,0.420783,0.420783,0.158435
normal,24.850,0.420783,0.420783,0.158435
normal,24.900,0.420783,0.420783,0.158435
normal,24.950,0.420783,0.420783,0.158435
normal,25.000,0.420783,0.420783,0.158435
normal,25.050,0.420783,0.420783,0.158435
normal,25.100,0.420783,0.420783,0.158435
normal,25.150,0.420783,0.420783,0.158435
normal,25.200,0.420783,0.420783,0.158435
normal,25.250,0.420783,0.420783,0.158435
normal,25.300,0.420783,0.420783,0.158435
normal,25.350,0.420783,0.420783,0.158435
normal,25.400,0.420783,0.420783,0.158435
normal,25.450,0.420783,0.420783,0.158435
normal,25.500,0.420783,0.420783,0.158435
normal,25.550,0.420783,0.420783,0.158435
normal,25.600,0.420783,0.420783,0.158435
normal,25.650,0.420783,0.420783,0.158435
normal,25.700,0.420783,0.420783,0.158435
normal,25.750,0.420783,0.420783,0.158435
normal,25.800,0.420783,0.420783,0.158435
normal,25.850,0.420783,0.420783,0.158435
normal,25.900,0.420783,0.420783,0.158435
normal,25.950,0.420783,0.420783,0.158435
normal,26.000,0.420783,0.420783,0.158435
normal,26.050,0.420783,0.420783,0.158435
normal,26.100,0.420783,0.420783,0.158435
normal,26.150,0.420783,0.420783,0.158435
normal,26.200,0.420783,0.420783,0.158435
normal,26.250,0.420783,0.420783,0.158435
normal,26.300,0.420783,0.420783,0.158435
normal,26.350,0.420783,0.420783,0.158435
normal,26.400,0.420783,0.420783,0.158435
normal,26.450,0.420783,0.420783,0.158435
normal,26.500,0.420783,0.420783,0.158435
normal,26.550,0.420783,0.420783,0.158435
normal,26.600,0.420783,0.420783,0.158435
normal,26.650,0.420783,0.420783,0.158435
normal,26.700,0.420783,0.420783,0.158435
normal,26.750,0.420783,0.420783,0.158435
normal,26.800,0.420783,0.420783,0.158435
normal,26.850,0.420783,0.420783,0.158435
normal,26.900,0.420783,0.420783,0.158435
normal,26.950,0.420783,0.420783,0.158435
normal,27.000,0.420783,0.420783,0.158435
normal,27.050,0.420783,0.420783,0.158435
normal,27.100,0.420783,0.420783,0.158435
normal,27.150,0.420783,0.420783,0.158435
normal,27.200,0.420783,0.420783,0.158435
normal,27.250,0.420783,0.420783,0.158435
normal,27.300,0.420783,0.420783,0.158435
normal,27.350,0.420783,0.420783,0.158435
normal,27.400,0.420783,0.420783,0.158435
normal,27.450,0.420783,0.420783,0.158435
normal,27.500,0.420783,0.420783,0.158435
normal,27.550,0.420783,0.420783,0.158435
normal,27.600,0.420783,0.420783,0.158435
normal,27.650,0.420783,0.420783,0.158435
normal,27.700,0.420783,0.420783,0.158435
normal,27.750,0.420783,0.420783,0.158435
normal,27.800,0.420783,0.420783,0.158435
normal,27.850,0.420783,0.420783,0.158435
normal,27.900,0.420783,0.420783,0.158435
normal,27.950,0.420783,0.420783,0.158435
normal,28.000,0.420783,0.420783,0.158435
normal,28.050,0.420783,0.420783,0.158435
normal,28.100,0.420783,0.420783,0.158435
normal,28.150,0.420783,0.420783,0.158435
normal,28.200,0.420783,0.420783,0.158435
normal,28.250,0.420783,0.420783,0.158435
normal,28.300,0.420783,0.420783,0.158435
normal,28.350,0.420783,0.420783,0.158435
normal,28.400,0.420783,0.420783,0.158435
normal,28.450,0.420783,0.420783,0.158435
normal,28.500,0.420783,0.420783,0.158435
normal,28.550,0.420783,0.420783,0.158435
normal,28.600,0.420783,0.420783,0.158435
normal,28.650,0.420783,0.420783,0.158435
normal,28.700,0.420783,0.420783,0.158435
normal,28.750,0.420783,0.420783,0.158435
normal,28.800,0.420783,0.420783,0.158435
normal,28.850,0.420783,0.420783,0.158435
normal,28.900,0.420783,0.420783,0.158435
normal,28.950,0.420783,0.420783,0.158435
normal,29.000,0.420783,0.420783,0.158435
normal,29.050,0.420783,0.420783,0.158435
normal,29.100,0.420783,0.420783,0.158435
normal,29.150,0.420783,0.420783,0.158435
normal,29.200,0.420783,0.420783,0.158435
normal,29.250,0.420783,0.420783,0.158435
normal,29.300,0.420783,0.420783,0.158435
normal,29.350,0.420783,0.420783,0.158435
normal,29.400,0.420783,0.420783,0.158435
normal,29.450,0.420783,0.420783,0.158435
normal,29.500,0.420783,0.420783,0.158435
normal,29.550,0.420783,0.420783,0.158435
normal,29.600,0.420783,0.420783,0.158435
normal,29.650,0.420783,0.420783,0.158435
normal,29.700,0.420783,0.420783,0.158435
normal,29.750,0.420783,0.420783,0.158435
normal,29.800,0.420783,0.420783,0.158435
normal,29.850,0.420783,0.420783,0.158435
normal,29.900,0.420783,0.420783,0.158435
normal,29.950,0.420783,0.420783,0.158435
normal,30.000,0.420783,0.420783,0.158435
normal,30.050,0.420783,0.420783,0.158435
normal,30.100,0.420783,0.420783,0.158435
normal,30.150,0.420783,0.420783,0.158435
normal,30.200,0.420783,0.420783,0.158435
normal,30.250,0.420783,0.420783,0.158435
normal,30.300,0.420783,0.420783,0.158435
normal,30.350,0.420783,0.420783,0.158435
normal,30.400,0.420783,0.420783,0.158435
normal,30.450,0.420783,0.420783,0.158435
normal,30.500,0.420783,0.420783,0.158435
normal,30.550,0.420783,0.420783,0.158435
normal,30.600,0.420783,0.420783,0.158435
normal,30.650,0.420783,0.420783,0.158435
normal,30.700,0.420783,0.420783,0.158435
normal,30.750,0.420783,0.420783,0.158435
normal,30.800,0.420783,0.420783,0.158435
normal,30.850,0.420783,0.420783,0.158435
normal,30.900,0.420783,0.420783,0.158435
normal,30.950,0.420783,0.420783,0.158435
normal,31.000,0.420783,0.420783,0.158435
normal,31.050,0.420783,0.420783,0.158435
normal,31.100,0.420783,0.420783,0.158435
normal,31.150,0.420783,0.420783,0.158435
normal,31.200,0.420783,0.420783,0.158435
normal,31.250,0.420783,0.420783,0.158435
normal,31.300,0.420783,0.420783,0.158435
normal,31.350,0.420783,0.420783,0.158435
normal,31.400,0.420783,0.420783,0.158435
normal,31.450,0.420783,0.420783,0.158435
normal,31.500,0.420783,0.420783,0.158435
normal,31.550,0.420783,0.420783,0.158435
normal,31.600,0.420783,0.420783,0.158435
normal,31.650,0.420783,0.420783,0.158435
normal,31.700,0.420783,0.420783,0.158435
normal,31.750,0.420783,0.420783,0.158435
normal,31.800,0.420783,0.420783,0.158435
normal,31.850,0.420783,0.420783,0.158435
normal,31.900,0.420783,0.420783,0.158435
normal,31.950,0.420783,0.420783,0.158435
normal,32.000,0.420783,0.420783,0.158435
normal,32.050,0.420783,0.420783,0.158435
normal,32.100,0.420783,0.420783,0.158435
normal,32.150,0.420783,0.420783,0.158435
normal,32.200,0.420783,0.420783,0.158435
normal,32.250,0.420783,0.420783,0.158435
normal,32.300,0.420783,0.420783,0.158435
normal,32.350,0.420783,0.420783,0.158435
normal,32.400,0.420783,0.420783,0.158435
normal,32.450,0.420783,0.420783,0.158435
normal,32.500,0.420783,0.420783,0.158435
normal,32.550,0.420783,0.420783,0.158435
normal,32.600,0.420783,0.420783,0.158435
normal,32.650,0.420783,0.420783,0.158435
normal,32.700,0.420783,0.420783,0.158435
normal,32.750,0.420783,0.420783,0.158435
normal,32.800,0.420783,0.420783,0.158435
normal,32.850,0.420783,0.420783,0.158435
normal,32.900,0.420783,0.420783,0.158435
normal,32.950,0.420783,0.420783,0.158435
normal,33.000,0.420783,0.420783,0.158435
normal,33.050,0.420783,0.420783,0.158435
normal,33.100,0.420783,0.420783,0.158435
normal,33.150,0.420783,0.420783,0.158435
normal,33.200,0.420783,0.420783,0.158435
normal,33.250,0.420783,0.420783,0.158435
normal,33.300,0.420783,0.420783,0.158435
normal,33.350,0.420783,0.420783,0.158435
normal,33.400,0.420783,0.420783,0.158435
normal,33.450,0.420783,0.420783,0.158435
normal,33.500,0.420783,0.420783,0.158435
normal,33.550,0.420783,0.420783,0.158435
normal,33.600,0.420783,0.420783,0.158435
normal,33.650,0.420783,0.420783,0.158435
normal,33.700,0.420783,0.420783,0.158435
normal,33.750,0.420783,0.420783,0.158435
normal,33.800,0.420783,0.420783,0.158435
normal,33.850,0.420783,0.420783,0.158435
normal,33.900,0.420783,0.420783,0.158435
normal,33.950,0.420783,0.420783,0.158435
normal,34.000,0.420783,0.420783,0.158435
normal,34.050,0.420783,0.420783,0.158435
normal,34.100,0.420783,0.420783,0.158435
normal,34.150,0.420783,0.420783,0.158435
normal,34.200,0.420783,0.420783,0.158435
normal,34.250,0.420783,0.420783,0.158435
normal,34.300,0.420783,0.420783,0.158435
normal,34.350,0.420783,0.420783,0.158435
normal,34.400,0.420783,0.420783,0.158435
normal,34.450,0.420783,0.420783,0.158435
normal,34.500,0.420783,0.420783,0.158435
normal,34.550,0.420783,0.420783,0.158435
normal,34.600,0.420783,0.420783,0.158435
normal,34.650,0.420783,0.420783,0.158435
normal,34.700,0.420783,0.420783,0.158435
normal,34.750,0.420783,0.420783,0.158435
normal,34.800,0.420783,0.420783,0.158435
normal,34.850,0.420783,0.420783,0.158435
normal,34.900,0.420783,0.420783,0.158435
normal,34.950,0.420783,0.420783,0.158435
normal,35.000,0.420783,0.420783,0.158435
normal,35.050,0.420783,0.420783,0.158435
normal,35.100,0.420783,0.420783,0.158435
normal,35.150,0.420783,0.420783,0.158435
normal,35.200,0.420783,0.420783,0.158435
normal,35.250,0.420783,0.420783,0.158435
normal,35.300,0.420783,0.420783,0.158435
normal,35.350,0.420783,0.420783,0.158435
normal,35.400,0.420783,0.420783,0.158435
normal,35.450,0.420783,0.420783,0.158435
normal,35.500,0.420783,0.420783,0.158435
normal,35.550,0.420783,0.420783,0.158435
normal,35.600,0.420783,0.420783,0.158435
normal,35.650,0.420783,0.420783,0.158435
normal,35.700,0.420783,0.420783,0.158435
normal,35.750,0.420783,0.420783,0.158435
normal,35.800,0.420783,0.420783,0.158435
normal,35.850,0.420783,0.420783,0.158435
normal,35.900,0.420783,0.420783,0.158435
normal,35.950,0.420783,0.420783,0.158435
normal,36.000,0.420783,0.420783,0.158435
normal,36.050,0.420783,0.420783,0.158435
normal,36.100,0.420783,0.420783,0.158435
normal,36.150,0.420783,0.420783,0.158435
normal,36.200,0.420783,0.420783,0.158435
normal,36.250,0.420783,0.420783,0.158435
normal,36.300,0.420783,0.420783,0.158435
normal,36.350,0.420783,0.420783,0.158435
normal,36.400,0.420783,0.420783,0.158435
normal,36.450,0.420783,0.420783,0.158435
normal,36.500,0.420783,0.420783,0.158435
normal,36.550,0.420783,0.420783,0.158435
normal,36.600,0.420783,0.420783,0.158435
normal,36.650,0.420783,0.420783,0.158435
normal,36.700,0.420783,0.420783,0.158435
normal,36.750,0.420783,0.420783,0.158435
normal,36.800,0.420783,0.420783,0.158435
normal,36.850,0.420783,0.420783,0.158435
normal,36.900,0.420783,0.420783,0.158435
normal,36.950,0.420783,0.420783,0.158435
normal,37.000,0.420783,0.420783,0.158435
normal,37.050,0.420783,0.420783,0.158435
normal,37.100,0.420783,0.420783,0.158435
normal,37.150,0.420783,0.420783,0.158435
normal,37.200,0.420783,0.420783,0.158435
normal,37.250,0.420783,0.420783,0.158435
normal,37.300,0.420783,0.420783,0.158435
normal,37.350,0.420783,0.420783,0.158435
normal,37.400,0.420783,0.420783,0.158435
normal,37.450,0.420783,0.420783,0.158435
normal,37.500,0.420783,0.420783,0.158435
normal,37.550,0.420783,0.420783,0.158435
normal,37.600,0.420783,0.420783,0.158435
normal,37.650,0.420783,0.420783,0.158435
normal,37.700,0.420783,0.420783,0.158435
normal,37.750,0.420783,0.420783,0.158435
normal,37.800,0.420783,0.420783,0.158435
normal,37.850,0.420783,0.420783,0.158435
normal,37.900,0.420783,0.420783,0.158435
normal,37.950,0.420783,0.420783,0.158435
normal,38.000,0.420783,0.420783,0.158435
normal,38.050,0.420783,0.420783,0.158435
normal,38.100,0.420783,0.420783,0.158435
normal,38.150,0.420783,0.420783,0.158435
normal,38.200,0.420783,0.420783,0.158435
normal,38.250,0.420783,0.420783,0.158435
normal,38.300,0.420783,0.420783,0.158435
normal,38.350,0.420783,0.420783,0.158435
normal,38.400,0.420783,0.420783,0.158435
normal,38.450,0.420783,0.420783,0.158435
normal,38.500,0.420783,0.420783,0.158435
normal,38.550,0.420783,0.420783,0.158435
normal,38.600,0.420783,0.420783,0.158435
normal,38.650,0.420783,0.420783,0.158435
normal,38.700,0.420783,0.420783,0.158435
normal,38.750,0.420783,0.420783,0.158435
normal,38.800,0.420783,0.420783,0.158435
normal,38.850,0.420783,0.420783,0.158435
normal,38.900,0.420783,0.420783,0.158435
normal,38.950,0.420783,0.420783,0.158435
normal,39.000,0.420783,0.420783,0.158435
normal,39.050,0.420783,0.420783,0.158435
normal,39.100,0.420783,0.420783,0.158435
normal,39.150,0.420783,0.420783,0.158435
normal,39.200,0.420783,0.420783,0.158435
normal,39.250,0.420783,0.420783,0.158435
normal,39.300,0.420783,0.420783,0.158435
normal,39.350,0.420783,0.420783,0.158435
normal,39.400,0.420783,0.420783,0.158435
normal,39.450,0.420783,0.420783,0.158435
normal,39.500,0.420783,0.420783,0.158435
normal,39.550,0.420783,0.420783,0.158435
normal,39.600,0.420783,0.420783,0.158435
normal,39.650,0.420783,0.420783,0.158435
normal,39.700,0.420783,0.420783,0.158435
normal,39.750,0.420783,0.420783,0.158435
normal,39.800,0.420783,0.420783,0.158435
normal,39.850,0.420783,0.420783,0.158435
normal,39.900,0.420783,0.420783,0.158435
normal,39.950,0.420783,0.420783,0.158435
normal,40.000,0.420783,0.420783,0.158435
normal,40.050,0.420783,0.420783,0.158435
normal,40.100,0.420783,0.420783,0.158435
normal,40.150,0.420783,0.420783,0.158435
normal,40.200,0.420783,0.420783,0.158435
normal,40.250,0.420783,0.420783,0.158435
normal,40.300,0.420783,0.420783,0.158435
normal,40.350,0.420783,0.420783,0.158435
normal,40.400,0.420783,0.420783,0.158435
normal,40.450,0.420783,0.420783,0.158435
normal,40.500,0.420783,0.420783,0.158435
normal,40.550,0.420783,0.420783,0.158435
normal,40.600,0.420783,0.420783,0.158435
normal,40.650,0.420783,0.420783,0.158435
normal,40.700,0.420783,0.420783,0.158435
normal,40.750,0.420783,0.420783,0.158435
normal,40.800,0.420783,0.420783,0.158435
normal,40.850,0.420783,0.420783,0.158435
normal,40.900,0.420783,0.420783,0.158435
normal,40.950,0.420783,0.420783,0.158435
normal,41.000,0.420783,0.420783,0.158435
normal,41.050,0.420783,0.420783,0.158435
normal,41.100,0.420783,0.420783,0.158435
normal,41.150,0.420783,0.420783,0.158435
normal,41.200,0.420783,0.420783,0.158435
normal,41.250,0.420783,0.420783,0.158435
normal,41.300,0.420783,0.420783,0.158435
normal,41.350,0.420783,0.420783,0.158435
normal,41.400,0.420783,0.420783,0.158435
normal,41.450,0.420783,0.420783,0.158435
normal,41.500,0.420783,0.420783,0.158435
normal,41.550,0.420783,0.420783,0.158435
normal,41.600,0.420783,0.420783,0.158435
normal,41.650,0.420783,0.420783,0.158435
normal,41.700,0.420783,0.420783,0.158435
normal,41.750,0.420783,0.420783,0.158435
normal,41.800,0.420783,0.420783,0.158435
normal,41.850,0.420783,0.420783,0.158435
normal,41.900,0.420783,0.420783,0.158435
normal,41.950,0.420783,0.420783,0.158435
normal,42.000,0.420783,0.420783,0.158435
normal,42.050,0.420783,0.420783,0.158435
normal,42.100,0.420783,0.420783,0.158435
normal,42.150,0.420783,0.420783,0.158435
normal,42.200,0.420783,0.420783,0.158435
normal,42.250,0.420783,0.420783,0.158435
normal,42.300,0.420783,0.420783,0.158435
normal,42.350,0.420783,0.420783,0.158435
normal,42.400,0.420783,0.420783,0.158435
normal,42.450,0.420783,0.420783,0.158435
normal,42.500,0.420783,0.420783,0.158435
normal,42.550,0.420783,0.420783,0.158435
normal,42.600,0.420783,0.420783,0.158435
normal,42.650,0.420783,0.420783,0.158435
normal,42.700,0.420783,0.420783,0.158435
normal,42.750,0.420783,0.420783,0.158435
normal,42.800,0.420783,0.420783,0.158435
normal,42.850,0.420783,0.420783,0.158435
normal,42.900,0.420783,0.420783,0.158435
normal,42.950,0.420783,0.420783,0.158435
normal,43.000,0.420783,0.420783,0.158435
normal,43.050,0.420783,0.420783,0.158435
normal,43.100,0.420783,0.420783,0.158435
normal,43.150,0.420783,0.420783,0.158435
normal,43.200,0.420783,0.420783,0.158435
normal,43.250,0.420783,0.420783,0.158435
normal,43.300,0.420783,0.420783,0.158435
normal,43.350,0.420783,0.420783,0.158435
normal,43.400,0.420783,0.420783,0.158435
normal,43.450,0.420783,0.420783,0.158435
normal,43.500,0.420783,0.420783,0.158435
normal,43.550,0.420783,0.420783,0.158435
normal,43.600,0.420783,0.420783,0.158435
normal,43.650,0.420783,0.420783,0.158435
normal,43.700,0.420783,0.420783,0.158435
normal,43.750,0.420783,0.420783,0.158435
normal,43.800,0.420783,0.420783,0.158435
normal,43.850,0.420783,0.420783,0.158435
normal,43.900,0.420783,0.420783,0.158435
normal,43.950,0.420783,0.420783,0.158435
normal,44.000,0.420783,0.420783,0.158435
normal,44.050,0.420783,0.420783,0.158435
normal,44.100,0.420783,0.420783,0.158435
normal,44.150,0.420783,0.420783,0.158435
normal,44.200,0.420783,0.420783,0.158435
normal,44.250,0.420783,0.420783,0.158435
normal,44.300,0.420783,0.420783,0.158435
normal,44.350,0.420783,0.420783,0.158435
normal,44.400,0.420783,0.420783,0.158435
normal,44.450,0.420783,0.420783,0.158435
normal,44.500,0.420783,0.420783,0.158435
normal,44.550,0.420783,0.420783,0.158435
normal,44.600,0.420783,0.420783,0.158435
normal,44.650,0.420783,0.420783,0.158435
normal,44.700,0.420783,0.420783,0.158435
normal,44.750,0.420783,0.420783,0.158435
normal,44.800,0.420783,0.420783,0.158435
normal,44.850,0.420783,0.420783,0.158435
normal,44.900,0.420783,0.420783,0.158435
normal,44.950,0.420783,0.420783,0.158435
normal,45.000,0.420783,0.420783,0.158435
normal,45.050,0.420783,0.420783,0.158435
normal,45.100,0.420783,0.420783,0.158435
normal,45.150,0.420783,0.420783,0.158435
normal,45.200,0.420783,0.420783,0.158435
normal,45.250,0.420783,0.420783,0.158435
normal,45.300,0.420783,0.420783,0.158435
normal,45.350,0.420783,0.420783,0.158435
normal,45.400,0.420783,0.420783,0.158435
normal,45.450,0.420783,0.420783,0.158435
normal,45.500,0.420783,0.420783,0.158435
normal,45.550,0.420783,0.420783,0.158435
normal,45.600,0.420783,0.420783,0.158435
normal,45.650,0.420783,0.420783,0.158435
normal,45.700,0.420783,0.420783,0.158435
normal,45.750,0.420783,0.420783,0.158435
normal,45.800,0.420783,0.420783,0.158435
normal,45.850,0.420783,0.420783,0.158435
normal,45.900,0.420783,0.420783,0.158435
normal,45.950,0.420783,0.420783,0.158435
normal,46.000,0.420783,0.420783,0.158435
normal,46.050,0.420783,0.420783,0.158435
normal,46.100,0.420783,0.420783,0.158435
normal,46.150,0.420783,0.420783,0.158435
normal,46.200,0.420783,0.420783,0.158435
normal,46.250,0.420783,0.420783,0.158435
normal,46.300,0.420783,0.420783,0.158435
normal,46.350,0.420783,0.420783,0.158435
normal,46.400,0.420783,0.420783,0.158435
normal,46.450,0.420783,0.420783,0.158435
normal,46.500,0.420783,0.420783,0.158435
normal,46.550,0.420783,0.420783,0.158435
normal,46.600,0.420783,0.420783,0.158435
normal,46.650,0.420783,0.420783,0.158435
normal,46.700,0.420783,0.420783,0.158435
normal,46.750,0.420783,0.420783,0.158435
normal,46.800,0.420783,0.420783,0.158435
normal,46.850,0.420783,0.420783,0.158435
normal,46.900,0.420783,0.420783,0.158435
normal,46.950,0.420783,0.420783,0.158435
normal,47.000,0.420783,0.420783,0.158435
normal,47.050,0.420783,0.420783,0.158435
normal,47.100,0.420783,0.420783,0.158435
normal,47.150,0.420783,0.420783,0.158435
normal,47.200,0.420783,0.420783,0.158435
normal,47.250,0.420783,0.420783,0.158435
normal,47.300,0.420783,0.420783,0.158435
normal,47.350,0.420783,0.420783,0.158435
normal,47.400,0.420783,0.420783,0.158435
normal,47.450,0.420783,0.420783,0.158435
normal,47.500,0.420783,0.420783,0.158435
normal,47.550,0.420783,0.420783,0.158435
normal,47.600,0.420783,0.420783,0.158435
normal,47.650,0.420783,0.420783,0.158435
normal,47.700,0.420783,0.420783,0.158435
normal,47.750,0.420783,0.420783,0.158435
normal,47.800,0.420783,0.420783,0.158435
normal,47.850,0.420783,0.420783,0.158435
normal,47.900,0.420783,0.420783,0.158435
normal,47.950,0.420783,0.420783,0.158435
normal,48.000,0.420783,0.420783,0.158435
normal,48.050,0.420783,0.420783,0.158435
normal,48.100,0.420783,0.420783,0.158435
normal,48.150,0.420783,0.420783,0.158435
normal,48.200,0.420783,0.420783,0.158435
normal,48.250,0.420783,0.420783,0.158435
normal,48.300,0.420783,0.420783,0.158435
normal,48.350,0.420783,0.420783,0.158435
normal,48.400,0.420783,0.420783,0.158435
normal,48.450,0.420783,0.420783,0.158435
normal,48.500,0.420783,0.420783,0.158435
normal,48.550,0.420783,0.420783,0.158435
normal,48.600,0.420783,0.420783,0.158435
normal,48.650,0.420783,0.420783,0.158435
normal,48.700,0.420783,0.420783,0.158435
normal,48.750,0.420783,0.420783,0.158435
normal,48.800,0.420783,0.420783,0.158435
normal,48.850,0.420783,0.420783,0.158435
normal,48.900,0.420783,0.420783,0.158435
normal,48.950,0.420783,0.420783,0.158435
normal,49.000,0.420783,0.420783,0.158435
normal,49.050,0.420783,0.420783,0.158435
normal,49.100,0.420783,0.420783,0.158435
normal,49.150,0.420783,0.420783,0.158435
normal,49.200,0.420783,0.420783,0.158435
normal,49.250,0.420783,0.420783,0.158435
normal,49.300,0.420783,0.420783,0.158435
normal,49.350,0.420783,0.420783,0.158435
normal,49.400,0.420783,0.420783,0.158435
normal,49.450,0.420783,0.420783,0.158435
normal,49.500,0.420783,0.420783,0.158435
normal,49.550,0.420783,0.420783,0.158435
normal,49.600,0.420783,0.420783,0.158435
normal,49.650,0.420783,0.420783,0.158435
normal,49.700,0.420783,0.420783,0.158435
normal,49.750,0.420783,0.420783,0.158435
normal,49.800,0.420783,0.420783,0.158435
normal,49.850,0.420783,0.420783,0.158435
normal,49.900,0.420783,0.420783,0.158435
normal,49.950,0.420783,0.420783,0.158435
normal,50.000,0.420783,0.420783,0.158435
normal,50.050,0.420783,0.420783,0.158435
normal,50.100,0.420783,0.420783,0.158435
normal,50.150,0.420783,0.420783,0.158435
normal,50.200,0.420783,0.420783,0.158435
normal,50.250,0.420783,0.420783,0.158435
normal,50.300,0.420783,0.420783,0.158435
normal,50.350,0.420783,0.420783,0.158435
normal,50.400,0.420783,0.420783,0.158435
normal,50.450,0.420783,0.420783,0.158435
normal,50.500,0.420783,0.420783,0.158435
normal,50.550,0.420783,0.420783,0.158435
normal,50.600,0.420783,0.420783,0.158435
normal,50.650,0.420783,0.420783,0.158435
normal,50.700,0.420783,0.420783,0.158435
normal,50.750,0.420783,0.420783,0.158435
normal,50.800,0.420783,0.420783,0.158435
normal,50.850,0.420783,0.420783,0.158435
normal,50.900,0.420783,0.420783,0.158435
normal,50.950,0.420783,0.420783,0.158435
normal,51.000,0.420783,0.420783,0.158435
normal,51.050,0.420783,0.420783,0.158435
normal,51.100,0.420783,0.420783,0.158435
normal,51.150,0.420783,0.420783,0.158435
normal,51.200,0.420783,0.420783,0.158435
normal,51.250,0.420783,0.420783,0.158435
normal,51.300,0.420783,0.420783,0.158435
normal,51.350,0.420783,0.420783,0.158435
normal,51.400,0.420783,0.420783,0.158435
normal,51.450,0.420783,0.420783,0.158435
normal,51.500,0.420783,0.420783,0.158435
normal,51.550,0.420783,0.420783,0.158435
normal,51.600,0.420783,0.420783,0.158435
normal,51.650,0.420783,0.420783,0.158435
normal,51.700,0.420783,0.420783,0.158435
normal,51.750,0.420783,0.420783,0.158435
normal,51.800,0.420783,0.420783,0.158435
normal,51.850,0.420783,0.420783,0.158435
normal,51.900,0.420783,0.420783,0.158435
normal,51.950,0.420783,0.420783,0.158435
normal,52.000,0.420783,0.420783,0.158435
normal,52.050,0.420783,0.420783,0.158435
normal,52.100,0.420783,0.420783,0.158435
normal,52.150,0.420783,0.420783,0.158435
normal,52.200,0.420783,0.420783,0.158435
normal,52.250,0.420783,0.420783,0.158435
normal,52.300,0.420783,0.420783,0.158435
normal,52.350,0.420783,0.420783,0.158435
normal,52.400,0.420783,0.420783,0.158435
normal,52.450,0.420783,0.420783,0.158435
normal,52.500,0.420783,0.420783,0.158435
normal,52.550,0.420783,0.420783,0.158435
normal,52.600,0.420783,0.420783,0.158435
normal,52.650,0.420783,0.420783,0.158435
normal,52.700,0.420783,0.420783,0.158435
normal,52.750,0.420783,0.420783,0.158435
normal,52.800,0.420783,0.420783,0.158435
normal,52.850,0.420783,0.420783,0.158435
normal,52.900,0.420783,0.420783,0.158435
normal,52.950,0.420783,0.420783,0.158435
normal,53.000,0.420783,0.420783,0.158435
normal,53.050,0.420783,0.420783,0.158435
normal,53.100,0.420783,0.420783,0.158435
normal,53.150,0.420783,0.420783,0.158435
normal,53.200,0.420783,0.420783,0.158435
normal,53.250,0.420783,0.420783,0.158435
normal,53.300,0.420783,0.420783,0.158435
normal,53.350,0.420783,0.420783,0.158435
normal,53.400,0.420783,0.420783,0.158435
normal,53.450,0.420783,0.420783,0.158435
normal,53.500,0.420783,0.420783,0.158435
normal,53.550,0.420783,0.420783,0.158435
normal,53.600,0.420783,0.420783,0.158435
normal,53.650,0.420783,0.420783,0.158435
normal,53.700,0.420783,0.420783,0.158435
normal,53.750,0.420783,0.420783,0.158435
normal,53.800,0.420783,0.420783,0.158435
normal,53.850,0.420783,0.420783,0.158435
normal,53.900,0.420783,0.420783,0.158435
normal,53.950,0.420783,0.420783,0.158435
normal,54.000,0.420783,0.420783,0.158435
normal,54.050,0.420783,0.420783,0.158435
normal,54.100,0.420783,0.420783,0.158435
normal,54.150,0.420783,0.420783,0.158435
normal,54.200,0.420783,0.420783,0.158435
normal,54.250,0.420783,0.420783,0.158435
normal,54.300,0.420783,0.420783,0.158435
normal,54.350,0.420783,0.420783,0.158435
normal,54.400,0.420783,0.420783,0.158435
normal,54.450,0.420783,0.420783,0.158435
normal,54.500,0.420783,0.420783,0.158435
normal,54.550,0.420783,0.420783,0.158435
normal,54.600,0.420783,0.420783,0.158435
normal,54.650,0.420783,0.420783,0.158435
normal,54.700,0.420783,0.420783,0.158435
normal,54.750,0.420783,0.420783,0.158435
normal,54.800,0.420783,0.420783,0.158435
normal,54.850,0.420783,0.420783,0.158435
normal,54.900,0.420783,0.420783,0.158435
normal,54.950,0.420783,0.420783,0.158435
normal,55.000,0.420783,0.420783,0.158435
normal,55.050,0.420783,0.420783,0.158435
normal,55.100,0.420783,0.420783,0.158435
normal,55.150,0.420783,0.420783,0.158435
normal,55.200,0.420783,0.420783,0.158435
normal,55.250,0.420783,0.420783,0.158435
normal,55.300,0.420783,0.420783,0.158435
normal,55.350,0.420783,0.420783,0.158435
normal,55.400,0.420783,0.420783,0.158435
normal,55.450,0.420783,0.420783,0.158435
normal,55.500,0.420783,0.420783,0.158435
normal,55.550,0.420783,0.420783,0.158435
normal,55.600,0.420783,0.420783,0.158435
normal,55.650,0.420783,0.420783,0.158435
normal,55.700,0.420783,0.420783,0.158435
normal,55.750,0.420783,0.420783,0.158435
normal,55.800,0.420783,0.420783,0.158435
normal,55.850,0.420783,0.420783,0.158435
normal,55.900,0.420783,0.420783,0.158435
normal,55.950,0.420783,0.420783,0.158435
normal,56.000,0.420783,0.420783,0.158435
normal,56.050,0.420783,0.420783,0.158435
normal,56.100,0.420783,0.420783,0.158435
normal,56.150,0.420783,0.420783,0.158435
normal,56.200,0.420783,0.420783,0.158435
normal,56.250,0.420783,0.420783,0.158435
normal,56.300,0.420783,0.420783,0.158435
normal,56.350,0.420783,0.420783,0.158435
normal,56.400,0.420783,0.420783,0.158435
normal,56.450,0.420783,0.420783,0.158435
normal,56.500,0.420783,0.420783,0.158435
normal,56.550,0.420783,0.420783,0.158435
normal,56.600,0.420783,0.420783,0.158435
normal,56.650,0.420783,0.420783,0.158435
normal,56.700,0.420783,0.420783,0.158435
normal,56.750,0.420783,0.420783,0.158435
normal,56.800,0.420783,0.420783,0.158435
normal,56.850,0.420783,0.420783,0.158435
normal,56.900,0.420783,0.420783,0.158435
normal,56.950,0.420783,0.420783,0.158435
normal,57.000,0.420783,0.420783,0.158435
normal,57.050,0.420783,0.420783,0.158435
normal,57.100,0.420783,0.420783,0.158435
normal,57.150,0.420783,0.420783,0.158435
normal,57.200,0.420783,0.420783,0.158435
normal,57.250,0.420783,0.420783,0.158435
normal,57.300,0.420783,0.420783,0.158435
normal,57.350,0.420783,0.420783,0.158435
normal,57.400,0.420783,0.420783,0.158435
normal,57.450,0.420783,0.420783,0.158435
normal,57.500,0.420783,0.420783,0.158435
normal,57.550,0.420783,0.420783,0.158435
normal,57.600,0.420783,0.420783,0.158435
normal,57.650,0.420783,0.420783,0.158435
normal,57.700,0.420783,0.420783,0.158435
normal,57.750,0.420783,0.420783,0.158435
normal,57.800,0.420783,0.420783,0.158435
normal,57.850,0.420783,0.420783,0.158435
normal,57.900,0.420783,0.420783,0.158435
normal,57.950,0.420783,0.420783,0.158435
normal,58.000,0.420783,0.420783,0.158435
normal,58.050,0.420783,0.420783,0.158435
normal,58.100,0.420783,0.420783,0.158435
normal,58.150,0.420783,0.420783,0.158435
normal,58.200,0.420783,0.420783,0.158435
normal,58.250,0.420783,0.420783,0.158435
normal,58.300,0.420783,0.420783,0.158435
normal,58.350,0.420783,0.420783,0.158435
normal,58.400,0.420783,0.420783,0.158435
normal,58.450,0.420783,0.420783,0.158435
normal,58.500,0.420783,0.420783,0.158435
normal,58.550,0.420783,0.420783,0.158435
normal,58.600,0.420783,0.420783,0.158435
normal,58.650,0.420783,0.420783,0.158435
normal,58.700,0.420783,0.420783,0.158435
normal,58.750,0.420783,0.420783,0.158435
normal,58.800,0.420783,0.420783,0.158435
normal,58.850,0.420783,0.420783,0.158435
normal,58.900,0.420783,0.420783,0.158435
normal,58.950,0.420783,0.420783,0.158435
normal,59.000,0.420783,0.420783,0.158435
normal,59.050,0.420783,0.420783,0.158435
normal,59.100,0.420783,0.420783,0.158435
normal,59.150,0.420783,0.420783,0.158435
normal,59.200,0.420783,0.420783,0.158435
normal,59.250,0.420783,0.420783,0.158435
normal,59.300,0.420783,0.420783,0.158435
normal,59.350,0.420783,0.420783,0.158435
normal,59.400,0.420783,0.420783,0.158435
normal,59.450,0.420783,0.420783,0.158435
normal,59.500,0.420783,0.420783,0.158435
normal,59.550,0.420783,0.420783,0.158435
normal,59.600,0.420783,0.420783,0.158435
normal,59.650,0.420783,0.420783,0.158435
normal,59.700,0.420783,0.420783,0.158435
normal,59.750,0.420783,0.420783,0.158435
normal,59.800,0.420783,0.420783,0.158435
normal,59.850,0.420783,0.420783,0.158435
normal,59.900,0.420783,0.420783,0.158435
normal,59.950,0.420783,0.420783,0.158435
normal,60.000,0.420783,0.420783,0.158435
normal,60.050,0.420783,0.420783,0.158435
normal,60.100,0.420783,0.420783,0.158435
normal,60.150,0.420783,0.420783,0.158435
normal,60.200,0.420783,0.420783,0.158435
normal,60.250,0.420783,0.420783,0.158435
normal,60.300,0.420783,0.420783,0.158435
normal,60.350,0.420783,0.420783,0.158435
normal,60.400,0.420783,0.420783,0.158435
normal,60.450,0.420783,0.420783,0.158435
normal,60.500,0.420783,0.420783,0.158435
normal,60.550,0.420783,0.420783,0.158435
normal,60.600,0.420783,0.420783,0.158435
normal,60.650,0.420783,0.420783,0.158435
normal,60.700,0.420783,0.420783,0.158435
normal,60.750,0.420783,0.420783,0.158435
normal,60.800,0.420783,0.420783,0.158435
normal,60.850,0.420783,0.420783,0.158435
normal,60.900,0.420783,0.420783,0.158435
normal,60.950,0.420783,0.420783,0.158435
normal,61.000,0.420783,0.420783,0.158435
normal,61.050,0.420783,0.420783,0.158435
normal,61.100,0.420783,0.420783,0.158435
normal,61.150,0.420783,0.420783,0.158435
normal,61.200,0.420783,0.420783,0.158435
normal,61.250,0.420783,0.420783,0.158435
normal,61.300,0.420783,0.420783,0.158435
normal,61.350,0.420783,0.420783,0.158435
normal,61.400,0.420783,0.420783,0.158435
normal,61.450,0.420783,0.420783,0.158435
normal,61.500,0.420783,0.420783,0.158435
normal,61.550,0.420783,0.420783,0.158435
normal,61.600,0.420783,0.420783,0.158435
normal,61.650,0.420783,0.420783,0.158435
normal,61.700,0.420783,0.420783,0.158435
normal,61.750,0.420783,0.420783,0.158435
normal,61.800,0.420783,0.420783,0.158435
normal,61.850,0.420783,0.420783,0.158435
normal,61.900,0.420783,0.420783,0.158435
normal,61.950,0.420783,0.420783,0.158435
normal,62.000,0.420783,0.420783,0.158435
normal,62.050,0.420783,0.420783,0.158435
normal,62.100,0.420783,0.420783,0.158435
normal,62.150,0.420783,0.420783,0.158435
normal,62.200,0.420783,0.420783,0.158435
normal,62.250,0.420783,0.420783,0.158435
normal,62.300,0.420783,0.420783,0.158435
normal,62.350,0.420783,0.420783,0.158435
normal,62.400,0.420783,0.420783,0.158435
normal,62.450,0.420783,0.420783,0.158435
normal,62.500,0.420783,0.420783,0.158435
normal,62.550,0.420783,0.420783,0.158435
normal,62.600,0.420783,0.420783,0.158435
normal,62.650,0.420783,0.420783,0.158435
normal,62.700,0.420783,0.420783,0.158435
normal,62.750,0.420783,0.420783,0.158435
normal,62.800,0.420783,0.420783,0.158435
normal,62.850,0.420783,0.420783,0.158435
normal,62.900,0.420783,0.420783,0.158435
normal,62.950,0.420783,0.420783,0.158435
normal,63.000,0.420783,0.420783,0.158435
normal,63.050,0.420783,0.420783,0.158435
normal,63.100,0.420783,0.420783,0.158435
normal,63.150,0.420783,0.420783,0.158435
normal,63.200,0.420783,0.420783,0.158435
normal,63.250,0.420783,0.420783,0.158435
normal,63.300,0.420783,0.420783,0.158435
normal,63.350,0.420783,0.420783,0.158435
normal,63.400,0.420783,0.420783,0.158435
normal,63.450,0.420783,0.420783,0.158435
normal,63.500,0.420783,0.420783,0.158435
normal,63.550,0.420783,0.420783,0.158435
normal,63.600,0.420783,0.420783,0.158435
normal,63.650,0.420783,0.420783,0.158435
normal,63.700,0.420783,0.420783,0.158435
normal,63.750,0.420783,0.420783,0.158435
normal,63.800,0.420783,0.420783,0.158435
normal,63.850,0.420783,0.420783,0.158435
normal,63.900,0.420783,0.420783,0.158435
normal,63.950,0.420783,0.420783,0.158435
normal,64.000,0.420783,0.420783,0.158435
normal,64.050,0.420783,0.420783,0.158435
normal,64.100,0.420783,0.420783,0.158435
normal,64.150,0.420783,0.420783,0.158435
normal,64.200,0.420783,0.420783,0.158435
normal,64.250,0.420783,0.420783,0.158435
normal,64.300,0.420783,0.420783,0.158435
normal,64.350,0.420783,0.420783,0.158435
normal,64.400,0.420783,0.420783,0.158435
normal,64.450,0.420783,0.420783,0.158435
normal,64.500,0.420783,0.420783,0.158435
normal,64.550,0.420783,0.420783,0.158435
normal,64.600,0.420783,0.420783,0.158435
normal,64.650,0.420783,0.420783,0.158435
normal,64.700,0.420783,0.420783,0.158435
normal,64.750,0.420783,0.420783,0.158435
normal,64.800,0.420783,0.420783,0.158435
normal,64.850,0.420783,0.420783,0.158435
normal,64.900,0.420783,0.420783,0.158435
normal,64.950,0.420783,0.420783,0.158435
normal,65.000,0.420783,0.420783,0.158435
normal,65.050,0.420783,0.420783,0.158435
normal,65.100,0.420783,0.420783,0.158435
normal,65.150,0.420783,0.420783,0.158435
normal,65.200,0.420783,0.420783,0.158435
normal,65.250,0.420783,0.420783,0.158435
normal,65.300,0.420783,0.420783,0.158435
normal,65.350,0.420783,0.420783,0.158435
normal,65.400,0.420783,0.420783,0.158435
normal,65.450,0.420783,0.420783,0.158435
normal,65.500,0.420783,0.420783,0.158435
normal,65.550,0.420783,0.420783,0.158435
normal,65.600,0.420783,0.420783,0.158435
normal,65.650,0.420783,0.420783,0.158435
normal,65.700,0.420783,0.420783,0.158435
normal,65.750,0.420783,0.420783,0.158435
normal,65.800,0.420783,0.420783,0.158435
normal,65.850,0.420783,0.420783,0.158435
normal,65.900,0.420783,0.420783,0.158435
normal,65.950,0.420783,0.420783,0.158435
normal,66.000,0.420783,0.420783,0.158435
normal,66.050,0.420783,0.420783,0.158435
normal,66.100,0.420783,0.420783,0.158435
normal,66.150,0.420783,0.420783,0.158435
normal,66.200,0.420783,0.420783,0.158435
normal,66.250,0.420783,0.420783,0.158435
normal,66.300,0.420783,0.420783,0.158435
normal,66.350,0.420783,0.420783,0.158435
normal,66.400,0.420783,0.420783,0.158435
normal,66.450,0.420783,0.420783,0.158435
normal,66.500,0.420783,0.420783,0.158435
normal,66.550,0.420783,0.420783,0.158435
normal,66.600,0.420783,0.420783,0.158435
normal,66.650,0.420783,0.420783,0.158435
normal,66.700,0.420783,0.420783,0.158435
normal,66.750,0.420783,0.420783,0.158435
normal,66.800,0.420783,0.420783,0.158435
normal,66.850,0.420783,0.420783,0.158435
normal,66.900,0.420783,0.420783,0.158435
normal,66.950,0.420783,0.420783,0.158435
normal,67.000,0.420783,0.420783,0.158435
normal,67.050,0.420783,0.420783,0.158435
normal,67.100,0.420783,0.420783,0.158435
normal,67.150,0.420783,0.420783,0.158435
normal,67.200,0.420783,0.420783,0.158435
normal,67.250,0.420783,0.420783,0.158435
normal,67.300,0.420783,0.420783,0.158435
normal,67.350,0.420783,0.420783,0.158435
normal,67.400,0.420783,0.420783,0.158435
normal,67.450,0.420783,0.420783,0.158435
normal,67.500,0.420783,0.420783,0.158435
normal,67.550,0.420783,0.420783,0.158435
normal,67.600,0.420783,0.420783,0.158435
normal,67.650,0.420783,0.420783,0.158435
normal,67.700,0.420783,0.420783,0.158435
normal,67.750,0.420783,0.420783,0.158435
normal,67.800,0.420783,0.420783,0.158435
normal,67.850,0.420783,0.420783,0.158435
normal,67.900,0.420783,0.420783,0.158435
normal,67.950,0.420783,0.420783,0.158435
normal,68.000,0.420783,0.420783,0.158435
normal,68.050,0.420783,0.420783,0.158435
normal,68.100,0.420783,0.420783,0.158435
normal,68.150,0.420783,0.420783,0.158435
normal,68.200,0.420783,0.420783,0.158435
normal,68.250,0.420783,0.420783,0.158435
normal,68.300,0.420783,0.420783,0.158435
normal,68.350,0.420783,0.420783,0.158435
normal,68.400,0.420783,0.420783,0.158435
normal,68.450,0.420783,0.420783,0.158435
normal,68.500,0.420783,0.420783,0.158435
normal,68.550,0.420783,0.420783,0.158435
normal,68.600,0.420783,0.420783,0.158435
normal,68.650,0.420783,0.420783,0.158435
normal,68.700,0.420783,0.420783,0.158435
normal,68.750,0.420783,0.420783,0.158435
normal,68.800,0.420783,0.420783,0.158435
normal,68.850,0.420783,0.420783,0.158435
normal,68.900,0.420783,0.420783,0.158435
normal,68.950,0.420783,0.420783,0.158435
normal,69.000,0.420783,0.420783,0.158435
normal,69.050,0.420783,0.420783,0.158435
normal,69.100,0.420783,0.420783,0.158435
normal,69.150,0.420783,0.420783,0.158435
normal,69.200,0.420783,0.420783,0.158435
normal,69.250,0.420783,0.420783,0.158435
normal,69.300,0.420783,0.420783,0.158435
normal,69.350,0.420783,0.420783,0.158435
normal,69.400,0.420783,0.420783,0.158435
normal,69.450,0.420783,0.420783,0.158435
normal,69.500,0.420783,0.420783,0.158435
normal,69.550,0.420783,0.420783,0.158435
normal,69.600,0.420783,0.420783,0.158435
normal,69.650,0.420783,0.420783,0.158435
normal,69.700,0.420783,0.420783,0.158435
normal,69.750,0.420783,0.420783,0.158435
normal,69.800,0.420783,0.420783,0.158435
normal,69.850,0.420783,0.420783,0.158435
normal,69.900,0.420783,0.420783,0.158435
normal,69.950,0.420783,0.420783,0.158435
normal,70.000,0.420783,0.420783,0.158435
normal,70.050,0.420783,0.420783,0.158435
normal,70.100,0.420783,0.420783,0.158435
normal,70.150,0.420783,0.420783,0.158435
normal,70.200,0.420783,0.420783,0.158435
normal,70.250,0.420783,0.420783,0.158435
normal,70.300,0.420783,0.420783,0.158435
normal,70.350,0.420783,0.420783,0.158435
normal,70.400,0.420783,0.420783,0.158435
normal,70.450,0.420783,0.420783,0.158435
normal,70.500,0.420783,0.420783,0.158435
normal,70.550,0.420783,0.420783,0.158435
normal,70.600,0.420783,0.420783,0.158435
normal,70.650,0.420783,0.420783,0.158435
normal,70.700,0.420783,0.420783,0.158435
normal,70.750,0.420783,0.420783,0.158435
normal,70.800,0.420783,0.420783,0.158435
normal,70.850,0.420783,0.420783,0.158435
normal,70.900,0.420783,0.420783,0.158435
normal,70.950,0.420783,0.420783,0.158435
normal,71.000,0.420783,0.420783,0.158435
normal,71.050,0.420783,0.420783,0.158435
normal,71.100,0.420783,0.420783,0.158435
normal,71.150,0.420783,0.420783,0.158435
normal,71.200,0.420783,0.420783,0.158435
normal,71.250,0.420783,0.420783,0.158435
normal,71.300,0.420783,0.420783,0.158435
normal,71.350,0.420783,0.420783,0.158435
normal,71.400,0.420783,0.420783,0.158435
normal,71.450,0.420783,0.420783,0.158435
normal,71.500,0.420783,0.420783,0.158435
normal,71.550,0.420783,0.420783,0.158435
normal,71.600,0.420783,0.420783,0.158435
normal,71.650,0.420783,0.420783,0.158435
normal,71.700,0.420783,0.420783,0.158435
normal,71.750,0.420783,0.420783,0.158435
normal,71.800,0.420783,0.420783,0.158435
normal,71.850,0.420783,0.420783,0.158435
normal,71.900,0.420783,0.420783,0.158435
normal,71.950,0.420783,0.420783,0.158435
normal,72.000,0.420783,0.420783,0.158435
normal,72.050,0.420783,0.420783,0.158435
normal,72.100,0.420783,0.420783,0.158435
normal,72.150,0.420783,0.420783,0.158435
normal,72.200,0.420783,0.420783,0.158435
normal,72.250,0.420783,0.420783,0.158435
normal,72.300,0.420783,0.420783,0.158435
normal,72.350,0.420783,0.420783,0.158435
normal,72.400,0.420783,0.420783,0.158435
normal,72.450,0.420783,0.420783,0.158435
normal,72.500,0.420783,0.420783,0.158435
normal,72.550,0.420783,0.420783,0.158435
normal,72.600,0.420783,0.420783,0.158435
normal,72.650,0.420783,0.420783,0.158435
normal,72.700,0.420783,0.420783,0.158435
normal,72.750,0.420783,0.420783,0.158435
normal,72.800,0.420783,0.420783,0.158435
normal,72.850,0.420783,0.420783,0.158435
normal,72.900,0.420783,0.420783,0.158435
normal,72.950,0.420783,0.420783,0.158435
normal,73.000,0.420783,0.420783,0.158435
normal,73.050,0.420783,0.420783,0.158435
normal,73.100,0.420783,0.420783,0.158435
normal,73.150,0.420783,0.420783,0.158435
normal,73.200,0.420783,0.420783,0.158435
normal,73.250,0.420783,0.420783,0.158435
normal,73.300,0.420783,0.420783,0.158435
normal,73.350,0.420783,0.420783,0.158435
normal,73.400,0.420783,0.420783,0.158435
normal,73.450,0.420783,0.420783,0.158435
normal,73.500,0.420783,0.420783,0.158435
normal,73.550,0.420783,0.420783,0.158435
normal,73.600,0.420783,0.420783,0.158435
normal,73.650,0.420783,0.420783,0.158435
normal,73.700,0.420783,0.420783,0.158435
normal,73.750,0.420783,0.420783,0.158435
normal,73.800,0.420783,0.420783,0.158435
normal,73.850,0.420783,0.420783,0.158435
normal,73.900,0.420783,0.420783,0.158435
normal,73.950,0.420783,0.420783,0.158435
normal,74.000,0.420783,0.420783,0.158435
normal,74.050,0.420783,0.420783,0.158435
normal,74.100,0.420783,0.420783,0.158435
normal,74.150,0.420783,0.420783,0.158435
normal,74.200,0.420783,0.420783,0.158435
normal,74.250,0.420783,0.420783,0.158435
normal,74.300,0.420783,0.420783,0.158435
normal,74.350,0.420783,0.420783,0.158435
normal,74.400,0.420783,0.420783,0.158435
normal,74.450,0.420783,0.420783,0.158435
normal,74.500,0.420783,0.420783,0.158435
normal,74.550,0.420783,0.420783,0.158435
normal,74.600,0.420783,0.420783,0.158435
normal,74.650,0.420783,0.420783,0.158435
normal,74.700,0.420783,0.420783,0.158435
normal,74.750,0.420783,0.420783,0.158435
normal,74.800,0.420783,0.420783,0.158435
normal,74.850,0.420783,0.420783,0.158435
normal,74.900,0.420783,0.420783,0.158435
normal,74.950,0.420783,0.420783,0.158435
normal,75.000,0.420783,0.420783,0.158435
normal,75.050,0.420783,0.420783,0.158435
normal,75.100,0.420783,0.420783,0.158435
normal,75.150,0.420783,0.420783,0.158435
normal,75.200,0.420783,0.420783,0.158435
normal,75.250,0.420783,0.420783,0.158435
normal,75.300,0.420783,0.420783,0.158435
normal,75.350,0.420783,0.420783,0.158435
normal,75.400,0.420783,0.420783,0.158435
normal,75.450,0.420783,0.420783,0.158435
normal,75.500,0.420783,0.420783,0.158435
normal,75.550,0.420783,0.420783,0.158435
normal,75.600,0.420783,0.420783,0.158435
normal,75.650,0.420783,0.420783,0.158435
normal,75.700,0.420783,0.420783,0.158435
normal,75.750,0.420783,0.420783,0.158435
normal,75.800,0.420783,0.420783,0.158435
normal,75.850,0.420783,0.420783,0.158435
normal,75.900,0.420783,0.420783,0.158435
normal,75.950,0.420783,0.420783,0.158435
normal,76.000,0.420783,0.420783,0.158435
normal,76.050,0.420783,0.420783,0.158435
normal,76.100,0.420783,0.420783,0.158435
normal,76.150,0.420783,0.420783,0.158435
normal,76.200,0.420783,0.420783,0.158435
normal,76.250,0.420783,0.420783,0.158435
normal,76.300,0.420783,0.420783,0.158435
normal,76.350,0.420783,0.420783,0.158435
normal,76.400,0.420783,0.420783,0.158435
normal,76.450,0.420783,0.420783,0.158435
normal,76.500,0.420783,0.420783,0.158435
normal,76.550,0.420783,0.420783,0.158435
normal,76.600,0.420783,0.420783,0.158435
normal,76.650,0.420783,0.420783,0.158435
normal,76.700,0.420783,0.420783,0.158435
normal,76.750,0.420783,0.420783,0.158435
normal,76.800,0.420783,0.420783,0.158435
normal,76.850,0.420783,0.420783,0.158435
normal,76.900,0.420783,0.420783,0.158435
normal,76.950,0.420783,0.420783,0.158435
normal,77.000,0.420783,0.420783,0.158435
normal,77.050,0.420783,0.420783,0.158435
normal,77.100,0.420783,0.420783,0.158435
normal,77.150,0.420783,0.420783,0.158435
normal,77.200,0.420783,0.420783,0.158435
normal,77.250,0.420783,0.420783,0.158435
normal,77.300,0.420783,0.420783,0.158435
normal,77.350,0.420783,0.420783,0.158435
normal,77.400,0.420783,0.420783,0.158435
normal,77.450,0.420783,0.420783,0.158435
normal,77.500,0.420783,0.420783,0.158435
normal,77.550,0.420783,0.420783,0.158435
normal,77.600,0.420783,0.420783,0.158435
normal,77.650,0.420783,0.420783,0.158435
normal,77.700,0.420783,0.420783,0.158435
normal,77.750,0.420783,0.420783,0.158435
normal,77.800,0.420783,0.420783,0.158435
normal,77.850,0.420783,0.420783,0.158435
normal,77.900,0.420783,0.420783,0.158435
normal,77.950,0.420783,0.420783,0.158435
normal,78.000,0.420783,0.420783,0.158435
normal,78.050,0.420783,0.420783,0.158435
normal,78.100,0.420783,0.420783,0.158435
normal,78.150,0.420783,0.420783,0.158435
normal,78.200,0.420783,0.420783,0.158435
normal,78.250,0.420783,0.420783,0.158435
normal,78.300,0.420783,0.420783,0.158435
normal,78.350,0.420783,0.420783,0.158435
normal,78.400,0.420783,0.420783,0.158435
normal,78.450,0.420783,0.420783,0.158435
normal,78.500,0.420783,0.420783,0.158435
normal,78.550,0.420783,0.420783,0.158435
normal,78.600,0.420783,0.420783,0.158435
normal,78.650,0.420783,0.420783,0.158435
normal,78.700,0.420783,0.420783,0.158435
normal,78.750,0.420783,0.420783,0.158435
normal,78.800,0.420783,0.420783,0.158435
normal,78.850,0.420783,0.420783,0.158435
normal,78.900,0.420783,0.420783,0.158435
normal,78.950,0.420783,0.420783,0.158435
normal,79.000,0.420783,0.420783,0.158435
normal,79.050,0.420783,0.420783,0.158435
normal,79.100,0.420783,0.420783,0.158435
normal,79.150,0.420783,0.420783,0.158435
normal,79.200,0.420783,0.420783,0.158435
normal,79.250,0.420783,0.420783,0.158435
normal,79.300,0.420783,0.420783,0.158435
normal,79.350,0.420783,0.420783,0.158435
normal,79.400,0.420783,0.420783,0.158435
normal,79.450,0.420783,0.420783,0.158435
normal,79.500,0.420783,0.420783,0.158435
normal,79.550,0.420783,0.420783,0.158435
normal,79.600,0.420783,0.420783,0.158435
normal,79.650,0.420783,0.420783,0.158435
normal,79.700,0.420783,0.420783,0.158435
normal,79.750,0.420783,0.420783,0.158435
normal,79.800,0.420783,0.420783,0.158435
normal,79.850,0.420783,0.420783,0.158435
normal,79.900,0.420783,0.420783,0.158435
normal,79.950,0.420783,0.420783,0.158435
normal,80.000,0.420783,0.420783,0.158435
recover_sym,0.000,0.420782,0.420782,0.158436
recover_sym,0.050,0.420782,0.420782,0.158436
recover_sym,0.100,0.420782,0.420782,0.158436
recover_sym,0.150,0.420782,0.420782,0.158436
recover_sym,0.200,0.420782,0.420782,0.158436
recover_sym,0.250,0.420782,0.420782,0.158436
recover_sym,0.300,0.420782,0.420782,0.158436
recover_sym,0.350,0.420782,0.420782,0.158436
recover_sym,0.400,0.420782,0.420782,0.158436
recover_sym,0.450,0.420782,0.420782,0.158436
recover_sym,0.500,0.420782,0.420782,0.158436
recover_sym,0.550,0.420782,0.420782,0.158436
recover_sym,0.600,0.420782,0.420782,0.158436
recover_sym,0.650,0.420782,0.420782,0.158436
recover_sym,0.700,0.420782,0.420782,0.158436
recover_sym,0.750,0.420782,0.420782,0.158436
recover_sym,0.800,0.420782,0.420782,0.158435
recover_sym,0.850,0.420782,0.420782,0.158435
recover_sym,0.900,0.420782,0.420782,0.158435
recover_sym,0.950,0.420782,0.420782,0.158435
recover_sym,1.000,0.420782,0.420782,0.158435
recover_sym,1.050,0.420782,0.420782,0.158435
recover_sym,1.100,0.420782,0.420782,0.158435
recover_sym,1.150,0.420782,0.420782,0.158435
recover_sym,1.200,0.420782,0.420782,0.158435
recover_sym,1.250,0.420782,0.420782,0.158435
recover_sym,1.300,0.420782,0.420782,0.158435
recover_sym,1.350,0.420782,0.420782,0.158435
recover_sym,1.400,0.420782,0.420782,0.158435
recover_sym,1.450,0.420782,0.420782,0.158435
recover_sym,1.500,0.420782,0.420782,0.158435
recover_sym,1.550,0.420782,0.420782,0.158435
recover_sym,1.600,0.420782,0.420782,0.158435
recover_sym,1.650,0.420782,0.420782,0.158435
recover_sym,1.700,0.420782,0.420782,0.158435
recover_sym,1.750,0.420782,0.420782,0.158435
recover_sym,1.800,0.420782,0.420782,0.158435
recover_sym,1.850,0.420782,0.420782,0.158435
recover_sym,1.900,0.420782,0.420782,0.158435
recover_sym,1.950,0.420782,0.420782,0.158435
recover_sym,2.000,0.420782,0.420782,0.158435
recover_sym,2.050,0.420782,0.420782,0.158435
recover_sym,2.100,0.420782,0.420782,0.158435
recover_sym,2.150,0.420782,0.420782,0.158435
recover_sym,2.200,0.420782,0.420782,0.158435
recover_sym,2.250,0.420782,0.420782,0.158435
recover_sym,2.300,0.420782,0.420782,0.158435
recover_sym,2.350,0.420782,0.420782,0.158435
recover_sym,2.400,0.420782,0.420782,0.158435
recover_sym,2.450,0.420782,0.420782,0.158435
recover_sym,2.500,0.420782,0.420782,0.158435
recover_sym,2.550,0.420782,0.420782,0.158435
recover_sym,2.600,0.420782,0.420782,0.158435
recover_sym,2.650,0.420782,0.420782,0.158435
recover_sym,2.700,0.420782,0.420782,0.158435
recover_sym,2.750,0.420782,0.420782,0.158435
recover_sym,2.800,0.420782,0.420782,0.158435
recover_sym,2.850,0.420782,0.420782,0.158435
recover_sym,2.900,0.420782,0.420782,0.158435
recover_sym,2.950,0.420782,0.420782,0.158435
recover_sym,3.000,0.420782,0.420782,0.158435
recover_sym,3.050,0.420782,0.420782,0.158435
recover_sym,3.100,0.420782,0.420782,0.158435
recover_sym,3.150,0.420782,0.420782,0.158435
recover_sym,3.200,0.420782,0.420782,0.158435
recover_sym,3.250,0.420782,0.420782,0.158435
recover_sym,3.300,0.420782,0.420782,0.158435
recover_sym,3.350,0.420782,0.420782,0.158435
recover_sym,3.400,0.420782,0.420782,0.158435
recover_sym,3.450,0.420782,0.420782,0.158435
recover_sym,3.500,0.420782,0.420782,0.158435
recover_sym,3.550,0.420782,0.420782,0.158435
recover_sym,3.600,0.420782,0.420782,0.158435
recover_sym,3.650,0.420782,0.420782,0.158435
recover_sym,3.700,0.420782,0.420782,0.158435
recover_sym,3.750,0.420782,0.420782,0.158435
recover_sym,3.800,0.420782,0.420782,0.158435
recover_sym,3.850,0.420782,0.420782,0.158435
recover_sym,3.900,0.420782,0.420782,0.158435
recover_sym,3.950,0.420782,0.420782,0.158435
recover_sym,4.000,0.420782,0.420782,0.158435
recover_sym,4.050,0.420782,0.420782,0.158435
recover_sym,4.100,0.420782,0.420782,0.158435
recover_sym,4.150,0.420782,0.420782,0.158435
recover_sym,4.200,0.420782,0.420782,0.158435
recover_sym,4.250,0.420782,0.420782,0.158435
recover_sym,4.300,0.420783,0.420783,0.158435
recover_sym,4.350,0.420783,0.420783,0.158435
recover_sym,4.400,0.420783,0.420783,0.158435
recover_sym,4.450,0.420783,0.420783,0.158435
recover_sym,4.500,0.420783,0.420783,0.158435
recover_sym,4.550,0.420783,0.420783,0.158435
recover_sym,4.600,0.420783,0.420783,0.158435
recover_sym,4.650,0.420783,0.420783,0.158435
recover_sym,4.700,0.420783,0.420783,0.158435
recover_sym,4.750,0.420783,0.420783,0.158435
recover_sym,4.800,0.420783,0.420783,0.158435
recover_sym,4.850,0.420783,0.420783,0.158435
recover_sym,4.900,0.420783,0.420783,0.158435
recover_sym,4.950,0.420783,0.420783,0.158435
recover_sym,5.000,0.420783,0.420783,0.158435
recover_sym,5.050,0.420783,0.420783,0.158435
recover_sym,5.100,0.420783,0.420783,0.158435
recover_sym,5.150,0.420783,0.420783,0.158435
recover_sym,5.200,0.420783,0.420783,0.158435
recover_sym,5.250,0.420783,0.420783,0.158435
recover_sym,5.300,0.420783,0.420783,0.158435
recover_sym,5.350,0.420783,0.420783,0.158435
recover_sym,5.400,0.420783,0.420783,0.158435
recover_sym,5.450,0.420783,0.420783,0.158435
recover_sym,5.500,0.420783,0.420783,0.158435
recover_sym,5.550,0.420783,0.420783,0.158435
recover_sym,5.600,0.420783,0.420783,0.158435
recover_sym,5.650,0.420783,0.420783,0.158435
recover_sym,5.700,0.420783,0.420783,0.158435
recover_sym,5.750,0.420783,0.420783,0.158435
recover_sym,5.800,0.420783,0.420783,0.158435
recover_sym,5.850,0.420783,0.420783,0.158435
recover_sym,5.900,0.420783,0.420783,0.158435
recover_sym,5.950,0.420783,0.420783,0.158435
recover_sym,6.000,0.420783,0.420783,0.158435
recover_sym,6.050,0.420783,0.420783,0.158435
recover_sym,6.100,0.420783,0.420783,0.158435
recover_sym,6.150,0.420783,0.420783,0.158435
recover_sym,6.200,0.420783,0.420783,0.158435
recover_sym,6.250,0.420783,0.420783,0.158435
recover_sym,6.300,0.420783,0.420783,0.158435
recover_sym,6.350,0.420783,0.420783,0.158435
recover_sym,6.400,0.420783,0.420783,0.158435
recover_sym,6.450,0.420783,0.420783,0.158435
recover_sym,6.500,0.420783,0.420783,0.158435
recover_sym,6.550,0.420783,0.420783,0.158435
recover_sym,6.600,0.420783,0.420783,0.158435
recover_sym,6.650,0.420783,0.420783,0.158435
recover_sym,6.700,0.420783,0.420783,0.158435
recover_sym,6.750,0.420783,0.420783,0.158435
recover_sym,6.800,0.420783,0.420783,0.158435
recover_sym,6.850,0.420783,0.420783,0.158435
recover_sym,6.900,0.420783,0.420783,0.158435
recover_sym,6.950,0.420783,0.420783,0.158435
recover_sym,7.000,0.420783,0.420783,0.158435
recover_sym,7.050,0.420783,0.420783,0.158435
recover_sym,7.100,0.420783,0.420783,0.158435
recover_sym,7.150,0.420783,0.420783,0.158435
recover_sym,7.200,0.420783,0.420783,0.158435
recover_sym,7.250,0.420783,0.420783,0.158435
recover_sym,7.300,0.420783,0.420783,0.158435
recover_sym,7.350,0.420783,0.420783,0.158435
recover_sym,7.400,0.420783,0.420783,0.158435
recover_sym,7.450,0.420783,0.420783,0.158435
recover_sym,7.500,0.420783,0.420783,0.158435
recover_sym,7.550,0.420783,0.420783,0.158435
recover_sym,7.600,0.420783,0.420783,0.158435
recover_sym,7.650,0.420783,0.420783,0.158435
recover_sym,7.700,0.420783,0.420783,0.158435
recover_sym,7.750,0.420783,0.420783,0.158435
recover_sym,7.800,0.420783,0.420783,0.158435
recover_sym,7.850,0.420783,0.420783,0.158435
recover_sym,7.900,0.420783,0.420783,0.158435
recover_sym,7.950,0.420783,0.420783,0.158435
recover_sym,8.000,0.420783,0.420783,0.158435
recover_sym,8.050,0.420783,0.420783,0.158435
recover_sym,8.100,0.420783,0.420783,0.158435
recover_sym,8.150,0.420783,0.420783,0.158435
recover_sym,8.200,0.420783,0.420783,0.158435
recover_sym,8.250,0.420783,0.420783,0.158435
recover_sym,8.300,0.420783,0.420783,0.158435
recover_sym,8.350,0.420783,0.420783,0.158435
recover_sym,8.400,0.420783,0.420783,0.158435
recover_sym,8.450,0.420783,0.420783,0.158435
recover_sym,8.500,0.420783,0.420783,0.158435
recover_sym,8.550,0.420783,0.420783,0.158435
recover_sym,8.600,0.420783,0.420783,0.158435
recover_sym,8.650,0.420783,0.420783,0.158435
recover_sym,8.700,0.420783,0.420783,0.158435
recover_sym,8.750,0.420783,0.420783,0.158435
recover_sym,8.800,0.420783,0.420783,0.158435
recover_sym,8.850,0.420783,0.420783,0.158435
recover_sym,8.900,0.420783,0.420783,0.158435
recover_sym,8.950,0.420783,0.420783,0.158435
recover_sym,9.000,0.420783,0.420783,0.158435
recover_sym,9.050,0.420783,0.420783,0.158435
recover_sym,9.100,0.420783,0.420783,0.158435
recover_sym,9.150,0.420783,0.420783,0.158435
recover_sym,9.200,0.420783,0.420783,0.158435
recover_sym,9.250,0.420783,0.420783,0.158435
recover_sym,9.300,0.420783,0.420783,0.158435
recover_sym,9.350,0.420783,0.420783,0.158435
recover_sym,9.400,0.420783,0.420783,0.158435
recover_sym,9.450,0.420783,0.420783,0.158435
recover_sym,9.500,0.420783,0.420783,0.158435
recover_sym,9.550,0.420783,0.420783,0.158435
recover_sym,9.600,0.420783,0.420783,0.158435
recover_sym,9.650,0.420783,0.420783,0.158435
recover_sym,9.700,0.420783,0.420783,0.158435
recover_sym,9.750,0.420783,0.420783,0.158435
recover_sym,9.800,0.420783,0.420783,0.158435
recover_sym,9.850,0.420783,0.420783,0.158435
recover_sym,9.900,0.420783,0.420783,0.158435
recover_sym,9.950,0.420783,0.420783,0.158435
recover_sym,10.000,0.420783,0.420783,0.158435
recover_sym,10.050,0.420783,0.420783,0.158435
recover_sym,10.100,0.420783,0.420783,0.158435
recover_sym,10.150,0.420783,0.420783,0.158435
recover_sym,10.200,0.420783,0.420783,0.158435
recover_sym,10.250,0.420783,0.420783,0.158435
recover_sym,10.300,0.420783,0.420783,0.158435
recover_sym,10.350,0.420783,0.420783,0.158435
recover_sym,10.400,0.420783,0.420783,0.158435
recover_sym,10.450,0.420783,0.420783,0.158435
recover_sym,10.500,0.420783,0.420783,0.158435
recover_sym,10.550,0.420783,0.420783,0.158435
recover_sym,10.600,0.420783,0.420783,0.158435
recover_sym,10.650,0.420783,0.420783,0.158435
recover_sym,10.700,0.420783,0.420783,0.158435
recover_sym,10.750,0.420783,0.420783,0.158435
recover_sym,10.800,0.420783,0.420783,0.158435
recover_sym,10.850,0.420783,0.420783,0.158435
recover_sym,10.900,0.420783,0.420783,0.158435
recover_sym,10.950,0.420783,0.420783,0.158435
recover_sym,11.000,0.420783,0.420783,0.158435
recover_sym,11.050,0.420783,0.420783,0.158435
recover_sym,11.100,0.420783,0.420783,0.158435
recover_sym,11.150,0.420783,0.420783,0.158435
recover_sym,11.200,0.420783,0.420783,0.158435
recover_sym,11.250,0.420783,0.420783,0.158435
recover_sym,11.300,0.420783,0.420783,0.158435
recover_sym,11.350,0.420783,0.420783,0.158435
recover_sym,11.400,0.420783,0.420783,0.158435
recover_sym,11.450,0.420783,0.420783,0.158435
recover_sym,11.500,0.420783,0.420783,0.158435
recover_sym,11.550,0.420783,0.420783,0.158435
recover_sym,11.600,0.420783,0.420783,0.158435
recover_sym,11.650,0.420783,0.420783,0.158435
recover_sym,11.700,0.420783,0.420783,0.158435
recover_sym,11.750,0.420783,0.420783,0.158435
recover_sym,11.800,0.420783,0.420783,0.158435
recover_sym,11.850,0.420783,0.420783,0.158435
recover_sym,11.900,0.420783,0.420783,0.158435
recover_sym,11.950,0.420783,0.420783,0.158435
recover_sym,12.000,0.420783,0.420783,0.158435
recover_sym,12.050,0.420783,0.420783,0.158435
recover_sym,12.100,0.420783,0.420783,0.158435
recover_sym,12.150,0.420783,0.420783,0.158435
recover_sym,12.200,0.420783,0.420783,0.158435
recover_sym,12.250,0.420783,0.420783,0.158435
recover_sym,12.300,0.420783,0.420783,0.158435
recover_sym,12.350,0.420783,0.420783,0.158435
recover_sym,12.400,0.420783,0.420783,0.158435
recover_sym,12.450,0.420783,0.420783,0.158435
recover_sym,12.500,0.420783,0.420783,0.158435
recover_sym,12.550,0.420783,0.420783,0.158435
recover_sym,12.600,0.420783,0.420783,0.158435
recover_sym,12.650,0.420783,0.420783,0.158435
recover_sym,12.700,0.420783,0.420783,0.158435
recover_sym,12.750,0.420783,0.420783,0.158435
recover_sym,12.800,0.420783,0.420783,0.158435
recover_sym,12.850,0.420783,0.420783,0.158435
recover_sym,12.900,0.420783,0.420783,0.158435
recover_sym,12.950,0.420783,0.420783,0.158435
recover_sym,13.000,0.420783,0.420783,0.158435
recover_sym,13.050,0.420783,0.420783,0.158435
recover_sym,13.100,0.420783,0.420783,0.158435
recover_sym,13.150,0.420783,0.420783,0.158435
recover_sym,13.200,0.420783,0.420783,0.158435
recover_sym,13.250,0.420783,0.420783,0.158435
recover_sym,13.300,0.420783,0.420783,0.158435
recover_sym,13.350,0.420783,0.420783,0.158435
recover_sym,13.400,0.420783,0.420783,0.158435
recover_sym,13.450,0.420783,0.420783,0.158435
recover_sym,13.500,0.420783,0.420783,0.158435
recover_sym,13.550,0.420783,0.420783,0.158435
recover_sym,13.600,0.420783,0.420783,0.158435
recover_sym,13.650,0.420783,0.420783,0.158435
recover_sym,13.700,0.420783,0.420783,0.158435
recover_sym,13.750,0.420783,0.420783,0.158435
recover_sym,13.800,0.420783,0.420783,0.158435
recover_sym,13.850,0.420783,0.420783,0.158435
recover_sym,13.900,0.420783,0.420783,0.158435
recover_sym,13.950,0.420783,0.420783,0.158435
recover_sym,14.000,0.420783,0.420783,0.158435
recover_sym,14.050,0.420783,0.420783,0.158435
recover_sym,14.100,0.420783,0.420783,0.158435
recover_sym,14.150,0.420783,0.420783,0.158435
recover_sym,14.200,0.420783,0.420783,0.158435
recover_sym,14.250,0.420783,0.420783,0.158435
recover_sym,14.300,0.420783,0.420783,0.158435
recover_sym,14.350,0.420783,0.420783,0.158435
recover_sym,14.400,0.420783,0.420783,0.158435
recover_sym,14.450,0.420783,0.420783,0.158435
recover_sym,14.500,0.420783,0.420783,0.158435
recover_sym,14.550,0.420783,0.420783,0.158435
recover_sym,14.600,0.420783,0.420783,0.158435
recover_sym,14.650,0.420783,0.420783,0.158435
recover_sym,14.700,0.420783,0.420783,0.158435
recover_sym,14.750,0.420783,0.420783,0.158435
recover_sym,14.800,0.420783,0.420783,0.158435
recover_sym,14.850,0.420783,0.420783,0.158435
recover_sym,14.900,0.420783,0.420783,0.158435
recover_sym,14.950,0.420783,0.420783,0.158435
recover_sym,15.000,0.420783,0.420783,0.158435
recover_sym,15.050,0.420783,0.420783,0.158435
recover_sym,15.100,0.420783,0.420783,0.158435
recover_sym,15.150,0.420783,0.420783,0.158435
recover_sym,15.200,0.420783,0.420783,0.158435
recover_sym,15.250,0.420783,0.420783,0.158435
recover_sym,15.300,0.420783,0.420783,0.158435
recover_sym,15.350,0.420783,0.420783,0.158435
recover_sym,15.400,0.420783,0.420783,0.158435
recover_sym,15.450,0.420783,0.420783,0.158435
recover_sym,15.500,0.420783,0.420783,0.158435
recover_sym,15.550,0.420783,0.420783,0.158435
recover_sym,15.600,0.420783,0.420783,0.158435
recover_sym,15.650,0.420783,0.420783,0.158435
recover_sym,15.700,0.420783,0.420783,0.158435
recover_sym,15.750,0.420783,0.420783,0.158435
recover_sym,15.800,0.420783,0.420783,0.158435
recover_sym,15.850,0.420783,0.420783,0.158435
recover_sym,15.900,0.420783,0.420783,0.158435
recover_sym,15.950,0.420783,0.420783,0.158435
recover_sym,16.000,0.420783,0.420783,0.158435
recover_sym,16.050,0.420783,0.420783,0.158435
recover_sym,16.100,0.420783,0.420783,0.158435
recover_sym,16.150,0.420783,0.420783,0.158435
recover_sym,16.200,0.420783,0.420783,0.158435
recover_sym,16.250,0.420783,0.420783,0.158435
recover_sym,16.300,0.420783,0.420783,0.158435
recover_sym,16.350,0.420783,0.420783,0.158435
recover_sym,16.400,0.420783,0.420783,0.158435
recover_sym,16.450,0.420783,0.420783,0.158435
recover_sym,16.500,0.420783,0.420783,0.158435
recover_sym,16.550,0.420783,0.420783,0.158435
recover_sym,16.600,0.420783,0.420783,0.158435
recover_sym,16.650,0.420783,0.420783,0.158435
recover_sym,16.700,0.420783,0.420783,0.158435
recover_sym,16.750,0.420783,0.420783,0.158435
recover_sym,16.800,0.420783,0.420783,0.158435
recover_sym,16.850,0.420783,0.420783,0.158435
recover_sym,16.900,0.420783,0.420783,0.158435
recover_sym,16.950,0.420783,0.420783,0.158435
recover_sym,17.000,0.420783,0.420783,0.158435
recover_sym,17.050,0.420783,0.420783,0.158435
recover_sym,17.100,0.420783,0.420783,0.158435
recover_sym,17.150,0.420783,0.420783,0.158435
recover_sym,17.200,0.420783,0.420783,0.158435
recover_sym,17.250,0.420783,0.420783,0.158435
recover_sym,17.300,0.420783,0.420783,0.158435
recover_sym,17.350,0.420783,0.420783,0.158435
recover_sym,17.400,0.420783,0.420783,0.158435
recover_sym,17.450,0.420783,0.420783,0.158435
recover_sym,17.500,0.420783,0.420783,0.158435
recover_sym,17.550,0.420783,0.420783,0.158435
recover_sym,17.600,0.420783,0.420783,0.158435
recover_sym,17.650,0.420783,0.420783,0.158435
recover_sym,17.700,0.420783,0.420783,0.158435
recover_sym,17.750,0.420783,0.420783,0.158435
recover_sym,17.800,0.420783,0.420783,0.158435
recover_sym,17.850,0.420783,0.420783,0.158435
recover_sym,17.900,0.420783,0.420783,0.158435
recover_sym,17.950,0.420783,0.420783,0.158435
recover_sym,18.000,0.420783,0.420783,0.158435
recover_sym,18.050,0.420783,0.420783,0.158435
recover_sym,18.100,0.420783,0.420783,0.158435
recover_sym,18.150,0.420783,0.420783,0.158435
recover_sym,18.200,0.420783,0.420783,0.158435
recover_sym,18.250,0.420783,0.420783,0.158435
recover_sym,18.300,0.420783,0.420783,0.158435
recover_sym,18.350,0.420783,0.420783,0.158435
recover_sym,18.400,0.420783,0.420783,0.158435
recover_sym,18.450,0.420783,0.420783,0.158435
recover_sym,18.500,0.420783,0.420783,0.158435
recover_sym,18.550,0.420783,0.420783,0.158435
recover_sym,18.600,0.420783,0.420783,0.158435
recover_sym,18.650,0.420783,0.420783,0.158435
recover_sym,18.700,0.420783,0.420783,0.158435
recover_sym,18.750,0.420783,0.420783,0.158435
recover_sym,18.800,0.420783,0.420783,0.158435
recover_sym,18.850,0.420783,0.420783,0.158435
recover_sym,18.900,0.420783,0.420783,0.158435
recover_sym,18.950,0.420783,0.420783,0.158435
recover_sym,19.000,0.420783,0.420783,0.158435
recover_sym,19.050,0.420783,0.420783,0.158435
recover_sym,19.100,0.420783,0.420783,0.158435
recover_sym,19.150,0.420783,0.420783,0.158435
recover_sym,19.200,0.420783,0.420783,0.158435
recover_sym,19.250,0.420783,0.420783,0.158435
recover_sym,19.300,0.420783,0.420783,0.158435
recover_sym,19.350,0.420783,0.420783,0.158435
recover_sym,19.400,0.420783,0.420783,0.158435
recover_sym,19.450,0.420783,0.420783,0.158435
recover_sym,19.500,0.420783,0.420783,0.158435
recover_sym,19.550,0.420783,0.420783,0.158435
recover_sym,19.600,0.420783,0.420783,0.158435
recover_sym,19.650,0.420783,0.420783,0.158435
recover_sym,19.700,0.420783,0.420783,0.158435
recover_sym,19.750,0.420783,0.420783,0.158435
recover_sym,19.800,0.420783,0.420783,0.158435
recover_sym,19.850,0.420783,0.420783,0.158435
recover_sym,19.900,0.420783,0.420783,0.158435
recover_sym,19.950,0.420783,0.420783,0.158435
recover_sym,20.000,0.420783,0.420783,0.158435
recover_sym,20.050,0.420783,0.420783,0.158435
recover_sym,20.100,0.420783,0.420783,0.158435
recover_sym,20.150,0.420783,0.420783,0.158435
recover_sym,20.200,0.420783,0.420783,0.158435
recover_sym,20.250,0.420783,0.420783,0.158435
recover_sym,20.300,0.420783,0.420783,0.158435
recover_sym,20.350,0.420783,0.420783,0.158435
recover_sym,20.400,0.420783,0.420783,0.158435
recover_sym,20.450,0.420783,0.420783,0.158435
recover_sym,20.500,0.420783,0.420783,0.158435
recover_sym,20.550,0.420783,0.420783,0.158435
recover_sym,20.600,0.420783,0.420783,0.158435
recover_sym,20.650,0.420783,0.420783,0.158435
recover_sym,20.700,0.420783,0.420783,0.158435
recover_sym,20.750,0.420783,0.420783,0.158435
recover_sym,20.800,0.420783,0.420783,0.158435
recover_sym,20.850,0.420783,0.420783,0.158435
recover_sym,20.900,0.420783,0.420783,0.158435
recover_sym,20.950,0.420783,0.420783,0.158435
recover_sym,21.000,0.420783,0.420783,0.158435
recover_sym,21.050,0.420783,0.420783,0.158435
recover_sym,21.100,0.420783,0.420783,0.158435
recover_sym,21.150,0.420783,0.420783,0.158435
recover_sym,21.200,0.420783,0.420783,0.158435
recover_sym,21.250,0.420783,0.420783,0.158435
recover_sym,21.300,0.420783,0.420783,0.158435
recover_sym,21.350,0.420783,0.420783,0.158435
recover_sym,21.400,0.420783,0.420783,0.158435
recover_sym,21.450,0.420783,0.420783,0.158435
recover_sym,21.500,0.420783,0.420783,0.158435
recover_sym,21.550,0.420783,0.420783,0.158435
recover_sym,21.600,0.420783,0.420783,0.158435
recover_sym,21.650,0.420783,0.420783,0.158435
recover_sym,21.700,0.420783,0.420783,0.158435
recover_sym,21.750,0.420783,0.420783,0.158435
recover_sym,21.800,0.420783,0.420783,0.158435
recover_sym,21.850,0.420783,0.420783,0.158435
recover_sym,21.900,0.420783,0.420783,0.158435
recover_sym,21.950,0.420783,0.420783,0.158435
recover_sym,22.000,0.420783,0.420783,0.158435
recover_sym,22.050,0.420783,0.420783,0.158435
recover_sym,22.100,0.420783,0.420783,0.158435
recover_sym,22.150,0.420783,0.420783,0.158435
recover_sym,22.200,0.420783,0.420783,0.158435
recover_sym,22.250,0.420783,0.420783,0.158435
recover_sym,22.300,0.420783,0.420783,0.158435
recover_sym,22.350,0.420783,0.420783,0.158435
recover_sym,22.400,0.420783,0.420783,0.158435
recover_sym,22.450,0.420783,0.420783,0.158435
recover_sym,22.500,0.420783,0.420783,0.158435
recover_sym,22.550,0.420783,0.420783,0.158435
recover_sym,22.600,0.420783,0.420783,0.158435
recover_sym,22.650,0.420783,0.420783,0.158435
recover_sym,22.700,0.420783,0.420783,0.158435
recover_sym,22.750,0.420783,0.420783,0.158435
recover_sym,22.800,0.420783,0.420783,0.158435
recover_sym,22.850,0.420783,0.420783,0.158435
recover_sym,22.900,0.420783,0.420783,0.158435
recover_sym,22.950,0.420783,0.420783,0.158435
recover_sym,23.000,0.420783,0.420783,0.158435
recover_sym,23.050,0.420783,0.420783,0.158435
recover_sym,23.100,0.420783,0.420783,0.158435
recover_sym,23.150,0.420783,0.420783,0.158435
recover_sym,23.200,0.420783,0.420783,0.158435
recover_sym,23.250,0.420783,0.420783,0.158435
recover_sym,23.300,0.420783,0.420783,0.158435
recover_sym,23.350,0.420783,0.420783,0.158435
recover_sym,23.400,0.420783,0.420783,0.158435
recover_sym,23.450,0.420783,0.420783,0.158435
recover_sym,23.500,0.420783,0.420783,0.158435
recover_sym,23.550,0.420783,0.420783,0.158435
recover_sym,23.600,0.420783,0.420783,0.158435
recover_sym,23.650,0.420783,0.420783,0.158435
recover_sym,23.700,0.420783,0.420783,0.158435
recover_sym,23.750,0.420783,0.420783,0.158435
recover_sym,23.800,0.420783,0.420783,0.158435
recover_sym,23.850,0.420783,0.420783,0.158435
recover_sym,23.900,0.420783,0.420783,0.158435
recover_sym,23.950,0.420783,0.420783,0.158435
recover_sym,24.000,0.420783,0.420783,0.158435
recover_sym,24.050,0.420783,0.420783,0.158435
recover_sym,24.100,0.420783,0.420783,0.158435
recover_sym,24.150,0.420783,0.420783,0.158435
recover_sym,24.200,0.420783,0.420783,0.158435
recover_sym,24.250,0.420783,0.420783,0.158435
recover_sym,24.300,0.420783,0.420783,0.158435
recover_sym,24.350,0.420783,0.420783,0.158435
recover_sym,24.400,0.420783,0.420783,0.158435
recover_sym,24.450,0.420783,0.420783,0.158435
recover_sym,24.500,0.420783,0.420783,0.158435
recover_sym,24.550,0.420783,0.420783,0.158435
recover_sym,24.600,0.420783,0.420783,0.158435
recover_sym,24.650,0.420783,0.420783,0.158435
recover_sym,24.700,0.420783,0.420783,0.158435
recover_sym,24.750,0.420783,0.420783,0.158435
recover_sym,24.800,0.420783,0.420783,0.158435
recover_sym,24.850,0.420783,0.420783,0.158435
recover_sym,24.900,0.420783,0.420783,0.158435
recover_sym,24.950,0.420783,0.420783,0.158435
recover_sym,25.000,0.210740,0.210740,0.578520
recover_sym,25.050,0.212498,0.212498,0.575004
recover_sym,25.100,0.214280,0.214280,0.571441
recover_sym,25.150,0.216084,0.216084,0.567832
recover_sym,25.200,0.217912,0.217912,0.564176
recover_sym,25.250,0.219763,0.219763,0.560474
recover_sym,25.300,0.221637,0.221637,0.556726
recover_sym,25.350,0.223535,0.223535,0.552931
recover_sym,25.400,0.225455,0.225455,0.549090
recover_sym,25.450,0.227398,0.227398,0.545203
recover_sym,25.500,0.229365,0.229365,0.541271
recover_sym,25.550,0.231354,0.231354,0.537293
recover_sym,25.600,0.233365,0.233365,0.533270
recover_sym,25.650,0.235399,0.235399,0.529202
recover_sym,25.700,0.237454,0.237454,0.525091
recover_sym,25.750,0.239532,0.239532,0.520937
recover_sym,25.800,0.241630,0.241630,0.516739
recover_sym,25.850,0.243750,0.243750,0.512500
recover_sym,25.900,0.245890,0.245890,0.508220
recover_sym,25.950,0.248050,0.248050,0.503899
recover_sym,26.000,0.250230,0.250230,0.499540
recover_sym,26.050,0.252429,0.252429,0.495142
recover_sym,26.100,0.254647,0.254647,0.490707
recover_sym,26.150,0.256882,0.256882,0.486236
recover_sym,26.200,0.259135,0.259135,0.481731
recover_sym,26.250,0.261404,0.261404,0.477193
recover_sym,26.300,0.263688,0.263688,0.472623
recover_sym,26.350,0.265988,0.265988,0.468023
recover_sym,26.400,0.268302,0.268302,0.463396
recover_sym,26.450,0.270629,0.270629,0.458741
recover_sym,26.500,0.272969,0.272969,0.454062
recover_sym,26.550,0.275320,0.275320,0.449361
recover_sym,26.600,0.277681,0.277681,0.444639
recover_sym,26.650,0.280051,0.280051,0.439898
recover_sym,26.700,0.282429,0.282429,0.435141
recover_sym,26.750,0.284815,0.284815,0.430370
recover_sym,26.800,0.287206,0.287206,0.425588
recover_sym,26.850,0.289602,0.289602,0.420796
recover_sym,26.900,0.292001,0.292001,0.415998
recover_sym,26.950,0.294402,0.294402,0.411195
recover_sym,27.000,0.296805,0.296805,0.406391
recover_sym,27.050,0.299206,0.299206,0.401588
recover_sym,27.100,0.301606,0.301606,0.396789
recover_sym,27.150,0.304002,0.304002,0.391997
recover_sym,27.200,0.306393,0.306393,0.387214
recover_sym,27.250,0.308778,0.308778,0.382443
recover_sym,27.300,0.311156,0.311156,0.377688
recover_sym,27.350,0.313525,0.313525,0.372950
recover_sym,27.400,0.315883,0.315883,0.368233
recover_sym,27.450,0.318230,0.318230,0.363540
recover_sym,27.500,0.320563,0.320563,0.358874
recover_sym,27.550,0.322882,0.322882,0.354237
recover_sym,27.600,0.325184,0.325184,0.349632
recover_sym,27.650,0.327469,0.327469,0.345062
recover_sym,27.700,0.329735,0.329735,0.340530
recover_sym,27.750,0.331981,0.331981,0.336038
recover_sym,27.800,0.334206,0.334206,0.331589
recover_sym,27.850,0.336407,0.336407,0.327185
recover_sym,27.900,0.338585,0.338585,0.322830
recover_sym,27.950,0.340738,0.340738,0.318524
recover_sym,28.000,0.342865,0.342865,0.314271
recover_sym,28.050,0.344964,0.344964,0.310073
recover_sym,28.100,0.347035,0.347035,0.305931
recover_sym,28.150,0.349076,0.349076,0.301848
recover_sym,28.200,0.351087,0.351087,0.297826
recover_sym,28.250,0.353067,0.353067,0.293866
recover_sym,28.300,0.355015,0.355015,0.289970
recover_sym,28.350,0.356931,0.356931,0.286139
recover_sym,28.400,0.358813,0.358813,0.282375
recover_sym,28.450,0.360661,0.360661,0.278679
recover_sym,28.500,0.362474,0.362474,0.275052
recover_sym,28.550,0.364252,0.364252,0.271495
recover_sym,28.600,0.365995,0.365995,0.268009
recover_sym,28.650,0.367703,0.367703,0.264595
recover_sym,28.700,0.369374,0.369374,0.261253
recover_sym,28.750,0.371008,0.371008,0.257983
recover_sym,28.800,0.372607,0.372607,0.254787
recover_sym,28.850,0.374168,0.374168,0.251663
recover_sym,28.900,0.375693,0.375693,0.248613
recover_sym,28.950,0.377182,0.377182,0.245637
recover_sym,29.000,0.378633,0.378633,0.242733
recover_sym,29.050,0.380049,0.380049,0.239903
recover_sym,29.100,0.381428,0.381428,0.237145
recover_sym,29.150,0.382771,0.382771,0.234459
recover_sym,29.200,0.384078,0.384078,0.231844
recover_sym,29.250,0.385349,0.385349,0.229301
recover_sym,29.300,0.386586,0.386586,0.226828
recover_sym,29.350,0.387788,0.387788,0.224425
recover_sym,29.400,0.388955,0.388955,0.222090
recover_sym,29.450,0.390088,0.390088,0.219823
recover_sym,29.500,0.391188,0.391188,0.217623
recover_sym,29.550,0.392256,0.392256,0.215489
recover_sym,29.600,0.393290,0.393290,0.213419
recover_sym,29.650,0.394293,0.394293,0.211413
recover_sym,29.700,0.395265,0.395265,0.209470
recover_sym,29.750,0.396206,0.396206,0.207588
recover_sym,29.800,0.397117,0.397117,0.205766
recover_sym,29.850,0.397999,0.397999,0.204002
recover_sym,29.900,0.398852,0.398852,0.202296
recover_sym,29.950,0.399677,0.399677,0.200647
recover_sym,30.000,0.400474,0.400474,0.199052
recover_sym,30.050,0.401245,0.401245,0.197511
recover_sym,30.100,0.401989,0.401989,0.196022
recover_sym,30.150,0.402708,0.402708,0.194584
recover_sym,30.200,0.403402,0.403402,0.193196
recover_sym,30.250,0.404072,0.404072,0.191856
recover_sym,30.300,0.404718,0.404718,0.190564
recover_sym,30.350,0.405342,0.405342,0.189316
recover_sym,30.400,0.405943,0.405943,0.188114
recover_sym,30.450,0.406523,0.406523,0.186954
recover_sym,30.500,0.407082,0.407082,0.185837
recover_sym,30.550,0.407620,0.407620,0.184759
recover_sym,30.600,0.408139,0.408139,0.183722
recover_sym,30.650,0.408639,0.408639,0.182722
recover_sym,30.700,0.409120,0.409120,0.181760
recover_sym,30.750,0.409584,0.409584,0.180833
recover_sym,30.800,0.410030,0.410030,0.179941
recover_sym,30.850,0.410459,0.410459,0.179082
recover_sym,30.900,0.410872,0.410872,0.178256
recover_sym,30.950,0.411269,0.411269,0.177461
recover_sym,31.000,0.411652,0.411652,0.176697
recover_sym,31.050,0.412019,0.412019,0.175962
recover_sym,31.100,0.412373,0.412373,0.175255
recover_sym,31.150,0.412713,0.412713,0.174575
recover_sym,31.200,0.413039,0.413039,0.173921
recover_sym,31.250,0.413353,0.413353,0.173293
recover_sym,31.300,0.413655,0.413655,0.172690
recover_sym,31.350,0.413945,0.413945,0.172110
recover_sym,31.400,0.414224,0.414224,0.171553
recover_sym,31.450,0.414491,0.414491,0.171017
recover_sym,31.500,0.414748,0.414748,0.170503
recover_sym,31.550,0.414995,0.414995,0.170009
recover_sym,31.600,0.415232,0.415232,0.169535
recover_sym,31.650,0.415460,0.415460,0.169080
recover_sym,31.700,0.415679,0.415679,0.168643
recover_sym,31.750,0.415888,0.415888,0.168223
recover_sym,31.800,0.416090,0.416090,0.167820
recover_sym,31.850,0.416283,0.416283,0.167434
recover_sym,31.900,0.416469,0.416469,0.167063
recover_sym,31.950,0.416647,0.416647,0.166706
recover_sym,32.000,0.416818,0.416818,0.166365
recover_sym,32.050,0.416982,0.416982,0.166037
recover_sym,32.100,0.417139,0.417139,0.165722
recover_sym,32.150,0.417290,0.417290,0.165420
recover_sym,32.200,0.417435,0.417435,0.165131
recover_sym,32.250,0.417574,0.417574,0.164853
recover_sym,32.300,0.417707,0.417707,0.164586
recover_sym,32.350,0.417835,0.417835,0.164331
recover_sym,32.400,0.417957,0.417957,0.164086
recover_sym,32.450,0.418075,0.418075,0.163851
recover_sym,32.500,0.418187,0.418187,0.163625
recover_sym,32.550,0.418295,0.418295,0.163409
recover_sym,32.600,0.418399,0.418399,0.163202
recover_sym,32.650,0.418498,0.418498,0.163003
recover_sym,32.700,0.418594,0.418594,0.162813
recover_sym,32.750,0.418685,0.418685,0.162630
recover_sym,32.800,0.418773,0.418773,0.162455
recover_sym,32.850,0.418857,0.418857,0.162287
recover_sym,32.900,0.418937,0.418937,0.162126
recover_sym,32.950,0.419014,0.419014,0.161972
recover_sym,33.000,0.419088,0.419088,0.161824
recover_sym,33.050,0.419159,0.419159,0.161682
recover_sym,33.100,0.419227,0.419227,0.161546
recover_sym,33.150,0.419292,0.419292,0.161416
recover_sym,33.200,0.419355,0.419355,0.161291
recover_sym,33.250,0.419414,0.419414,0.161171
recover_sym,33.300,0.419472,0.419472,0.161057
recover_sym,33.350,0.419527,0.419527,0.160947
recover_sym,33.400,0.419579,0.419579,0.160841
recover_sym,33.450,0.419630,0.419630,0.160740
recover_sym,33.500,0.419678,0.419678,0.160644
recover_sym,33.550,0.419724,0.419724,0.160551
recover_sym,33.600,0.419769,0.419769,0.160462
recover_sym,33.650,0.419811,0.419811,0.160377
recover_sym,33.700,0.419852,0.419852,0.160296
recover_sym,33.750,0.419891,0.419891,0.160217
recover_sym,33.800,0.419929,0.419929,0.160142
recover_sym,33.850,0.419965,0.419965,0.160071
recover_sym,33.900,0.419999,0.419999,0.160002
recover_sym,33.950,0.420032,0.420032,0.159936
recover_sym,34.000,0.420063,0.420063,0.159873
recover_sym,34.050,0.420094,0.420094,0.159813
recover_sym,34.100,0.420123,0.420123,0.159755
recover_sym,34.150,0.420150,0.420150,0.159699
recover_sym,34.200,0.420177,0.420177,0.159646
recover_sym,34.250,0.420202,0.420202,0.159595
recover_sym,34.300,0.420227,0.420227,0.159546
recover_sym,34.350,0.420250,0.420250,0.159499
recover_sym,34.400,0.420273,0.420273,0.159455
recover_sym,34.450,0.420294,0.420294,0.159412
recover_sym,34.500,0.420315,0.420315,0.159371
recover_sym,34.550,0.420334,0.420334,0.159331
recover_sym,34.600,0.420353,0.420353,0.159293
recover_sym,34.650,0.420371,0.420371,0.159257
recover_sym,34.700,0.420389,0.420389,0.159223
recover_sym,34.750,0.420405,0.420405,0.159190
recover_sym,34.800,0.420421,0.420421,0.159158
recover_sym,34.850,0.420436,0.420436,0.159127
recover_sym,34.900,0.420451,0.420451,0.159098
recover_sym,34.950,0.420465,0.420465,0.159070
recover_sym,35.000,0.420478,0.420478,0.159043
recover_sym,35.050,0.420491,0.420491,0.159018
recover_sym,35.100,0.420503,0.420503,0.158993
recover_sym,35.150,0.420515,0.420515,0.158970
recover_sym,35.200,0.420526,0.420526,0.158947
recover_sym,35.250,0.420537,0.420537,0.158926
recover_sym,35.300,0.420548,0.420548,0.158905
recover_sym,35.350,0.420557,0.420557,0.158885
recover_sym,35.400,0.420567,0.420567,0.158866
recover_sym,35.450,0.420576,0.420576,0.158848
recover_sym,35.500,0.420585,0.420585,0.158831
recover_sym,35.550,0.420593,0.420593,0.158814
recover_sym,35.600,0.420601,0.420601,0.158798
recover_sym,35.650,0.420609,0.420609,0.158783
recover_sym,35.700,0.420616,0.420616,0.158768
recover_sym,35.750,0.420623,0.420623,0.158754
recover_sym,35.800,0.420630,0.420630,0.158740
recover_sym,35.850,0.420636,0.420636,0.158728
recover_sym,35.900,0.420642,0.420642,0.158715
recover_sym,35.950,0.420648,0.420648,0.158703
recover_sym,36.000,0.420654,0.420654,0.158692
recover_sym,36.050,0.420659,0.420659,0.158681
recover_sym,36.100,0.420665,0.420665,0.158671
recover_sym,36.150,0.420670,0.420670,0.158661
recover_sym,36.200,0.420674,0.420674,0.158651
recover_sym,36.250,0.420679,0.420679,0.158642
recover_sym,36.300,0.420683,0.420683,0.158634
recover_sym,36.350,0.420687,0.420687,0.158625
recover_sym,36.400,0.420691,0.420691,0.158617
recover_sym,36.450,0.420695,0.420695,0.158609
recover_sym,36.500,0.420699,0.420699,0.158602
recover_sym,36.550,0.420702,0.420702,0.158595
recover_sym,36.600,0.420706,0.420706,0.158588
recover_sym,36.650,0.420709,0.420709,0.158582
recover_sym,36.700,0.420712,0.420712,0.158576
recover_sym,36.750,0.420715,0.420715,0.158570
recover_sym,36.800,0.420718,0.420718,0.158564
recover_sym,36.850,0.420721,0.420721,0.158559
recover_sym,36.900,0.420723,0.420723,0.158553
recover_sym,36.950,0.420726,0.420726,0.158548
recover_sym,37.000,0.420728,0.420728,0.158544
recover_sym,37.050,0.420731,0.420731,0.158539
recover_sym,37.100,0.420733,0.420733,0.158535
recover_sym,37.150,0.420735,0.420735,0.158530
recover_sym,37.200,0.420737,0.420737,0.158526
recover_sym,37.250,0.420739,0.420739,0.158523
recover_sym,37.300,0.420741,0.420741,0.158519
recover_sym,37.350,0.420742,0.420742,0.158515
recover_sym,37.400,0.420744,0.420744,0.158512
recover_sym,37.450,0.420746,0.420746,0.158509
recover_sym,37.500,0.420747,0.420747,0.158506
recover_sym,37.550,0.420749,0.420749,0.158503
recover_sym,37.600,0.420750,0.420750,0.158500
recover_sym,37.650,0.420752,0.420752,0.158497
recover_sym,37.700,0.420753,0.420753,0.158494
recover_sym,37.750,0.420754,0.420754,0.158492
recover_sym,37.800,0.420755,0.420755,0.158489
recover_sym,37.850,0.420756,0.420756,0.158487
recover_sym,37.900,0.420758,0.420758,0.158485
recover_sym,37.950,0.420759,0.420759,0.158483
recover_sym,38.000,0.420760,0.420760,0.158481
recover_sym,38.050,0.420761,0.420761,0.158479
recover_sym,38.100,0.420761,0.420761,0.158477
recover_sym,38.150,0.420762,0.420762,0.158475
recover_sym,38.200,0.420763,0.420763,0.158474
recover_sym,38.250,0.420764,0.420764,0.158472
recover_sym,38.300,0.420765,0.420765,0.158470
recover_sym,38.350,0.420766,0.420766,0.158469
recover_sym,38.400,0.420766,0.420766,0.158467
recover_sym,38.450,0.420767,0.420767,0.158466
recover_sym,38.500,0.420768,0.420768,0.158465
recover_sym,38.550,0.420768,0.420768,0.158464
recover_sym,38.600,0.420769,0.420769,0.158462
recover_sym,38.650,0.420769,0.420769,0.158461
recover_sym,38.700,0.420770,0.420770,0.158460
recover_sym,38.750,0.420771,0.420771,0.158459
recover_sym,38.800,0.420771,0.420771,0.158458
recover_sym,38.850,0.420771,0.420771,0.158457
recover_sym,38.900,0.420772,0.420772,0.158456
recover_sym,38.950,0.420772,0.420772,0.158455
recover_sym,39.000,0.420773,0.420773,0.158454
recover_sym,39.050,0.420773,0.420773,0.158454
recover_sym,39.100,0.420774,0.420774,0.158453
recover_sym,39.150,0.420774,0.420774,0.158452
recover_sym,39.200,0.420774,0.420774,0.158451
recover_sym,39.250,0.420775,0.420775,0.158451
recover_sym,39.300,0.420775,0.420775,0.158450
recover_sym,39.350,0.420775,0.420775,0.158449
recover_sym,39.400,0.420776,0.420776,0.158449
recover_sym,39.450,0.420776,0.420776,0.158448
recover_sym,39.500,0.420776,0.420776,0.158448
recover_sym,39.550,0.420776,0.420776,0.158447
recover_sym,39.600,0.420777,0.420777,0.158447
recover_sym,39.650,0.420777,0.420777,0.158446
recover_sym,39.700,0.420777,0.420777,0.158446
recover_sym,39.750,0.420777,0.420777,0.158445
recover_sym,39.800,0.420778,0.420778,0.158445
recover_sym,39.850,0.420778,0.420778,0.158444
recover_sym,39.900,0.420778,0.420778,0.158444
recover_sym,39.950,0.420778,0.420778,0.158444
recover_sym,40.000,0.420778,0.420778,0.158443
recover_sym,40.050,0.420779,0.420779,0.158443
recover_sym,40.100,0.420779,0.420779,0.158442
recover_sym,40.150,0.420779,0.420779,0.158442
recover_sym,40.200,0.420779,0.420779,0.158442
recover_sym,40.250,0.420779,0.420779,0.158442
recover_sym,40.300,0.420779,0.420779,0.158441
recover_sym,40.350,0.420779,0.420779,0.158441
recover_sym,40.400,0.420780,0.420780,0.158441
recover_sym,40.450,0.420780,0.420780,0.158441
recover_sym,40.500,0.420780,0.420780,0.158440
recover_sym,40.550,0.420780,0.420780,0.158440
recover_sym,40.600,0.420780,0.420780,0.158440
recover_sym,40.650,0.420780,0.420780,0.158440
recover_sym,40.700,0.420780,0.420780,0.158439
recover_sym,40.750,0.420780,0.420780,0.158439
recover_sym,40.800,0.420780,0.420780,0.158439
recover_sym,40.850,0.420781,0.420781,0.158439
recover_sym,40.900,0.420781,0.420781,0.158439
recover_sym,40.950,0.420781,0.420781,0.158439
recover_sym,41.000,0.420781,0.420781,0.158438
recover_sym,41.050,0.420781,0.420781,0.158438
recover_sym,41.100,0.420781,0.420781,0.158438
recover_sym,41.150,0.420781,0.420781,0.158438
recover_sym,41.200,0.420781,0.420781,0.158438
recover_sym,41.250,0.420781,0.420781,0.158438
recover_sym,41.300,0.420781,0.420781,0.158438
recover_sym,41.350,0.420781,0.420781,0.158438
recover_sym,41.400,0.420781,0.420781,0.158437
recover_sym,41.450,0.420781,0.420781,0.158437
recover_sym,41.500,0.420781,0.420781,0.158437
recover_sym,41.550,0.420781,0.420781,0.158437
recover_sym,41.600,0.420781,0.420781,0.158437
recover_sym,41.650,0.420782,0.420782,0.158437
recover_sym,41.700,0.420782,0.420782,0.158437
recover_sym,41.750,0.420782,0.420782,0.158437
recover_sym,41.800,0.420782,0.420782,0.158437
recover_sym,41.850,0.420782,0.420782,0.158437
recover_sym,41.900,0.420782,0.420782,0.158437
recover_sym,41.950,0.420782,0.420782,0.158436
recover_sym,42.000,0.420782,0.420782,0.158436
recover_sym,42.050,0.420782,0.420782,0.158436
recover_sym,42.100,0.420782,0.420782,0.158436
recover_sym,42.150,0.420782,0.420782,0.158436
recover_sym,42.200,0.420782,0.420782,0.158436
recover_sym,42.250,0.420782,0.420782,0.158436
recover_sym,42.300,0.420782,0.420782,0.158436
recover_sym,42.350,0.420782,0.420782,0.158436
recover_sym,42.400,0.420782,0.420782,0.158436
recover_sym,42.450,0.420782,0.420782,0.158436
recover_sym,42.500,0.420782,0.420782,0.158436
recover_sym,42.550,0.420782,0.420782,0.158436
recover_sym,42.600,0.420782,0.420782,0.158436
recover_sym,42.650,0.420782,0.420782,0.158436
recover_sym,42.700,0.420782,0.420782,0.158436
recover_sym,42.750,0.420782,0.420782,0.158436
recover_sym,42.800,0.420782,0.420782,0.158436
recover_sym,42.850,0.420782,0.420782,0.158436
recover_sym,42.900,0.420782,0.420782,0.158436
recover_sym,42.950,0.420782,0.420782,0.158436
recover_sym,43.000,0.420782,0.420782,0.158436
recover_sym,43.050,0.420782,0.420782,0.158436
recover_sym,43.100,0.420782,0.420782,0.158436
recover_sym,43.150,0.420782,0.420782,0.158436
recover_sym,43.200,0.420782,0.420782,0.158435
recover_sym,43.250,0.420782,0.420782,0.158435
recover_sym,43.300,0.420782,0.420782,0.158435
recover_sym,43.350,0.420782,0.420782,0.158435
recover_sym,43.400,0.420782,0.420782,0.158435
recover_sym,43.450,0.420782,0.420782,0.158435
recover_sym,43.500,0.420782,0.420782,0.158435
recover_sym,43.550,0.420782,0.420782,0.158435
recover_sym,43.600,0.420782,0.420782,0.158435
recover_sym,43.650,0.420782,0.420782,0.158435
recover_sym,43.700,0.420782,0.420782,0.158435
recover_sym,43.750,0.420782,0.420782,0.158435
recover_sym,43.800,0.420782,0.420782,0.158435
recover_sym,43.850,0.420782,0.420782,0.158435
recover_sym,43.900,0.420782,0.420782,0.158435
recover_sym,43.950,0.420782,0.420782,0.158435
recover_sym,44.000,0.420782,0.420782,0.158435
recover_sym,44.050,0.420782,0.420782,0.158435
recover_sym,44.100,0.420782,0.420782,0.158435
recover_sym,44.150,0.420782,0.420782,0.158435
recover_sym,44.200,0.420782,0.420782,0.158435
recover_sym,44.250,0.420782,0.420782,0.158435
recover_sym,44.300,0.420782,0.420782,0.158435
recover_sym,44.350,0.420782,0.420782,0.158435
recover_sym,44.400,0.420782,0.420782,0.158435
recover_sym,44.450,0.420782,0.420782,0.158435
recover_sym,44.500,0.420782,0.420782,0.158435
recover_sym,44.550,0.420782,0.420782,0.158435
recover_sym,44.600,0.420782,0.420782,0.158435
recover_sym,44.650,0.420782,0.420782,0.158435
recover_sym,44.700,0.420782,0.420782,0.158435
recover_sym,44.750,0.420782,0.420782,0.158435
recover_sym,44.800,0.420782,0.420782,0.158435
recover_sym,44.850,0.420782,0.420782,0.158435
recover_sym,44.900,0.420782,0.420782,0.158435
recover_sym,44.950,0.420782,0.420782,0.158435
recover_sym,45.000,0.420782,0.420782,0.158435
recover_sym,45.050,0.420782,0.420782,0.158435
recover_sym,45.100,0.420782,0.420782,0.158435
recover_sym,45.150,0.420782,0.420782,0.158435
recover_sym,45.200,0.420782,0.420782,0.158435
recover_sym,45.250,0.420782,0.420782,0.158435
recover_sym,45.300,0.420782,0.420782,0.158435
recover_sym,45.350,0.420782,0.420782,0.158435
recover_sym,45.400,0.420782,0.420782,0.158435
recover_sym,45.450,0.420782,0.420782,0.158435
recover_sym,45.500,0.420782,0.420782,0.158435
recover_sym,45.550,0.420782,0.420782,0.158435
recover_sym,45.600,0.420782,0.420782,0.158435
recover_sym,45.650,0.420782,0.420782,0.158435
recover_sym,45.700,0.420782,0.420782,0.158435
recover_sym,45.750,0.420782,0.420782,0.158435
recover_sym,45.800,0.420782,0.420782,0.158435
recover_sym,45.850,0.420782,0.420782,0.158435
recover_sym,45.900,0.420782,0.420782,0.158435
recover_sym,45.950,0.420782,0.420782,0.158435
recover_sym,46.000,0.420782,0.420782,0.158435
recover_sym,46.050,0.420782,0.420782,0.158435
recover_sym,46.100,0.420782,0.420782,0.158435
recover_sym,46.150,0.420782,0.420782,0.158435
recover_sym,46.200,0.420782,0.420782,0.158435
recover_sym,46.250,0.420782,0.420782,0.158435
recover_sym,46.300,0.420782,0.420782,0.158435
recover_sym,46.350,0.420782,0.420782,0.158435
recover_sym,46.400,0.420782,0.420782,0.158435
recover_sym,46.450,0.420782,0.420782,0.158435
recover_sym,46.500,0.420782,0.420782,0.158435
recover_sym,46.550,0.420782,0.420782,0.158435
recover_sym,46.600,0.420782,0.420782,0.158435
recover_sym,46.650,0.420782,0.420782,0.158435
recover_sym,46.700,0.420783,0.420783,0.158435
recover_sym,46.750,0.420783,0.420783,0.158435
recover_sym,46.800,0.420783,0.420783,0.158435
recover_sym,46.850,0.420783,0.420783,0.158435
recover_sym,46.900,0.420783,0.420783,0.158435
recover_sym,46.950,0.420783,0.420783,0.158435
recover_sym,47.000,0.420783,0.420783,0.158435
recover_sym,47.050,0.420783,0.420783,0.158435
recover_sym,47.100,0.420783,0.420783,0.158435
recover_sym,47.150,0.420783,0.420783,0.158435
recover_sym,47.200,0.420783,0.420783,0.158435
recover_sym,47.250,0.420783,0.420783,0.158435
recover_sym,47.300,0.420783,0.420783,0.158435
recover_sym,47.350,0.420783,0.420783,0.158435
recover_sym,47.400,0.420783,0.420783,0.158435
recover_sym,47.450,0.420783,0.420783,0.158435
recover_sym,47.500,0.420783,0.420783,0.158435
recover_sym,47.550,0.420783,0.420783,0.158435
recover_sym,47.600,0.420783,0.420783,0.158435
recover_sym,47.650,0.420783,0.420783,0.158435
recover_sym,47.700,0.420783,0.420783,0.158435
recover_sym,47.750,0.420783,0.420783,0.158435
recover_sym,47.800,0.420783,0.420783,0.158435
recover_sym,47.850,0.420783,0.420783,0.158435
recover_sym,47.900,0.420783,0.420783,0.158435
recover_sym,47.950,0.420783,0.420783,0.158435
recover_sym,48.000,0.420783,0.420783,0.158435
recover_sym,48.050,0.420783,0.420783,0.158435
recover_sym,48.100,0.420783,0.420783,0.158435
recover_sym,48.150,0.420783,0.420783,0.158435
recover_sym,48.200,0.420783,0.420783,0.158435
recover_sym,48.250,0.420783,0.420783,0.158435
recover_sym,48.300,0.420783,0.420783,0.158435
recover_sym,48.350,0.420783,0.420783,0.158435
recover_sym,48.400,0.420783,0.420783,0.158435
recover_sym,48.450,0.420783,0.420783,0.158435
recover_sym,48.500,0.420783,0.420783,0.158435
recover_sym,48.550,0.420783,0.420783,0.158435
recover_sym,48.600,0.420783,0.420783,0.158435
recover_sym,48.650,0.420783,0.420783,0.158435
recover_sym,48.700,0.420783,0.420783,0.158435
recover_sym,48.750,0.420783,0.420783,0.158435
recover_sym,48.800,0.420783,0.420783,0.158435
recover_sym,48.850,0.420783,0.420783,0.158435
recover_sym,48.900,0.420783,0.420783,0.158435
recover_sym,48.950,0.420783,0.420783,0.158435
recover_sym,49.000,0.420783,0.420783,0.158435
recover_sym,49.050,0.420783,0.420783,0.158435
recover_sym,49.100,0.420783,0.420783,0.158435
recover_sym,49.150,0.420783,0.420783,0.158435
recover_sym,49.200,0.420783,0.420783,0.158435
recover_sym,49.250,0.420783,0.420783,0.158435
recover_sym,49.300,0.420783,0.420783,0.158435
recover_sym,49.350,0.420783,0.420783,0.158435
recover_sym,49.400,0.420783,0.420783,0.158435
recover_sym,49.450,0.420783,0.420783,0.158435
recover_sym,49.500,0.420783,0.420783,0.158435
recover_sym,49.550,0.420783,0.420783,0.158435
recover_sym,49.600,0.420783,0.420783,0.158435
recover_sym,49.650,0.420783,0.420783,0.158435
recover_sym,49.700,0.420783,0.420783,0.158435
recover_sym,49.750,0.420783,0.420783,0.158435
recover_sym,49.800,0.420783,0.420783,0.158435
recover_sym,49.850,0.420783,0.420783,0.158435
recover_sym,49.900,0.420783,0.420783,0.158435
recover_sym,49.950,0.420783,0.420783,0.158435
recover_sym,50.000,0.420783,0.420783,0.158435
recover_sym,50.050,0.420783,0.420783,0.158435
recover_sym,50.100,0.420783,0.420783,0.158435
recover_sym,50.150,0.420783,0.420783,0.158435
recover_sym,50.200,0.420783,0.420783,0.158435
recover_sym,50.250,0.420783,0.420783,0.158435
recover_sym,50.300,0.420783,0.420783,0.158435
recover_sym,50.350,0.420783,0.420783,0.158435
recover_sym,50.400,0.420783,0.420783,0.158435
recover_sym,50.450,0.420783,0.420783,0.158435
recover_sym,50.500,0.420783,0.420783,0.158435
recover_sym,50.550,0.420783,0.420783,0.158435
recover_sym,50.600,0.420783,0.420783,0.158435
recover_sym,50.650,0.420783,0.420783,0.158435
recover_sym,50.700,0.420783,0.420783,0.158435
recover_sym,50.750,0.420783,0.420783,0.158435
recover_sym,50.800,0.420783,0.420783,0.158435
recover_sym,50.850,0.420783,0.420783,0.158435
recover_sym,50.900,0.420783,0.420783,0.158435
recover_sym,50.950,0.420783,0.420783,0.158435
recover_sym,51.000,0.420783,0.420783,0.158435
recover_sym,51.050,0.420783,0.420783,0.158435
recover_sym,51.100,0.420783,0.420783,0.158435
recover_sym,51.150,0.420783,0.420783,0.158435
recover_sym,51.200,0.420783,0.420783,0.158435
recover_sym,51.250,0.420783,0.420783,0.158435
recover_sym,51.300,0.420783,0.420783,0.158435
recover_sym,51.350,0.420783,0.420783,0.158435
recover_sym,51.400,0.420783,0.420783,0.158435
recover_sym,51.450,0.420783,0.420783,0.158435
recover_sym,51.500,0.420783,0.420783,0.158435
recover_sym,51.550,0.420783,0.420783,0.158435
recover_sym,51.600,0.420783,0.420783,0.158435
recover_sym,51.650,0.420783,0.420783,0.158435
recover_sym,51.700,0.420783,0.420783,0.158435
recover_sym,51.750,0.420783,0.420783,0.158435
recover_sym,51.800,0.420783,0.420783,0.158435
recover_sym,51.850,0.420783,0.420783,0.158435
recover_sym,51.900,0.420783,0.420783,0.158435
recover_sym,51.950,0.420783,0.420783,0.158435
recover_sym,52.000,0.420783,0.420783,0.158435
recover_sym,52.050,0.420783,0.420783,0.158435
recover_sym,52.100,0.420783,0.420783,0.158435
recover_sym,52.150,0.420783,0.420783,0.158435
recover_sym,52.200,0.420783,0.420783,0.158435
recover_sym,52.250,0.420783,0.420783,0.158435
recover_sym,52.300,0.420783,0.420783,0.158435
recover_sym,52.350,0.420783,0.420783,0.158435
recover_sym,52.400,0.420783,0.420783,0.158435
recover_sym,52.450,0.420783,0.420783,0.158435
recover_sym,52.500,0.420783,0.420783,0.158435
recover_sym,52.550,0.420783,0.420783,0.158435
recover_sym,52.600,0.420783,0.420783,0.158435
recover_sym,52.650,0.420783,0.420783,0.158435
recover_sym,52.700,0.420783,0.420783,0.158435
recover_sym,52.750,0.420783,0.420783,0.158435
recover_sym,52.800,0.420783,0.420783,0.158435
recover_sym,52.850,0.420783,0.420783,0.158435
recover_sym,52.900,0.420783,0.420783,0.158435
recover_sym,52.950,0.420783,0.420783,0.158435
recover_sym,53.000,0.420783,0.420783,0.158435
recover_sym,53.050,0.420783,0.420783,0.158435
recover_sym,53.100,0.420783,0.420783,0.158435
recover_sym,53.150,0.420783,0.420783,0.158435
recover_sym,53.200,0.420783,0.420783,0.158435
recover_sym,53.250,0.420783,0.420783,0.158435
recover_sym,53.300,0.420783,0.420783,0.158435
recover_sym,53.350,0.420783,0.420783,0.158435
recover_sym,53.400,0.420783,0.420783,0.158435
recover_sym,53.450,0.420783,0.420783,0.158435
recover_sym,53.500,0.420783,0.420783,0.158435
recover_sym,53.550,0.420783,0.420783,0.158435
recover_sym,53.600,0.420783,0.420783,0.158435
recover_sym,53.650,0.420783,0.420783,0.158435
recover_sym,53.700,0.420783,0.420783,0.158435
recover_sym,53.750,0.420783,0.420783,0.158435
recover_sym,53.800,0.420783,0.420783,0.158435
recover_sym,53.850,0.420783,0.420783,0.158435
recover_sym,53.900,0.420783,0.420783,0.158435
recover_sym,53.950,0.420783,0.420783,0.158435
recover_sym,54.000,0.420783,0.420783,0.158435
recover_sym,54.050,0.420783,0.420783,0.158435
recover_sym,54.100,0.420783,0.420783,0.158435
recover_sym,54.150,0.420783,0.420783,0.158435
recover_sym,54.200,0.420783,0.420783,0.158435
recover_sym,54.250,0.420783,0.420783,0.158435
recover_sym,54.300,0.420783,0.420783,0.158435
recover_sym,54.350,0.420783,0.420783,0.158435
recover_sym,54.400,0.420783,0.420783,0.158435
recover_sym,54.450,0.420783,0.420783,0.158435
recover_sym,54.500,0.420783,0.420783,0.158435
recover_sym,54.550,0.420783,0.420783,0.158435
recover_sym,54.600,0.420783,0.420783,0.158435
recover_sym,54.650,0.420783,0.420783,0.158435
recover_sym,54.700,0.420783,0.420783,0.158435
recover_sym,54.750,0.420783,0.420783,0.158435
recover_sym,54.800,0.420783,0.420783,0.158435
recover_sym,54.850,0.420783,0.420783,0.158435
recover_sym,54.900,0.420783,0.420783,0.158435
recover_sym,54.950,0.420783,0.420783,0.158435
recover_sym,55.000,0.420783,0.420783,0.158435
recover_sym,55.050,0.420783,0.420783,0.158435
recover_sym,55.100,0.420783,0.420783,0.158435
recover_sym,55.150,0.420783,0.420783,0.158435
recover_sym,55.200,0.420783,0.420783,0.158435
recover_sym,55.250,0.420783,0.420783,0.158435
recover_sym,55.300,0.420783,0.420783,0.158435
recover_sym,55.350,0.420783,0.420783,0.158435
recover_sym,55.400,0.420783,0.420783,0.158435
recover_sym,55.450,0.420783,0.420783,0.158435
recover_sym,55.500,0.420783,0.420783,0.158435
recover_sym,55.550,0.420783,0.420783,0.158435
recover_sym,55.600,0.420783,0.420783,0.158435
recover_sym,55.650,0.420783,0.420783,0.158435
recover_sym,55.700,0.420783,0.420783,0.158435
recover_sym,55.750,0.420783,0.420783,0.158435
recover_sym,55.800,0.420783,0.420783,0.158435
recover_sym,55.850,0.420783,0.420783,0.158435
recover_sym,55.900,0.420783,0.420783,0.158435
recover_sym,55.950,0.420783,0.420783,0.158435
recover_sym,56.000,0.420783,0.420783,0.158435
recover_sym,56.050,0.420783,0.420783,0.158435
recover_sym,56.100,0.420783,0.420783,0.158435
recover_sym,56.150,0.420783,0.420783,0.158435
recover_sym,56.200,0.420783,0.420783,0.158435
recover_sym,56.250,0.420783,0.420783,0.158435
recover_sym,56.300,0.420783,0.420783,0.158435
recover_sym,56.350,0.420783,0.420783,0.158435
recover_sym,56.400,0.420783,0.420783,0.158435
recover_sym,56.450,0.420783,0.420783,0.158435
recover_sym,56.500,0.420783,0.420783,0.158435
recover_sym,56.550,0.420783,0.420783,0.158435
recover_sym,56.600,0.420783,0.420783,0.158435
recover_sym,56.650,0.420783,0.420783,0.158435
recover_sym,56.700,0.420783,0.420783,0.158435
recover_sym,56.750,0.420783,0.420783,0.158435
recover_sym,56.800,0.420783,0.420783,0.158435
recover_sym,56.850,0.420783,0.420783,0.158435
recover_sym,56.900,0.420783,0.420783,0.158435
recover_sym,56.950,0.420783,0.420783,0.158435
recover_sym,57.000,0.420783,0.420783,0.158435
recover_sym,57.050,0.420783,0.420783,0.158435
recover_sym,57.100,0.420783,0.420783,0.158435
recover_sym,57.150,0.420783,0.420783,0.158435
recover_sym,57.200,0.420783,0.420783,0.158435
recover_sym,57.250,0.420783,0.420783,0.158435
recover_sym,57.300,0.420783,0.420783,0.158435
recover_sym,57.350,0.420783,0.420783,0.158435
recover_sym,57.400,0.420783,0.420783,0.158435
recover_sym,57.450,0.420783,0.420783,0.158435
recover_sym,57.500,0.420783,0.420783,0.158435
recover_sym,57.550,0.420783,0.420783,0.158435
recover_sym,57.600,0.420783,0.420783,0.158435
recover_sym,57.650,0.420783,0.420783,0.158435
recover_sym,57.700,0.420783,0.420783,0.158435
recover_sym,57.750,0.420783,0.420783,0.158435
recover_sym,57.800,0.420783,0.420783,0.158435
recover_sym,57.850,0.420783,0.420783,0.158435
recover_sym,57.900,0.420783,0.420783,0.158435
recover_sym,57.950,0.420783,0.420783,0.158435
recover_sym,58.000,0.420783,0.420783,0.158435
recover_sym,58.050,0.420783,0.420783,0.158435
recover_sym,58.100,0.420783,0.420783,0.158435
recover_sym,58.150,0.420783,0.420783,0.158435
recover_sym,58.200,0.420783,0.420783,0.158435
recover_sym,58.250,0.420783,0.420783,0.158435
recover_sym,58.300,0.420783,0.420783,0.158435
recover_sym,58.350,0.420783,0.420783,0.158435
recover_sym,58.400,0.420783,0.420783,0.158435
recover_sym,58.450,0.420783,0.420783,0.158435
recover_sym,58.500,0.420783,0.420783,0.158435
recover_sym,58.550,0.420783,0.420783,0.158435
recover_sym,58.600,0.420783,0.420783,0.158435
recover_sym,58.650,0.420783,0.420783,0.158435
recover_sym,58.700,0.420783,0.420783,0.158435
recover_sym,58.750,0.420783,0.420783,0.158435
recover_sym,58.800,0.420783,0.420783,0.158435
recover_sym,58.850,0.420783,0.420783,0.158435
recover_sym,58.900,0.420783,0.420783,0.158435
recover_sym,58.950,0.420783,0.420783,0.158435
recover_sym,59.000,0.420783,0.420783,0.158435
recover_sym,59.050,0.420783,0.420783,0.158435
recover_sym,59.100,0.420783,0.420783,0.158435
recover_sym,59.150,0.420783,0.420783,0.158435
recover_sym,59.200,0.420783,0.420783,0.158435
recover_sym,59.250,0.420783,0.420783,0.158435
recover_sym,59.300,0.420783,0.420783,0.158435
recover_sym,59.350,0.420783,0.420783,0.158435
recover_sym,59.400,0.420783,0.420783,0.158435
recover_sym,59.450,0.420783,0.420783,0.158435
recover_sym,59.500,0.420783,0.420783,0.158435
recover_sym,59.550,0.420783,0.420783,0.158435
recover_sym,59.600,0.420783,0.420783,0.158435
recover_sym,59.650,0.420783,0.420783,0.158435
recover_sym,59.700,0.420783,0.420783,0.158435
recover_sym,59.750,0.420783,0.420783,0.158435
recover_sym,59.800,0.420783,0.420783,0.158435
recover_sym,59.850,0.420783,0.420783,0.158435
recover_sym,59.900,0.420783,0.420783,0.158435
recover_sym,59.950,0.420783,0.420783,0.158435
recover_sym,60.000,0.420783,0.420783,0.158435
recover_sym,60.050,0.420783,0.420783,0.158435
recover_sym,60.100,0.420783,0.420783,0.158435
recover_sym,60.150,0.420783,0.420783,0.158435
recover_sym,60.200,0.420783,0.420783,0.158435
recover_sym,60.250,0.420783,0.420783,0.158435
recover_sym,60.300,0.420783,0.420783,0.158435
recover_sym,60.350,0.420783,0.420783,0.158435
recover_sym,60.400,0.420783,0.420783,0.158435
recover_sym,60.450,0.420783,0.420783,0.158435
recover_sym,60.500,0.420783,0.420783,0.158435
recover_sym,60.550,0.420783,0.420783,0.158435
recover_sym,60.600,0.420783,0.420783,0.158435
recover_sym,60.650,0.420783,0.420783,0.158435
recover_sym,60.700,0.420783,0.420783,0.158435
recover_sym,60.750,0.420783,0.420783,0.158435
recover_sym,60.800,0.420783,0.420783,0.158435
recover_sym,60.850,0.420783,0.420783,0.158435
recover_sym,60.900,0.420783,0.420783,0.158435
recover_sym,60.950,0.420783,0.420783,0.158435
recover_sym,61.000,0.420783,0.420783,0.158435
recover_sym,61.050,0.420783,0.420783,0.158435
recover_sym,61.100,0.420783,0.420783,0.158435
recover_sym,61.150,0.420783,0.420783,0.158435
recover_sym,61.200,0.420783,0.420783,0.158435
recover_sym,61.250,0.420783,0.420783,0.158435
recover_sym,61.300,0.420783,0.420783,0.158435
recover_sym,61.350,0.420783,0.420783,0.158435
recover_sym,61.400,0.420783,0.420783,0.158435
recover_sym,61.450,0.420783,0.420783,0.158435
recover_sym,61.500,0.420783,0.420783,0.158435
recover_sym,61.550,0.420783,0.420783,0.158435
recover_sym,61.600,0.420783,0.420783,0.158435
recover_sym,61.650,0.420783,0.420783,0.158435
recover_sym,61.700,0.420783,0.420783,0.158435
recover_sym,61.750,0.420783,0.420783,0.158435
recover_sym,61.800,0.420783,0.420783,0.158435
recover_sym,61.850,0.420783,0.420783,0.158435
recover_sym,61.900,0.420783,0.420783,0.158435
recover_sym,61.950,0.420783,0.420783,0.158435
recover_sym,62.000,0.420783,0.420783,0.158435
recover_sym,62.050,0.420783,0.420783,0.158435
recover_sym,62.100,0.420783,0.420783,0.158435
recover_sym,62.150,0.420783,0.420783,0.158435
recover_sym,62.200,0.420783,0.420783,0.158435
recover_sym,62.250,0.420783,0.420783,0.158435
recover_sym,62.300,0.420783,0.420783,0.158435
recover_sym,62.350,0.420783,0.420783,0.158435
recover_sym,62.400,0.420783,0.420783,0.158435
recover_sym,62.450,0.420783,0.420783,0.158435
recover_sym,62.500,0.420783,0.420783,0.158435
recover_sym,62.550,0.420783,0.420783,0.158435
recover_sym,62.600,0.420783,0.420783,0.158435
recover_sym,62.650,0.420783,0.420783,0.158435
recover_sym,62.700,0.420783,0.420783,0.158435
recover_sym,62.750,0.420783,0.420783,0.158435
recover_sym,62.800,0.420783,0.420783,0.158435
recover_sym,62.850,0.420783,0.420783,0.158435
recover_sym,62.900,0.420783,0.420783,0.158435
recover_sym,62.950,0.420783,0.420783,0.158435
recover_sym,63.000,0.420783,0.420783,0.158435
recover_sym,63.050,0.420783,0.420783,0.158435
recover_sym,63.100,0.420783,0.420783,0.158435
recover_sym,63.150,0.420783,0.420783,0.158435
recover_sym,63.200,0.420783,0.420783,0.158435
recover_sym,63.250,0.420783,0.420783,0.158435
recover_sym,63.300,0.420783,0.420783,0.158435
recover_sym,63.350,0.420783,0.420783,0.158435
recover_sym,63.400,0.420783,0.420783,0.158435
recover_sym,63.450,0.420783,0.420783,0.158435
recover_sym,63.500,0.420783,0.420783,0.158435
recover_sym,63.550,0.420783,0.420783,0.158435
recover_sym,63.600,0.420783,0.420783,0.158435
recover_sym,63.650,0.420783,0.420783,0.158435
recover_sym,63.700,0.420783,0.420783,0.158435
recover_sym,63.750,0.420783,0.420783,0.158435
recover_sym,63.800,0.420783,0.420783,0.158435
recover_sym,63.850,0.420783,0.420783,0.158435
recover_sym,63.900,0.420783,0.420783,0.158435
recover_sym,63.950,0.420783,0.420783,0.158435
recover_sym,64.000,0.420783,0.420783,0.158435
recover_sym,64.050,0.420783,0.420783,0.158435
recover_sym,64.100,0.420783,0.420783,0.158435
recover_sym,64.150,0.420783,0.420783,0.158435
recover_sym,64.200,0.420783,0.420783,0.158435
recover_sym,64.250,0.420783,0.420783,0.158435
recover_sym,64.300,0.420783,0.420783,0.158435
recover_sym,64.350,0.420783,0.420783,0.158435
recover_sym,64.400,0.420783,0.420783,0.158435
recover_sym,64.450,0.420783,0.420783,0.158435
recover_sym,64.500,0.420783,0.420783,0.158435
recover_sym,64.550,0.420783,0.420783,0.158435
recover_sym,64.600,0.420783,0.420783,0.158435
recover_sym,64.650,0.420783,0.420783,0.158435
recover_sym,64.700,0.420783,0.420783,0.158435
recover_sym,64.750,0.420783,0.420783,0.158435
recover_sym,64.800,0.420783,0.420783,0.158435
recover_sym,64.850,0.420783,0.420783,0.158435
recover_sym,64.900,0.420783,0.420783,0.158435
recover_sym,64.950,0.420783,0.420783,0.158435
recover_sym,65.000,0.420783,0.420783,0.158435
recover_sym,65.050,0.420783,0.420783,0.158435
recover_sym,65.100,0.420783,0.420783,0.158435
recover_sym,65.150,0.420783,0.420783,0.158435
recover_sym,65.200,0.420783,0.420783,0.158435
recover_sym,65.250,0.420783,0.420783,0.158435
recover_sym,65.300,0.420783,0.420783,0.158435
recover_sym,65.350,0.420783,0.420783,0.158435
recover_sym,65.400,0.420783,0.420783,0.158435
recover_sym,65.450,0.420783,0.420783,0.158435
recover_sym,65.500,0.420783,0.420783,0.158435
recover_sym,65.550,0.420783,0.420783,0.158435
recover_sym,65.600,0.420783,0.420783,0.158435
recover_sym,65.650,0.420783,0.420783,0.158435
recover_sym,65.700,0.420783,0.420783,0.158435
recover_sym,65.750,0.420783,0.420783,0.158435
recover_sym,65.800,0.420783,0.420783,0.158435
recover_sym,65.850,0.420783,0.420783,0.158435
recover_sym,65.900,0.420783,0.420783,0.158435
recover_sym,65.950,0.420783,0.420783,0.158435
recover_sym,66.000,0.420783,0.420783,0.158435
recover_sym,66.050,0.420783,0.420783,0.158435
recover_sym,66.100,0.420783,0.420783,0.158435
recover_sym,66.150,0.420783,0.420783,0.158435
recover_sym,66.200,0.420783,0.420783,0.158435
recover_sym,66.250,0.420783,0.420783,0.158435
recover_sym,66.300,0.420783,0.420783,0.158435
recover_sym,66.350,0.420783,0.420783,0.158435
recover_sym,66.400,0.420783,0.420783,0.158435
recover_sym,66.450,0.420783,0.420783,0.158435
recover_sym,66.500,0.420783,0.420783,0.158435
recover_sym,66.550,0.420783,0.420783,0.158435
recover_sym,66.600,0.420783,0.420783,0.158435
recover_sym,66.650,0.420783,0.420783,0.158435
recover_sym,66.700,0.420783,0.420783,0.158435
recover_sym,66.750,0.420783,0.420783,0.158435
recover_sym,66.800,0.420783,0.420783,0.158435
recover_sym,66.850,0.420783,0.420783,0.158435
recover_sym,66.900,0.420783,0.420783,0.158435
recover_sym,66.950,0.420783,0.420783,0.158435
recover_sym,67.000,0.420783,0.420783,0.158435
recover_sym,67.050,0.420783,0.420783,0.158435
recover_sym,67.100,0.420783,0.420783,0.158435
recover_sym,67.150,0.420783,0.420783,0.158435
recover_sym,67.200,0.420783,0.420783,0.158435
recover_sym,67.250,0.420783,0.420783,0.158435
recover_sym,67.300,0.420783,0.420783,0.158435
recover_sym,67.350,0.420783,0.420783,0.158435
recover_sym,67.400,0.420783,0.420783,0.158435
recover_sym,67.450,0.420783,0.420783,0.158435
recover_sym,67.500,0.420783,0.420783,0.158435
recover_sym,67.550,0.420783,0.420783,0.158435
recover_sym,67.600,0.420783,0.420783,0.158435
recover_sym,67.650,0.420783,0.420783,0.158435
recover_sym,67.700,0.420783,0.420783,0.158435
recover_sym,67.750,0.420783,0.420783,0.158435
recover_sym,67.800,0.420783,0.420783,0.158435
recover_sym,67.850,0.420783,0.420783,0.158435
recover_sym,67.900,0.420783,0.420783,0.158435
recover_sym,67.950,0.420783,0.420783,0.158435
recover_sym,68.000,0.420783,0.420783,0.158435
recover_sym,68.050,0.420783,0.420783,0.158435
recover_sym,68.100,0.420783,0.420783,0.158435
recover_sym,68.150,0.420783,0.420783,0.158435
recover_sym,68.200,0.420783,0.420783,0.158435
recover_sym,68.250,0.420783,0.420783,0.158435
recover_sym,68.300,0.420783,0.420783,0.158435
recover_sym,68.350,0.420783,0.420783,0.158435
recover_sym,68.400,0.420783,0.420783,0.158435
recover_sym,68.450,0.420783,0.420783,0.158435
recover_sym,68.500,0.420783,0.420783,0.158435
recover_sym,68.550,0.420783,0.420783,0.158435
recover_sym,68.600,0.420783,0.420783,0.158435
recover_sym,68.650,0.420783,0.420783,0.158435
recover_sym,68.700,0.420783,0.420783,0.158435
recover_sym,68.750,0.420783,0.420783,0.158435
recover_sym,68.800,0.420783,0.420783,0.158435
recover_sym,68.850,0.420783,0.420783,0.158435
recover_sym,68.900,0.420783,0.420783,0.158435
recover_sym,68.950,0.420783,0.420783,0.158435
recover_sym,69.000,0.420783,0.420783,0.158435
recover_sym,69.050,0.420783,0.420783,0.158435
recover_sym,69.100,0.420783,0.420783,0.158435
recover_sym,69.150,0.420783,0.420783,0.158435
recover_sym,69.200,0.420783,0.420783,0.158435
recover_sym,69.250,0.420783,0.420783,0.158435
recover_sym,69.300,0.420783,0.420783,0.158435
recover_sym,69.350,0.420783,0.420783,0.158435
recover_sym,69.400,0.420783,0.420783,0.158435
recover_sym,69.450,0.420783,0.420783,0.158435
recover_sym,69.500,0.420783,0.420783,0.158435
recover_sym,69.550,0.420783,0.420783,0.158435
recover_sym,69.600,0.420783,0.420783,0.158435
recover_sym,69.650,0.420783,0.420783,0.158435
recover_sym,69.700,0.420783,0.420783,0.158435
recover_sym,69.750,0.420783,0.420783,0.158435
recover_sym,69.800,0.420783,0.420783,0.158435
recover_sym,69.850,0.420783,0.420783,0.158435
recover_sym,69.900,0.420783,0.420783,0.158435
recover_sym,69.950,0.420783,0.420783,0.158435
recover_sym,70.000,0.420783,0.420783,0.158435
recover_sym,70.050,0.420783,0.420783,0.158435
recover_sym,70.100,0.420783,0.420783,0.158435
recover_sym,70.150,0.420783,0.420783,0.158435
recover_sym,70.200,0.420783,0.420783,0.158435
recover_sym,70.250,0.420783,0.420783,0.158435
recover_sym,70.300,0.420783,0.420783,0.158435
recover_sym,70.350,0.420783,0.420783,0.158435
recover_sym,70.400,0.420783,0.420783,0.158435
recover_sym,70.450,0.420783,0.420783,0.158435
recover_sym,70.500,0.420783,0.420783,0.158435
recover_sym,70.550,0.420783,0.420783,0.158435
recover_sym,70.600,0.420783,0.420783,0.158435
recover_sym,70.650,0.420783,0.420783,0.158435
recover_sym,70.700,0.420783,0.420783,0.158435
recover_sym,70.750,0.420783,0.420783,0.158435
recover_sym,70.800,0.420783,0.420783,0.158435
recover_sym,70.850,0.420783,0.420783,0.158435
recover_sym,70.900,0.420783,0.420783,0.158435
recover_sym,70.950,0.420783,0.420783,0.158435
recover_sym,71.000,0.420783,0.420783,0.158435
recover_sym,71.050,0.420783,0.420783,0.158435
recover_sym,71.100,0.420783,0.420783,0.158435
recover_sym,71.150,0.420783,0.420783,0.158435
recover_sym,71.200,0.420783,0.420783,0.158435
recover_sym,71.250,0.420783,0.420783,0.158435
recover_sym,71.300,0.420783,0.420783,0.158435
recover_sym,71.350,0.420783,0.420783,0.158435
recover_sym,71.400,0.420783,0.420783,0.158435
recover_sym,71.450,0.420783,0.420783,0.158435
recover_sym,71.500,0.420783,0.420783,0.158435
recover_sym,71.550,0.420783,0.420783,0.158435
recover_sym,71.600,0.420783,0.420783,0.158435
recover_sym,71.650,0.420783,0.420783,0.158435
recover_sym,71.700,0.420783,0.420783,0.158435
recover_sym,71.750,0.420783,0.420783,0.158435
recover_sym,71.800,0.420783,0.420783,0.158435
recover_sym,71.850,0.420783,0.420783,0.158435
recover_sym,71.900,0.420783,0.420783,0.158435
recover_sym,71.950,0.420783,0.420783,0.158435
recover_sym,72.000,0.420783,0.420783,0.158435
recover_sym,72.050,0.420783,0.420783,0.158435
recover_sym,72.100,0.420783,0.420783,0.158435
recover_sym,72.150,0.420783,0.420783,0.158435
recover_sym,72.200,0.420783,0.420783,0.158435
recover_sym,72.250,0.420783,0.420783,0.158435
recover_sym,72.300,0.420783,0.420783,0.158435
recover_sym,72.350,0.420783,0.420783,0.158435
recover_sym,72.400,0.420783,0.420783,0.158435
recover_sym,72.450,0.420783,0.420783,0.158435
recover_sym,72.500,0.420783,0.420783,0.158435
recover_sym,72.550,0.420783,0.420783,0.158435
recover_sym,72.600,0.420783,0.420783,0.158435
recover_sym,72.650,0.420783,0.420783,0.158435
recover_sym,72.700,0.420783,0.420783,0.158435
recover_sym,72.750,0.420783,0.420783,0.158435
recover_sym,72.800,0.420783,0.420783,0.158435
recover_sym,72.850,0.420783,0.420783,0.158435
recover_sym,72.900,0.420783,0.420783,0.158435
recover_sym,72.950,0.420783,0.420783,0.158435
recover_sym,73.000,0.420783,0.420783,0.158435
recover_sym,73.050,0.420783,0.420783,0.158435
recover_sym,73.100,0.420783,0.420783,0.158435
recover_sym,73.150,0.420783,0.420783,0.158435
recover_sym,73.200,0.420783,0.420783,0.158435
recover_sym,73.250,0.420783,0.420783,0.158435
recover_sym,73.300,0.420783,0.420783,0.158435
recover_sym,73.350,0.420783,0.420783,0.158435
recover_sym,73.400,0.420783,0.420783,0.158435
recover_sym,73.450,0.420783,0.420783,0.158435
recover_sym,73.500,0.420783,0.420783,0.158435
recover_sym,73.550,0.420783,0.420783,0.158435
recover_sym,73.600,0.420783,0.420783,0.158435
recover_sym,73.650,0.420783,0.420783,0.158435
recover_sym,73.700,0.420783,0.420783,0.158435
recover_sym,73.750,0.420783,0.420783,0.158435
recover_sym,73.800,0.420783,0.420783,0.158435
recover_sym,73.850,0.420783,0.420783,0.158435
recover_sym,73.900,0.420783,0.420783,0.158435
recover_sym,73.950,0.420783,0.420783,0.158435
recover_sym,74.000,0.420783,0.420783,0.158435
recover_sym,74.050,0.420783,0.420783,0.158435
recover_sym,74.100,0.420783,0.420783,0.158435
recover_sym,74.150,0.420783,0.420783,0.158435
recover_sym,74.200,0.420783,0.420783,0.158435
recover_sym,74.250,0.420783,0.420783,0.158435
recover_sym,74.300,0.420783,0.420783,0.158435
recover_sym,74.350,0.420783,0.420783,0.158435
recover_sym,74.400,0.420783,0.420783,0.158435
recover_sym,74.450,0.420783,0.420783,0.158435
recover_sym,74.500,0.420783,0.420783,0.158435
recover_sym,74.550,0.420783,0.420783,0.158435
recover_sym,74.600,0.420783,0.420783,0.158435
recover_sym,74.650,0.420783,0.420783,0.158435
recover_sym,74.700,0.420783,0.420783,0.158435
recover_sym,74.750,0.420783,0.420783,0.158435
recover_sym,74.800,0.420783,0.420783,0.158435
recover_sym,74.850,0.420783,0.420783,0.158435
recover_sym,74.900,0.420783,0.420783,0.158435
recover_sym,74.950,0.420783,0.420783,0.158435
recover_sym,75.000,0.420783,0.420783,0.158435
recover_sym,75.050,0.420783,0.420783,0.158435
recover_sym,75.100,0.420783,0.420783,0.158435
recover_sym,75.150,0.420783,0.420783,0.158435
recover_sym,75.200,0.420783,0.420783,0.158435
recover_sym,75.250,0.420783,0.420783,0.158435
recover_sym,75.300,0.420783,0.420783,0.158435
recover_sym,75.350,0.420783,0.420783,0.158435
recover_sym,75.400,0.420783,0.420783,0.158435
recover_sym,75.450,0.420783,0.420783,0.158435
recover_sym,75.500,0.420783,0.420783,0.158435
recover_sym,75.550,0.420783,0.420783,0.158435
recover_sym,75.600,0.420783,0.420783,0.158435
recover_sym,75.650,0.420783,0.420783,0.158435
recover_sym,75.700,0.420783,0.420783,0.158435
recover_sym,75.750,0.420783,0.420783,0.158435
recover_sym,75.800,0.420783,0.420783,0.158435
recover_sym,75.850,0.420783,0.420783,0.158435
recover_sym,75.900,0.420783,0.420783,0.158435
recover_sym,75.950,0.420783,0.420783,0.158435
recover_sym,76.000,0.420783,0.420783,0.158435
recover_sym,76.050,0.420783,0.420783,0.158435
recover_sym,76.100,0.420783,0.420783,0.158435
recover_sym,76.150,0.420783,0.420783,0.158435
recover_sym,76.200,0.420783,0.420783,0.158435
recover_sym,76.250,0.420783,0.420783,0.158435
recover_sym,76.300,0.420783,0.420783,0.158435
recover_sym,76.350,0.420783,0.420783,0.158435
recover_sym,76.400,0.420783,0.420783,0.158435
recover_sym,76.450,0.420783,0.420783,0.158435
recover_sym,76.500,0.420783,0.420783,0.158435
recover_sym,76.550,0.420783,0.420783,0.158435
recover_sym,76.600,0.420783,0.420783,0.158435
recover_sym,76.650,0.420783,0.420783,0.158435
recover_sym,76.700,0.420783,0.420783,0.158435
recover_sym,76.750,0.420783,0.420783,0.158435
recover_sym,76.800,0.420783,0.420783,0.158435
recover_sym,76.850,0.420783,0.420783,0.158435
recover_sym,76.900,0.420783,0.420783,0.158435
recover_sym,76.950,0.420783,0.420783,0.158435
recover_sym,77.000,0.420783,0.420783,0.158435
recover_sym,77.050,0.420783,0.420783,0.158435
recover_sym,77.100,0.420783,0.420783,0.158435
recover_sym,77.150,0.420783,0.420783,0.158435
recover_sym,77.200,0.420783,0.420783,0.158435
recover_sym,77.250,0.420783,0.420783,0.158435
recover_sym,77.300,0.420783,0.420783,0.158435
recover_sym,77.350,0.420783,0.420783,0.158435
recover_sym,77.400,0.420783,0.420783,0.158435
recover_sym,77.450,0.420783,0.420783,0.158435
recover_sym,77.500,0.420783,0.420783,0.158435
recover_sym,77.550,0.420783,0.420783,0.158435
recover_sym,77.600,0.420783,0.420783,0.158435
recover_sym,77.650,0.420783,0.420783,0.158435
recover_sym,77.700,0.420783,0.420783,0.158435
recover_sym,77.750,0.420783,0.420783,0.158435
recover_sym,77.800,0.420783,0.420783,0.158435
recover_sym,77.850,0.420783,0.420783,0.158435
recover_sym,77.900,0.420783,0.420783,0.158435
recover_sym,77.950,0.420783,0.420783,0.158435
recover_sym,78.000,0.420783,0.420783,0.158435
recover_sym,78.050,0.420783,0.420783,0.158435
recover_sym,78.100,0.420783,0.420783,0.158435
recover_sym,78.150,0.420783,0.420783,0.158435
recover_sym,78.200,0.420783,0.420783,0.158435
recover_sym,78.250,0.420783,0.420783,0.158435
recover_sym,78.300,0.420783,0.420783,0.158435
recover_sym,78.350,0.420783,0.420783,0.158435
recover_sym,78.400,0.420783,0.420783,0.158435
recover_sym,78.450,0.420783,0.420783,0.158435
recover_sym,78.500,0.420783,0.420783,0.158435
recover_sym,78.550,0.420783,0.420783,0.158435
recover_sym,78.600,0.420783,0.420783,0.158435
recover_sym,78.650,0.420783,0.420783,0.158435
recover_sym,78.700,0.420783,0.420783,0.158435
recover_sym,78.750,0.420783,0.420783,0.158435
recover_sym,78.800,0.420783,0.420783,0.158435
recover_sym,78.850,0.420783,0.420783,0.158435
recover_sym,78.900,0.420783,0.420783,0.158435
recover_sym,78.950,0.420783,0.420783,0.158435
recover_sym,79.000,0.420783,0.420783,0.158435
recover_sym,79.050,0.420783,0.420783,0.158435
recover_sym,79.100,0.420783,0.420783,0.158435
recover_sym,79.150,0.420783,0.420783,0.158435
recover_sym,79.200,0.420783,0.420783,0.158435
recover_sym,79.250,0.420783,0.420783,0.158435
recover_sym,79.300,0.420783,0.420783,0.158435
recover_sym,79.350,0.420783,0.420783,0.158435
recover_sym,79.400,0.420783,0.420783,0.158435
recover_sym,79.450,0.420783,0.420783,0.158435
recover_sym,79.500,0.420783,0.420783,0.158435
recover_sym,79.550,0.420783,0.420783,0.158435
recover_sym,79.600,0.420783,0.420783,0.158435
recover_sym,79.650,0.420783,0.420783,0.158435
recover_sym,79.700,0.420783,0.420783,0.158435
recover_sym,79.750,0.420783,0.420783,0.158435
recover_sym,79.800,0.420783,0.420783,0.158435
recover_sym,79.850,0.420783,0.420783,0.158435
recover_sym,79.900,0.420783,0.420783,0.158435
recover_sym,79.950,0.420783,0.420783,0.158435
recover_sym,80.000,0.420783,0.420783,0.158435
recover_asym,0.000,0.420782,0.420782,0.158436
recover_asym,0.050,0.420782,0.420782,0.158436
recover_asym,0.100,0.420782,0.420782,0.158436
recover_asym,0.150,0.420782,0.420782,0.158436
recover_asym,0.200,0.420782,0.420782,0.158436
recover_asym,0.250,0.420782,0.420782,0.158436
recover_asym,0.300,0.420782,0.420782,0.158436
recover_asym,0.350,0.420782,0.420782,0.158436
recover_asym,0.400,0.420782,0.420782,0.158436
recover_asym,0.450,0.420782,0.420782,0.158436
recover_asym,0.500,0.420782,0.420782,0.158436
recover_asym,0.550,0.420782,0.420782,0.158436
recover_asym,0.600,0.420782,0.420782,0.158436
recover_asym,0.650,0.420782,0.420782,0.158436
recover_asym,0.700,0.420782,0.420782,0.158436
recover_asym,0.750,0.420782,0.420782,0.158436
recover_asym,0.800,0.420782,0.420782,0.158435
recover_asym,0.850,0.420782,0.420782,0.158435
recover_asym,0.900,0.420782,0.420782,0.158435
recover_asym,0.950,0.420782,0.420782,0.158435
recover_asym,1.000,0.420782,0.420782,0.158435
recover_asym,1.050,0.420782,0.420782,0.158435
recover_asym,1.100,0.420782,0.420782,0.158435
recover_asym,1.150,0.420782,0.420782,0.158435
recover_asym,1.200,0.420782,0.420782,0.158435
recover_asym,1.250,0.420782,0.420782,0.158435
recover_asym,1.300,0.420782,0.420782,0.158435
recover_asym,1.350,0.420782,0.420782,0.158435
recover_asym,1.400,0.420782,0.420782,0.158435
recover_asym,1.450,0.420782,0.420782,0.158435
recover_asym,1.500,0.420782,0.420782,0.158435
recover_asym,1.550,0.420782,0.420782,0.158435
recover_asym,1.600,0.420782,0.420782,0.158435
recover_asym,1.650,0.420782,0.420782,0.158435
recover_asym,1.700,0.420782,0.420782,0.158435
recover_asym,1.750,0.420782,0.420782,0.158435
recover_asym,1.800,0.420782,0.420782,0.158435
recover_asym,1.850,0.420782,0.420782,0.158435
recover_asym,1.900,0.420782,0.420782,0.158435
recover_asym,1.950,0.420782,0.420782,0.158435
recover_asym,2.000,0.420782,0.420782,0.158435
recover_asym,2.050,0.420782,0.420782,0.158435
recover_asym,2.100,0.420782,0.420782,0.158435
recover_asym,2.150,0.420782,0.420782,0.158435
recover_asym,2.200,0.420782,0.420782,0.158435
recover_asym,2.250,0.420782,0.420782,0.158435
recover_asym,2.300,0.420782,0.420782,0.158435
recover_asym,2.350,0.420782,0.420782,0.158435
recover_asym,2.400,0.420782,0.420782,0.158435
recover_asym,2.450,0.420782,0.420782,0.158435
recover_asym,2.500,0.420782,0.420782,0.158435
recover_asym,2.550,0.420782,0.420782,0.158435
recover_asym,2.600,0.420782,0.420782,0.158435
recover_asym,2.650,0.420782,0.420782,0.158435
recover_asym,2.700,0.420782,0.420782,0.158435
recover_asym,2.750,0.420782,0.420782,0.158435
recover_asym,2.800,0.420782,0.420782,0.158435
recover_asym,2.850,0.420782,0.420782,0.158435
recover_asym,2.900,0.420782,0.420782,0.158435
recover_asym,2.950,0.420782,0.420782,0.158435
recover_asym,3.000,0.420782,0.420782,0.158435
recover_asym,3.050,0.420782,0.420782,0.158435
recover_asym,3.100,0.420782,0.420782,0.158435
recover_asym,3.150,0.420782,0.420782,0.158435
recover_asym,3.200,0.420782,0.420782,0.158435
recover_asym,3.250,0.420782,0.420782,0.158435
recover_asym,3.300,0.420782,0.420782,0.158435
recover_asym,3.350,0.420782,0.420782,0.158435
recover_asym,3.400,0.420782,0.420782,0.158435
recover_asym,3.450,0.420782,0.420782,0.158435
recover_asym,3.500,0.420782,0.420782,0.158435
recover_asym,3.550,0.420782,0.420782,0.158435
recover_asym,3.600,0.420782,0.420782,0.158435
recover_asym,3.650,0.420782,0.420782,0.158435
recover_asym,3.700,0.420782,0.420782,0.158435
recover_asym,3.750,0.420782,0.420782,0.158435
recover_asym,3.800,0.420782,0.420782,0.158435
recover_asym,3.850,0.420782,0.420782,0.158435
recover_asym,3.900,0.420782,0.420782,0.158435
recover_asym,3.950,0.420782,0.420782,0.158435
recover_asym,4.000,0.420782,0.420782,0.158435
recover_asym,4.050,0.420782,0.420782,0.158435
recover_asym,4.100,0.420782,0.420782,0.158435
recover_asym,4.150,0.420782,0.420782,0.158435
recover_asym,4.200,0.420782,0.420782,0.158435
recover_asym,4.250,0.420782,0.420782,0.158435
recover_asym,4.300,0.420783,0.420783,0.158435
recover_asym,4.350,0.420783,0.420783,0.158435
recover_asym,4.400,0.420783,0.420783,0.158435
recover_asym,4.450,0.420783,0.420783,0.158435
recover_asym,4.500,0.420783,0.420783,0.158435
recover_asym,4.550,0.420783,0.420783,0.158435
recover_asym,4.600,0.420783,0.420783,0.158435
recover_asym,4.650,0.420783,0.420783,0.158435
recover_asym,4.700,0.420783,0.420783,0.158435
recover_asym,4.750,0.420783,0.420783,0.158435
recover_asym,4.800,0.420783,0.420783,0.158435
recover_asym,4.850,0.420783,0.420783,0.158435
recover_asym,4.900,0.420783,0.420783,0.158435
recover_asym,4.950,0.420783,0.420783,0.158435
recover_asym,5.000,0.420783,0.420783,0.158435
recover_asym,5.050,0.420783,0.420783,0.158435
recover_asym,5.100,0.420783,0.420783,0.158435
recover_asym,5.150,0.420783,0.420783,0.158435
recover_asym,5.200,0.420783,0.420783,0.158435
recover_asym,5.250,0.420783,0.420783,0.158435
recover_asym,5.300,0.420783,0.420783,0.158435
recover_asym,5.350,0.420783,0.420783,0.158435
recover_asym,5.400,0.420783,0.420783,0.158435
recover_asym,5.450,0.420783,0.420783,0.158435
recover_asym,5.500,0.420783,0.420783,0.158435
recover_asym,5.550,0.420783,0.420783,0.158435
recover_asym,5.600,0.420783,0.420783,0.158435
recover_asym,5.650,0.420783,0.420783,0.158435
recover_asym,5.700,0.420783,0.420783,0.158435
recover_asym,5.750,0.420783,0.420783,0.158435
recover_asym,5.800,0.420783,0.420783,0.158435
recover_asym,5.850,0.420783,0.420783,0.158435
recover_asym,5.900,0.420783,0.420783,0.158435
recover_asym,5.950,0.420783,0.420783,0.158435
recover_asym,6.000,0.420783,0.420783,0.158435
recover_asym,6.050,0.420783,0.420783,0.158435
recover_asym,6.100,0.420783,0.420783,0.158435
recover_asym,6.150,0.420783,0.420783,0.158435
recover_asym,6.200,0.420783,0.420783,0.158435
recover_asym,6.250,0.420783,0.420783,0.158435
recover_asym,6.300,0.420783,0.420783,0.158435
recover_asym,6.350,0.420783,0.420783,0.158435
recover_asym,6.400,0.420783,0.420783,0.158435
recover_asym,6.450,0.420783,0.420783,0.158435
recover_asym,6.500,0.420783,0.420783,0.158435
recover_asym,6.550,0.420783,0.420783,0.158435
recover_asym,6.600,0.420783,0.420783,0.158435
recover_asym,6.650,0.420783,0.420783,0.158435
recover_asym,6.700,0.420783,0.420783,0.158435
recover_asym,6.750,0.420783,0.420783,0.158435
recover_asym,6.800,0.420783,0.420783,0.158435
recover_asym,6.850,0.420783,0.420783,0.158435
recover_asym,6.900,0.420783,0.420783,0.158435
recover_asym,6.950,0.420783,0.420783,0.158435
recover_asym,7.000,0.420783,0.420783,0.158435
recover_asym,7.050,0.420783,0.420783,0.158435
recover_asym,7.100,0.420783,0.420783,0.158435
recover_asym,7.150,0.420783,0.420783,0.158435
recover_asym,7.200,0.420783,0.420783,0.158435
recover_asym,7.250,0.420783,0.420783,0.158435
recover_asym,7.300,0.420783,0.420783,0.158435
recover_asym,7.350,0.420783,0.420783,0.158435
recover_asym,7.400,0.420783,0.420783,0.158435
recover_asym,7.450,0.420783,0.420783,0.158435
recover_asym,7.500,0.420783,0.420783,0.158435
recover_asym,7.550,0.420783,0.420783,0.158435
recover_asym,7.600,0.420783,0.420783,0.158435
recover_asym,7.650,0.420783,0.420783,0.158435
recover_asym,7.700,0.420783,0.420783,0.158435
recover_asym,7.750,0.420783,0.420783,0.158435
recover_asym,7.800,0.420783,0.420783,0.158435
recover_asym,7.850,0.420783,0.420783,0.158435
recover_asym,7.900,0.420783,0.420783,0.158435
recover_asym,7.950,0.420783,0.420783,0.158435
recover_asym,8.000,0.420783,0.420783,0.158435
recover_asym,8.050,0.420783,0.420783,0.158435
recover_asym,8.100,0.420783,0.420783,0.158435
recover_asym,8.150,0.420783,0.420783,0.158435
recover_asym,8.200,0.420783,0.420783,0.158435
recover_asym,8.250,0.420783,0.420783,0.158435
recover_asym,8.300,0.420783,0.420783,0.158435
recover_asym,8.350,0.420783,0.420783,0.158435
recover_asym,8.400,0.420783,0.420783,0.158435
recover_asym,8.450,0.420783,0.420783,0.158435
recover_asym,8.500,0.420783,0.420783,0.158435
recover_asym,8.550,0.420783,0.420783,0.158435
recover_asym,8.600,0.420783,0.420783,0.158435
recover_asym,8.650,0.420783,0.420783,0.158435
recover_asym,8.700,0.420783,0.420783,0.158435
recover_asym,8.750,0.420783,0.420783,0.158435
recover_asym,8.800,0.420783,0.420783,0.158435
recover_asym,8.850,0.420783,0.420783,0.158435
recover_asym,8.900,0.420783,0.420783,0.158435
recover_asym,8.950,0.420783,0.420783,0.158435
recover_asym,9.000,0.420783,0.420783,0.158435
recover_asym,9.050,0.420783,0.420783,0.158435
recover_asym,9.100,0.420783,0.420783,0.158435
recover_asym,9.150,0.420783,0.420783,0.158435
recover_asym,9.200,0.420783,0.420783,0.158435
recover_asym,9.250,0.420783,0.420783,0.158435
recover_asym,9.300,0.420783,0.420783,0.158435
recover_asym,9.350,0.420783,0.420783,0.158435
recover_asym,9.400,0.420783,0.420783,0.158435
recover_asym,9.450,0.420783,0.420783,0.158435
recover_asym,9.500,0.420783,0.420783,0.158435
recover_asym,9.550,0.420783,0.420783,0.158435
recover_asym,9.600,0.420783,0.420783,0.158435
recover_asym,9.650,0.420783,0.420783,0.158435
recover_asym,9.700,0.420783,0.420783,0.158435
recover_asym,9.750,0.420783,0.420783,0.158435
recover_asym,9.800,0.420783,0.420783,0.158435
recover_asym,9.850,0.420783,0.420783,0.158435
recover_asym,9.900,0.420783,0.420783,0.158435
recover_asym,9.950,0.420783,0.420783,0.158435
recover_asym,10.000,0.420783,0.420783,0.158435
recover_asym,10.050,0.420783,0.420783,0.158435
recover_asym,10.100,0.420783,0.420783,0.158435
recover_asym,10.150,0.420783,0.420783,0.158435
recover_asym,10.200,0.420783,0.420783,0.158435
recover_asym,10.250,0.420783,0.420783,0.158435
recover_asym,10.300,0.420783,0.420783,0.158435
recover_asym,10.350,0.420783,0.420783,0.158435
recover_asym,10.400,0.420783,0.420783,0.158435
recover_asym,10.450,0.420783,0.420783,0.158435
recover_asym,10.500,0.420783,0.420783,0.158435
recover_asym,10.550,0.420783,0.420783,0.158435
recover_asym,10.600,0.420783,0.420783,0.158435
recover_asym,10.650,0.420783,0.420783,0.158435
recover_asym,10.700,0.420783,0.420783,0.158435
recover_asym,10.750,0.420783,0.420783,0.158435
recover_asym,10.800,0.420783,0.420783,0.158435
recover_asym,10.850,0.420783,0.420783,0.158435
recover_asym,10.900,0.420783,0.420783,0.158435
recover_asym,10.950,0.420783,0.420783,0.158435
recover_asym,11.000,0.420783,0.420783,0.158435
recover_asym,11.050,0.420783,0.420783,0.158435
recover_asym,11.100,0.420783,0.420783,0.158435
recover_asym,11.150,0.420783,0.420783,0.158435
recover_asym,11.200,0.420783,0.420783,0.158435
recover_asym,11.250,0.420783,0.420783,0.158435
recover_asym,11.300,0.420783,0.420783,0.158435
recover_asym,11.350,0.420783,0.420783,0.158435
recover_asym,11.400,0.420783,0.420783,0.158435
recover_asym,11.450,0.420783,0.420783,0.158435
recover_asym,11.500,0.420783,0.420783,0.158435
recover_asym,11.550,0.420783,0.420783,0.158435
recover_asym,11.600,0.420783,0.420783,0.158435
recover_asym,11.650,0.420783,0.420783,0.158435
recover_asym,11.700,0.420783,0.420783,0.158435
recover_asym,11.750,0.420783,0.420783,0.158435
recover_asym,11.800,0.420783,0.420783,0.158435
recover_asym,11.850,0.420783,0.420783,0.158435
recover_asym,11.900,0.420783,0.420783,0.158435
recover_asym,11.950,0.420783,0.420783,0.158435
recover_asym,12.000,0.420783,0.420783,0.158435
recover_asym,12.050,0.420783,0.420783,0.158435
recover_asym,12.100,0.420783,0.420783,0.158435
recover_asym,12.150,0.420783,0.420783,0.158435
recover_asym,12.200,0.420783,0.420783,0.158435
recover_asym,12.250,0.420783,0.420783,0.158435
recover_asym,12.300,0.420783,0.420783,0.158435
recover_asym,12.350,0.420783,0.420783,0.158435
recover_asym,12.400,0.420783,0.420783,0.158435
recover_asym,12.450,0.420783,0.420783,0.158435
recover_asym,12.500,0.420783,0.420783,0.158435
recover_asym,12.550,0.420783,0.420783,0.158435
recover_asym,12.600,0.420783,0.420783,0.158435
recover_asym,12.650,0.420783,0.420783,0.158435
recover_asym,12.700,0.420783,0.420783,0.158435
recover_asym,12.750,0.420783,0.420783,0.158435
recover_asym,12.800,0.420783,0.420783,0.158435
recover_asym,12.850,0.420783,0.420783,0.158435
recover_asym,12.900,0.420783,0.420783,0.158435
recover_asym,12.950,0.420783,0.420783,0.158435
recover_asym,13.000,0.420783,0.420783,0.158435
recover_asym,13.050,0.420783,0.420783,0.158435
recover_asym,13.100,0.420783,0.420783,0.158435
recover_asym,13.150,0.420783,0.420783,0.158435
recover_asym,13.200,0.420783,0.420783,0.158435
recover_asym,13.250,0.420783,0.420783,0.158435
recover_asym,13.300,0.420783,0.420783,0.158435
recover_asym,13.350,0.420783,0.420783,0.158435
recover_asym,13.400,0.420783,0.420783,0.158435
recover_asym,13.450,0.420783,0.420783,0.158435
recover_asym,13.500,0.420783,0.420783,0.158435
recover_asym,13.550,0.420783,0.420783,0.158435
recover_asym,13.600,0.420783,0.420783,0.158435
recover_asym,13.650,0.420783,0.420783,0.158435
recover_asym,13.700,0.420783,0.420783,0.158435
recover_asym,13.750,0.420783,0.420783,0.158435
recover_asym,13.800,0.420783,0.420783,0.158435
recover_asym,13.850,0.420783,0.420783,0.158435
recover_asym,13.900,0.420783,0.420783,0.158435
recover_asym,13.950,0.420783,0.420783,0.158435
recover_asym,14.000,0.420783,0.420783,0.158435
recover_asym,14.050,0.420783,0.420783,0.158435
recover_asym,14.100,0.420783,0.420783,0.158435
recover_asym,14.150,0.420783,0.420783,0.158435
recover_asym,14.200,0.420783,0.420783,0.158435
recover_asym,14.250,0.420783,0.420783,0.158435
recover_asym,14.300,0.420783,0.420783,0.158435
recover_asym,14.350,0.420783,0.420783,0.158435
recover_asym,14.400,0.420783,0.420783,0.158435
recover_asym,14.450,0.420783,0.420783,0.158435
recover_asym,14.500,0.420783,0.420783,0.158435
recover_asym,14.550,0.420783,0.420783,0.158435
recover_asym,14.600,0.420783,0.420783,0.158435
recover_asym,14.650,0.420783,0.420783,0.158435
recover_asym,14.700,0.420783,0.420783,0.158435
recover_asym,14.750,0.420783,0.420783,0.158435
recover_asym,14.800,0.420783,0.420783,0.158435
recover_asym,14.850,0.420783,0.420783,0.158435
recover_asym,14.900,0.420783,0.420783,0.158435
recover_asym,14.950,0.420783,0.420783,0.158435
recover_asym,15.000,0.420783,0.420783,0.158435
recover_asym,15.050,0.420783,0.420783,0.158435
recover_asym,15.100,0.420783,0.420783,0.158435
recover_asym,15.150,0.420783,0.420783,0.158435
recover_asym,15.200,0.420783,0.420783,0.158435
recover_asym,15.250,0.420783,0.420783,0.158435
recover_asym,15.300,0.420783,0.420783,0.158435
recover_asym,15.350,0.420783,0.420783,0.158435
recover_asym,15.400,0.420783,0.420783,0.158435
recover_asym,15.450,0.420783,0.420783,0.158435
recover_asym,15.500,0.420783,0.420783,0.158435
recover_asym,15.550,0.420783,0.420783,0.158435
recover_asym,15.600,0.420783,0.420783,0.158435
recover_asym,15.650,0.420783,0.420783,0.158435
recover_asym,15.700,0.420783,0.420783,0.158435
recover_asym,15.750,0.420783,0.420783,0.158435
recover_asym,15.800,0.420783,0.420783,0.158435
recover_asym,15.850,0.420783,0.420783,0.158435
recover_asym,15.900,0.420783,0.420783,0.158435
recover_asym,15.950,0.420783,0.420783,0.158435
recover_asym,16.000,0.420783,0.420783,0.158435
recover_asym,16.050,0.420783,0.420783,0.158435
recover_asym,16.100,0.420783,0.420783,0.158435
recover_asym,16.150,0.420783,0.420783,0.158435
recover_asym,16.200,0.420783,0.420783,0.158435
recover_asym,16.250,0.420783,0.420783,0.158435
recover_asym,16.300,0.420783,0.420783,0.158435
recover_asym,16.350,0.420783,0.420783,0.158435
recover_asym,16.400,0.420783,0.420783,0.158435
recover_asym,16.450,0.420783,0.420783,0.158435
recover_asym,16.500,0.420783,0.420783,0.158435
recover_asym,16.550,0.420783,0.420783,0.158435
recover_asym,16.600,0.420783,0.420783,0.158435
recover_asym,16.650,0.420783,0.420783,0.158435
recover_asym,16.700,0.420783,0.420783,0.158435
recover_asym,16.750,0.420783,0.420783,0.158435
recover_asym,16.800,0.420783,0.420783,0.158435
recover_asym,16.850,0.420783,0.420783,0.158435
recover_asym,16.900,0.420783,0.420783,0.158435
recover_asym,16.950,0.420783,0.420783,0.158435
recover_asym,17.000,0.420783,0.420783,0.158435
recover_asym,17.050,0.420783,0.420783,0.158435
recover_asym,17.100,0.420783,0.420783,0.158435
recover_asym,17.150,0.420783,0.420783,0.158435
recover_asym,17.200,0.420783,0.420783,0.158435
recover_asym,17.250,0.420783,0.420783,0.158435
recover_asym,17.300,0.420783,0.420783,0.158435
recover_asym,17.350,0.420783,0.420783,0.158435
recover_asym,17.400,0.420783,0.420783,0.158435
recover_asym,17.450,0.420783,0.420783,0.158435
recover_asym,17.500,0.420783,0.420783,0.158435
recover_asym,17.550,0.420783,0.420783,0.158435
recover_asym,17.600,0.420783,0.420783,0.158435
recover_asym,17.650,0.420783,0.420783,0.158435
recover_asym,17.700,0.420783,0.420783,0.158435
recover_asym,17.750,0.420783,0.420783,0.158435
recover_asym,17.800,0.420783,0.420783,0.158435
recover_asym,17.850,0.420783,0.420783,0.158435
recover_asym,17.900,0.420783,0.420783,0.158435
recover_asym,17.950,0.420783,0.420783,0.158435
recover_asym,18.000,0.420783,0.420783,0.158435
recover_asym,18.050,0.420783,0.420783,0.158435
recover_asym,18.100,0.420783,0.420783,0.158435
recover_asym,18.150,0.420783,0.420783,0.158435
recover_asym,18.200,0.420783,0.420783,0.158435
recover_asym,18.250,0.420783,0.420783,0.158435
recover_asym,18.300,0.420783,0.420783,0.158435
recover_asym,18.350,0.420783,0.420783,0.158435
recover_asym,18.400,0.420783,0.420783,0.158435
recover_asym,18.450,0.420783,0.420783,0.158435
recover_asym,18.500,0.420783,0.420783,0.158435
recover_asym,18.550,0.420783,0.420783,0.158435
recover_asym,18.600,0.420783,0.420783,0.158435
recover_asym,18.650,0.420783,0.420783,0.158435
recover_asym,18.700,0.420783,0.420783,0.158435
recover_asym,18.750,0.420783,0.420783,0.158435
recover_asym,18.800,0.420783,0.420783,0.158435
recover_asym,18.850,0.420783,0.420783,0.158435
recover_asym,18.900,0.420783,0.420783,0.158435
recover_asym,18.950,0.420783,0.420783,0.158435
recover_asym,19.000,0.420783,0.420783,0.158435
recover_asym,19.050,0.420783,0.420783,0.158435
recover_asym,19.100,0.420783,0.420783,0.158435
recover_asym,19.150,0.420783,0.420783,0.158435
recover_asym,19.200,0.420783,0.420783,0.158435
recover_asym,19.250,0.420783,0.420783,0.158435
recover_asym,19.300,0.420783,0.420783,0.158435
recover_asym,19.350,0.420783,0.420783,0.158435
recover_asym,19.400,0.420783,0.420783,0.158435
recover_asym,19.450,0.420783,0.420783,0.158435
recover_asym,19.500,0.420783,0.420783,0.158435
recover_asym,19.550,0.420783,0.420783,0.158435
recover_asym,19.600,0.420783,0.420783,0.158435
recover_asym,19.650,0.420783,0.420783,0.158435
recover_asym,19.700,0.420783,0.420783,0.158435
recover_asym,19.750,0.420783,0.420783,0.158435
recover_asym,19.800,0.420783,0.420783,0.158435
recover_asym,19.850,0.420783,0.420783,0.158435
recover_asym,19.900,0.420783,0.420783,0.158435
recover_asym,19.950,0.420783,0.420783,0.158435
recover_asym,20.000,0.420783,0.420783,0.158435
recover_asym,20.050,0.420783,0.420783,0.158435
recover_asym,20.100,0.420783,0.420783,0.158435
recover_asym,20.150,0.420783,0.420783,0.158435
recover_asym,20.200,0.420783,0.420783,0.158435
recover_asym,20.250,0.420783,0.420783,0.158435
recover_asym,20.300,0.420783,0.420783,0.158435
recover_asym,20.350,0.420783,0.420783,0.158435
recover_asym,20.400,0.420783,0.420783,0.158435
recover_asym,20.450,0.420783,0.420783,0.158435
recover_asym,20.500,0.420783,0.420783,0.158435
recover_asym,20.550,0.420783,0.420783,0.158435
recover_asym,20.600,0.420783,0.420783,0.158435
recover_asym,20.650,0.420783,0.420783,0.158435
recover_asym,20.700,0.420783,0.420783,0.158435
recover_asym,20.750,0.420783,0.420783,0.158435
recover_asym,20.800,0.420783,0.420783,0.158435
recover_asym,20.850,0.420783,0.420783,0.158435
recover_asym,20.900,0.420783,0.420783,0.158435
recover_asym,20.950,0.420783,0.420783,0.158435
recover_asym,21.000,0.420783,0.420783,0.158435
recover_asym,21.050,0.420783,0.420783,0.158435
recover_asym,21.100,0.420783,0.420783,0.158435
recover_asym,21.150,0.420783,0.420783,0.158435
recover_asym,21.200,0.420783,0.420783,0.158435
recover_asym,21.250,0.420783,0.420783,0.158435
recover_asym,21.300,0.420783,0.420783,0.158435
recover_asym,21.350,0.420783,0.420783,0.158435
recover_asym,21.400,0.420783,0.420783,0.158435
recover_asym,21.450,0.420783,0.420783,0.158435
recover_asym,21.500,0.420783,0.420783,0.158435
recover_asym,21.550,0.420783,0.420783,0.158435
recover_asym,21.600,0.420783,0.420783,0.158435
recover_asym,21.650,0.420783,0.420783,0.158435
recover_asym,21.700,0.420783,0.420783,0.158435
recover_asym,21.750,0.420783,0.420783,0.158435
recover_asym,21.800,0.420783,0.420783,0.158435
recover_asym,21.850,0.420783,0.420783,0.158435
recover_asym,21.900,0.420783,0.420783,0.158435
recover_asym,21.950,0.420783,0.420783,0.158435
recover_asym,22.000,0.420783,0.420783,0.158435
recover_asym,22.050,0.420783,0.420783,0.158435
recover_asym,22.100,0.420783,0.420783,0.158435
recover_asym,22.150,0.420783,0.420783,0.158435
recover_asym,22.200,0.420783,0.420783,0.158435
recover_asym,22.250,0.420783,0.420783,0.158435
recover_asym,22.300,0.420783,0.420783,0.158435
recover_asym,22.350,0.420783,0.420783,0.158435
recover_asym,22.400,0.420783,0.420783,0.158435
recover_asym,22.450,0.420783,0.420783,0.158435
recover_asym,22.500,0.420783,0.420783,0.158435
recover_asym,22.550,0.420783,0.420783,0.158435
recover_asym,22.600,0.420783,0.420783,0.158435
recover_asym,22.650,0.420783,0.420783,0.158435
recover_asym,22.700,0.420783,0.420783,0.158435
recover_asym,22.750,0.420783,0.420783,0.158435
recover_asym,22.800,0.420783,0.420783,0.158435
recover_asym,22.850,0.420783,0.420783,0.158435
recover_asym,22.900,0.420783,0.420783,0.158435
recover_asym,22.950,0.420783,0.420783,0.158435
recover_asym,23.000,0.420783,0.420783,0.158435
recover_asym,23.050,0.420783,0.420783,0.158435
recover_asym,23.100,0.420783,0.420783,0.158435
recover_asym,23.150,0.420783,0.420783,0.158435
recover_asym,23.200,0.420783,0.420783,0.158435
recover_asym,23.250,0.420783,0.420783,0.158435
recover_asym,23.300,0.420783,0.420783,0.158435
recover_asym,23.350,0.420783,0.420783,0.158435
recover_asym,23.400,0.420783,0.420783,0.158435
recover_asym,23.450,0.420783,0.420783,0.158435
recover_asym,23.500,0.420783,0.420783,0.158435
recover_asym,23.550,0.420783,0.420783,0.158435
recover_asym,23.600,0.420783,0.420783,0.158435
recover_asym,23.650,0.420783,0.420783,0.158435
recover_asym,23.700,0.420783,0.420783,0.158435
recover_asym,23.750,0.420783,0.420783,0.158435
recover_asym,23.800,0.420783,0.420783,0.158435
recover_asym,23.850,0.420783,0.420783,0.158435
recover_asym,23.900,0.420783,0.420783,0.158435
recover_asym,23.950,0.420783,0.420783,0.158435
recover_asym,24.000,0.420783,0.420783,0.158435
recover_asym,24.050,0.420783,0.420783,0.158435
recover_asym,24.100,0.420783,0.420783,0.158435
recover_asym,24.150,0.420783,0.420783,0.158435
recover_asym,24.200,0.420783,0.420783,0.158435
recover_asym,24.250,0.420783,0.420783,0.158435
recover_asym,24.300,0.420783,0.420783,0.158435
recover_asym,24.350,0.420783,0.420783,0.158435
recover_asym,24.400,0.420783,0.420783,0.158435
recover_asym,24.450,0.420783,0.420783,0.158435
recover_asym,24.500,0.420783,0.420783,0.158435
recover_asym,24.550,0.420783,0.420783,0.158435
recover_asym,24.600,0.420783,0.420783,0.158435
recover_asym,24.650,0.420783,0.420783,0.158435
recover_asym,24.700,0.420783,0.420783,0.158435
recover_asym,24.750,0.420783,0.420783,0.158435
recover_asym,24.800,0.420783,0.420783,0.158435
recover_asym,24.850,0.420783,0.420783,0.158435
recover_asym,24.900,0.420783,0.420783,0.158435
recover_asym,24.950,0.420783,0.420783,0.158435
recover_asym,25.000,0.420227,0.042280,0.537493
recover_asym,25.050,0.417486,0.043299,0.539215
recover_asym,25.100,0.414802,0.044338,0.540860
recover_asym,25.150,0.412174,0.045397,0.542429
recover_asym,25.200,0.409603,0.046475,0.543922
recover_asym,25.250,0.407088,0.047573,0.545338
recover_asym,25.300,0.404630,0.048692,0.546678
recover_asym,25.350,0.402227,0.049831,0.547942
recover_asym,25.400,0.399880,0.050990,0.549130
recover_asym,25.450,0.397588,0.052170,0.550242
recover_asym,25.500,0.395352,0.053371,0.551277
recover_asym,25.550,0.393171,0.054592,0.552237
recover_asym,25.600,0.391044,0.055835,0.553120
recover_asym,25.650,0.388973,0.057099,0.553928
recover_asym,25.700,0.386956,0.058384,0.554660
recover_asym,25.750,0.384993,0.059690,0.555317
recover_asym,25.800,0.383084,0.061019,0.555897
recover_asym,25.850,0.381229,0.062368,0.556402
recover_asym,25.900,0.379428,0.063740,0.556832
recover_asym,25.950,0.377681,0.065134,0.557185
recover_asym,26.000,0.375987,0.066549,0.557464
recover_asym,26.050,0.374346,0.067987,0.557667
recover_asym,26.100,0.372758,0.069448,0.557795
recover_asym,26.150,0.371222,0.070930,0.557847
recover_asym,26.200,0.369740,0.072436,0.557825
recover_asym,26.250,0.368310,0.073964,0.557727
recover_asym,26.300,0.366932,0.075514,0.557554
recover_asym,26.350,0.365606,0.077088,0.557306
recover_asym,26.400,0.364331,0.078685,0.556984
recover_asym,26.450,0.363109,0.080305,0.556586
recover_asym,26.500,0.361938,0.081948,0.556114
recover_asym,26.550,0.360819,0.083614,0.555568
recover_asym,26.600,0.359750,0.085304,0.554946
recover_asym,26.650,0.358733,0.087017,0.554250
recover_asym,26.700,0.357766,0.088754,0.553480
recover_asym,26.750,0.356850,0.090514,0.552636
recover_asym,26.800,0.355984,0.092299,0.551718
recover_asym,26.850,0.355168,0.094107,0.550725
recover_asym,26.900,0.354402,0.095939,0.549659
recover_asym,26.950,0.353687,0.097795,0.548519
recover_asym,27.000,0.353020,0.099675,0.547305
recover_asym,27.050,0.352404,0.101579,0.546018
recover_asym,27.100,0.351836,0.103507,0.544657
recover_asym,27.150,0.351317,0.105459,0.543224
recover_asym,27.200,0.350847,0.107435,0.541717
recover_asym,27.250,0.350426,0.109436,0.540138
recover_asym,27.300,0.350053,0.111461,0.538486
recover_asym,27.350,0.349728,0.113510,0.536762
recover_asym,27.400,0.349451,0.115583,0.534966
recover_asym,27.450,0.349221,0.117680,0.533098
recover_asym,27.500,0.349039,0.119802,0.531159
recover_asym,27.550,0.348903,0.121948,0.529149
recover_asym,27.600,0.348815,0.124117,0.527068
recover_asym,27.650,0.348773,0.126311,0.524916
recover_asym,27.700,0.348777,0.128528,0.522695
recover_asym,27.750,0.348826,0.130770,0.520404
recover_asym,27.800,0.348922,0.133035,0.518044
recover_asym,27.850,0.349062,0.135323,0.515615
recover_asym,27.900,0.349247,0.137635,0.513118
recover_asym,27.950,0.349476,0.139970,0.510554
recover_asym,28.000,0.349750,0.142328,0.507923
recover_asym,28.050,0.350066,0.144708,0.505225
recover_asym,28.100,0.350426,0.147111,0.502462
recover_asym,28.150,0.350829,0.149537,0.499635
recover_asym,28.200,0.351273,0.151984,0.496743
recover_asym,28.250,0.351759,0.154453,0.493788
recover_asym,28.300,0.352286,0.156943,0.490771
recover_asym,28.350,0.352853,0.159454,0.487693
recover_asym,28.400,0.353460,0.161986,0.484554
recover_asym,28.450,0.354107,0.164537,0.481356
recover_asym,28.500,0.354792,0.167109,0.478100
recover_asym,28.550,0.355515,0.169699,0.474787
recover_asym,28.600,0.356274,0.172308,0.471418
recover_asym,28.650,0.357071,0.174934,0.467995
recover_asym,28.700,0.357903,0.177579,0.464519
recover_asym,28.750,0.358769,0.180239,0.460991
recover_asym,28.800,0.359670,0.182916,0.457414
recover_asym,28.850,0.360604,0.185609,0.453788
recover_asym,28.900,0.361569,0.188316,0.450115
recover_asym,28.950,0.362566,0.191037,0.446397
recover_asym,29.000,0.363593,0.193770,0.442636
recover_asym,29.050,0.364650,0.196517,0.438834
recover_asym,29.100,0.365734,0.199274,0.434992
recover_asym,29.150,0.366845,0.202042,0.431113
recover_asym,29.200,0.367983,0.204819,0.427199
recover_asym,29.250,0.369145,0.207604,0.423251
recover_asym,29.300,0.370330,0.210397,0.419273
recover_asym,29.350,0.371538,0.213196,0.415266
recover_asym,29.400,0.372767,0.216001,0.411232
recover_asym,29.450,0.374016,0.218809,0.407175
recover_asym,29.500,0.375283,0.221621,0.403096
recover_asym,29.550,0.376567,0.224434,0.398998
recover_asym,29.600,0.377868,0.227248,0.394884
recover_asym,29.650,0.379182,0.230062,0.390756
recover_asym,29.700,0.380510,0.232873,0.386617
recover_asym,29.750,0.381849,0.235681,0.382470
recover_asym,29.800,0.383198,0.238485,0.378317
recover_asym,29.850,0.384557,0.241283,0.374160
recover_asym,29.900,0.385922,0.244074,0.370004
recover_asym,29.950,0.387293,0.246857,0.365850
recover_asym,30.000,0.388669,0.249630,0.361701
recover_asym,30.050,0.390047,0.252392,0.357561
recover_asym,30.100,0.391427,0.255141,0.353431
recover_asym,30.150,0.392807,0.257878,0.349315
recover_asym,30.200,0.394186,0.260599,0.345215
recover_asym,30.250,0.395562,0.263304,0.341134
recover_asym,30.300,0.396933,0.265991,0.337075
recover_asym,30.350,0.398299,0.268660,0.333041
recover_asym,30.400,0.399658,0.271309,0.329033
recover_asym,30.450,0.401009,0.273937,0.325054
recover_asym,30.500,0.402350,0.276542,0.321108
recover_asym,30.550,0.403680,0.279124,0.317196
recover_asym,30.600,0.404998,0.281681,0.313320
recover_asym,30.650,0.406303,0.284213,0.309484
recover_asym,30.700,0.407593,0.286718,0.305689
recover_asym,30.750,0.408868,0.289196,0.301936
recover_asym,30.800,0.410126,0.291645,0.298229
recover_asym,30.850,0.411366,0.294064,0.294569
recover_asym,30.900,0.412588,0.296453,0.290958
recover_asym,30.950,0.413791,0.298811,0.287398
recover_asym,31.000,0.414973,0.301137,0.283890
recover_asym,31.050,0.416134,0.303431,0.280435
recover_asym,31.100,0.417273,0.305691,0.277036
recover_asym,31.150,0.418390,0.307918,0.273692
recover_asym,31.200,0.419483,0.310111,0.270406
recover_asym,31.250,0.420553,0.312269,0.267179
recover_asym,31.300,0.421598,0.314392,0.264011
recover_asym,31.350,0.422619,0.316479,0.260902
recover_asym,31.400,0.423614,0.318531,0.257855
recover_asym,31.450,0.424584,0.320546,0.254869
recover_asym,31.500,0.425529,0.322526,0.251946
recover_asym,31.550,0.426447,0.324469,0.249084
recover_asym,31.600,0.427339,0.326376,0.246285
recover_asym,31.650,0.428205,0.328247,0.243548
recover_asym,31.700,0.429045,0.330081,0.240874
recover_asym,31.750,0.429858,0.331879,0.238263
recover_asym,31.800,0.430645,0.333641,0.235714
recover_asym,31.850,0.431405,0.335366,0.233228
recover_asym,31.900,0.432140,0.337056,0.230804
recover_asym,31.950,0.432848,0.338711,0.228441
recover_asym,32.000,0.433530,0.340330,0.226140
recover_asym,32.050,0.434187,0.341914,0.223899
recover_asym,32.100,0.434818,0.343463,0.221718
recover_asym,32.150,0.435425,0.344978,0.219597
recover_asym,32.200,0.436006,0.346460,0.217534
recover_asym,32.250,0.436563,0.347907,0.215530
recover_asym,32.300,0.437095,0.349322,0.213582
recover_asym,32.350,0.437604,0.350705,0.211691
recover_asym,32.400,0.438090,0.352055,0.209855
recover_asym,32.450,0.438553,0.353374,0.208074
recover_asym,32.500,0.438993,0.354661,0.206346
recover_asym,32.550,0.439411,0.355919,0.204671
recover_asym,32.600,0.439808,0.357146,0.203047
recover_asym,32.650,0.440183,0.358344,0.201473
recover_asym,32.700,0.440538,0.359513,0.199949
recover_asym,32.750,0.440873,0.360654,0.198473
recover_asym,32.800,0.441188,0.361768,0.197044
recover_asym,32.850,0.441484,0.362854,0.195662
recover_asym,32.900,0.441762,0.363914,0.194325
recover_asym,32.950,0.442021,0.364948,0.193031
recover_asym,33.000,0.442263,0.365957,0.191780
recover_asym,33.050,0.442488,0.366941,0.190571
recover_asym,33.100,0.442696,0.367901,0.189403
recover_asym,33.150,0.442888,0.368837,0.188274
recover_asym,33.200,0.443065,0.369751,0.187184
recover_asym,33.250,0.443227,0.370642,0.186131
recover_asym,33.300,0.443374,0.371511,0.185115
recover_asym,33.350,0.443507,0.372360,0.184133
recover_asym,33.400,0.443627,0.373187,0.183186
recover_asym,33.450,0.443733,0.373994,0.182273
recover_asym,33.500,0.443827,0.374782,0.181391
recover_asym,33.550,0.443908,0.375550,0.180541
recover_asym,33.600,0.443978,0.376300,0.179721
recover_asym,33.650,0.444037,0.377032,0.178931
recover_asym,33.700,0.444084,0.377747,0.178169
recover_asym,33.750,0.444121,0.378444,0.177434
recover_asym,33.800,0.444149,0.379125,0.176727
recover_asym,33.850,0.444166,0.379789,0.176044
recover_asym,33.900,0.444175,0.380438,0.175387
recover_asym,33.950,0.444174,0.381072,0.174754
recover_asym,34.000,0.444165,0.381691,0.174144
recover_asym,34.050,0.444148,0.382295,0.173557
recover_asym,34.100,0.444123,0.382886,0.172991
recover_asym,34.150,0.444091,0.383463,0.172447
recover_asym,34.200,0.444051,0.384026,0.171922
recover_asym,34.250,0.444005,0.384577,0.171418
recover_asym,34.300,0.443952,0.385116,0.170932
recover_asym,34.350,0.443893,0.385643,0.170464
recover_asym,34.400,0.443829,0.386158,0.170014
recover_asym,34.450,0.443758,0.386661,0.169581
recover_asym,34.500,0.443683,0.387154,0.169164
recover_asym,34.550,0.443602,0.387635,0.168762
recover_asym,34.600,0.443517,0.388107,0.168376
recover_asym,34.650,0.443427,0.388568,0.168005
recover_asym,34.700,0.443333,0.389020,0.167648
recover_asym,34.750,0.443234,0.389462,0.167304
recover_asym,34.800,0.443132,0.389895,0.166973
recover_asym,34.850,0.443026,0.390319,0.166655
recover_asym,34.900,0.442917,0.390734,0.166349
recover_asym,34.950,0.442805,0.391141,0.166054
recover_asym,35.000,0.442689,0.391540,0.165771
recover_asym,35.050,0.442571,0.391930,0.165499
recover_asym,35.100,0.442450,0.392313,0.165237
recover_asym,35.150,0.442326,0.392688,0.164985
recover_asym,35.200,0.442201,0.393057,0.164743
recover_asym,35.250,0.442073,0.393418,0.164510
recover_asym,35.300,0.441943,0.393772,0.164286
recover_asym,35.350,0.441811,0.394119,0.164070
recover_asym,35.400,0.441677,0.394460,0.163863
recover_asym,35.450,0.441542,0.394795,0.163663
recover_asym,35.500,0.441405,0.395123,0.163472
recover_asym,35.550,0.441267,0.395446,0.163287
recover_asym,35.600,0.441128,0.395762,0.163110
recover_asym,35.650,0.440987,0.396073,0.162939
recover_asym,35.700,0.440846,0.396379,0.162775
recover_asym,35.750,0.440704,0.396679,0.162618
recover_asym,35.800,0.440560,0.396974,0.162466
recover_asym,35.850,0.440417,0.397263,0.162320
recover_asym,35.900,0.440272,0.397548,0.162180
recover_asym,35.950,0.440127,0.397828,0.162045
recover_asym,36.000,0.439982,0.398104,0.161915
recover_asym,36.050,0.439836,0.398375,0.161790
recover_asym,36.100,0.439689,0.398641,0.161670
recover_asym,36.150,0.439543,0.398903,0.161554
recover_asym,36.200,0.439396,0.399161,0.161443
recover_asym,36.250,0.439250,0.399414,0.161336
recover_asym,36.300,0.439103,0.399664,0.161233
recover_asym,36.350,0.438956,0.399910,0.161134
recover_asym,36.400,0.438810,0.400152,0.161039
recover_asym,36.450,0.438663,0.400390,0.160947
recover_asym,36.500,0.438517,0.400624,0.160859
recover_asym,36.550,0.438371,0.400855,0.160774
recover_asym,36.600,0.438225,0.401083,0.160692
recover_asym,36.650,0.438080,0.401307,0.160614
recover_asym,36.700,0.437934,0.401528,0.160538
recover_asym,36.750,0.437790,0.401745,0.160465
recover_asym,36.800,0.437645,0.401959,0.160395
recover_asym,36.850,0.437502,0.402171,0.160328
recover_asym,36.900,0.437358,0.402379,0.160263
recover_asym,36.950,0.437216,0.402584,0.160200
recover_asym,37.000,0.437073,0.402787,0.160140
recover_asym,37.050,0.436932,0.402986,0.160082
recover_asym,37.100,0.436791,0.403183,0.160026
recover_asym,37.150,0.436650,0.403377,0.159972
recover_asym,37.200,0.436511,0.403569,0.159921
recover_asym,37.250,0.436372,0.403757,0.159871
recover_asym,37.300,0.436234,0.403944,0.159823
recover_asym,37.350,0.436096,0.404127,0.159777
recover_asym,37.400,0.435959,0.404309,0.159732
recover_asym,37.450,0.435823,0.404488,0.159689
recover_asym,37.500,0.435688,0.404664,0.159648
recover_asym,37.550,0.435554,0.404838,0.159608
recover_asym,37.600,0.435420,0.405011,0.159569
recover_asym,37.650,0.435287,0.405180,0.159532
recover_asym,37.700,0.435155,0.405348,0.159497
recover_asym,37.750,0.435024,0.405513,0.159462
recover_asym,37.800,0.434894,0.405677,0.159429
recover_asym,37.850,0.434765,0.405838,0.159397
recover_asym,37.900,0.434636,0.405997,0.159366
recover_asym,37.950,0.434508,0.406155,0.159337
recover_asym,38.000,0.434382,0.406310,0.159308
recover_asym,38.050,0.434256,0.406464,0.159280
recover_asym,38.100,0.434131,0.406615,0.159254
recover_asym,38.150,0.434007,0.406765,0.159228
recover_asym,38.200,0.433884,0.406913,0.159203
recover_asym,38.250,0.433762,0.407059,0.159179
recover_asym,38.300,0.433640,0.407204,0.159156
recover_asym,38.350,0.433520,0.407346,0.159134
recover_asym,38.400,0.433400,0.407487,0.159112
recover_asym,38.450,0.433282,0.407626,0.159092
recover_asym,38.500,0.433164,0.407764,0.159072
recover_asym,38.550,0.433048,0.407900,0.159052
recover_asym,38.600,0.432932,0.408035,0.159033
recover_asym,38.650,0.432817,0.408168,0.159015
recover_asym,38.700,0.432703,0.408299,0.158998
recover_asym,38.750,0.432590,0.408429,0.158981
recover_asym,38.800,0.432478,0.408557,0.158965
recover_asym,38.850,0.432367,0.408684,0.158949
recover_asym,38.900,0.432257,0.408809,0.158934
recover_asym,38.950,0.432147,0.408933,0.158919
recover_asym,39.000,0.432039,0.409056,0.158905
recover_asym,39.050,0.431931,0.409177,0.158891
recover_asym,39.100,0.431825,0.409297,0.158878
recover_asym,39.150,0.431719,0.409415,0.158865
recover_asym,39.200,0.431614,0.409533,0.158853
recover_asym,39.250,0.431511,0.409648,0.158841
recover_asym,39.300,0.431408,0.409763,0.158829
recover_asym,39.350,0.431306,0.409876,0.158818
recover_asym,39.400,0.431204,0.409988,0.158807
recover_asym,39.450,0.431104,0.410099,0.158797
recover_asym,39.500,0.431005,0.410209,0.158787
recover_asym,39.550,0.430906,0.410317,0.158777
recover_asym,39.600,0.430808,0.410424,0.158767
recover_asym,39.650,0.430712,0.410530,0.158758
recover_asym,39.700,0.430616,0.410635,0.158749
recover_asym,39.750,0.430521,0.410739,0.158740
recover_asym,39.800,0.430426,0.410842,0.158732
recover_asym,39.850,0.430333,0.410943,0.158724
recover_asym,39.900,0.430240,0.411043,0.158716
recover_asym,39.950,0.430149,0.411143,0.158709
recover_asym,40.000,0.430058,0.411241,0.158701
recover_asym,40.050,0.429968,0.411338,0.158694
recover_asym,40.100,0.429879,0.411434,0.158687
recover_asym,40.150,0.429790,0.411529,0.158680
recover_asym,40.200,0.429703,0.411624,0.158674
recover_asym,40.250,0.429616,0.411717,0.158668
recover_asym,40.300,0.429530,0.411809,0.158661
recover_asym,40.350,0.429445,0.411900,0.158656
recover_asym,40.400,0.429360,0.411990,0.158650
recover_asym,40.450,0.429277,0.412079,0.158644
recover_asym,40.500,0.429194,0.412167,0.158639
recover_asym,40.550,0.429112,0.412255,0.158634
recover_asym,40.600,0.429030,0.412341,0.158628
recover_asym,40.650,0.428950,0.412427,0.158623
recover_asym,40.700,0.428870,0.412511,0.158619
recover_asym,40.750,0.428791,0.412595,0.158614
recover_asym,40.800,0.428713,0.412678,0.158609
recover_asym,40.850,0.428635,0.412760,0.158605
recover_asym,40.900,0.428558,0.412841,0.158601
recover_asym,40.950,0.428482,0.412921,0.158597
recover_asym,41.000,0.428407,0.413001,0.158593
recover_asym,41.050,0.428332,0.413079,0.158589
recover_asym,41.100,0.428258,0.413157,0.158585
recover_asym,41.150,0.428185,0.413234,0.158581
recover_asym,41.200,0.428112,0.413310,0.158578
recover_asym,41.250,0.428040,0.413386,0.158574
recover_asym,41.300,0.427969,0.413460,0.158571
recover_asym,41.350,0.427899,0.413534,0.158567
recover_asym,41.400,0.427829,0.413607,0.158564
recover_asym,41.450,0.427759,0.413679,0.158561
recover_asym,41.500,0.427691,0.413751,0.158558
recover_asym,41.550,0.427623,0.413822,0.158555
recover_asym,41.600,0.427556,0.413892,0.158552
recover_asym,41.650,0.427489,0.413961,0.158549
recover_asym,41.700,0.427423,0.414030,0.158547
recover_asym,41.750,0.427358,0.414098,0.158544
recover_asym,41.800,0.427293,0.414165,0.158541
recover_asym,41.850,0.427229,0.414232,0.158539
recover_asym,41.900,0.427166,0.414298,0.158537
recover_asym,41.950,0.427103,0.414363,0.158534
recover_asym,42.000,0.427041,0.414427,0.158532
recover_asym,42.050,0.426979,0.414491,0.158530
recover_asym,42.100,0.426918,0.414555,0.158527
recover_asym,42.150,0.426858,0.414617,0.158525
recover_asym,42.200,0.426798,0.414679,0.158523
recover_asym,42.250,0.426739,0.414740,0.158521
recover_asym,42.300,0.426680,0.414801,0.158519
recover_asym,42.350,0.426622,0.414861,0.158517
recover_asym,42.400,0.426564,0.414921,0.158515
recover_asym,42.450,0.426507,0.414979,0.158514
recover_asym,42.500,0.426451,0.415038,0.158512
recover_asym,42.550,0.426395,0.415095,0.158510
recover_asym,42.600,0.426339,0.415152,0.158508
recover_asym,42.650,0.426285,0.415209,0.158507
recover_asym,42.700,0.426230,0.415265,0.158505
recover_asym,42.750,0.426176,0.415320,0.158503
recover_asym,42.800,0.426123,0.415375,0.158502
recover_asym,42.850,0.426070,0.415429,0.158500
recover_asym,42.900,0.426018,0.415483,0.158499
recover_asym,42.950,0.425967,0.415536,0.158498
recover_asym,43.000,0.425915,0.415588,0.158496
recover_asym,43.050,0.425865,0.415640,0.158495
recover_asym,43.100,0.425814,0.415692,0.158494
recover_asym,43.150,0.425765,0.415743,0.158492
recover_asym,43.200,0.425716,0.415794,0.158491
recover_asym,43.250,0.425667,0.415843,0.158490
recover_asym,43.300,0.425619,0.415893,0.158489
recover_asym,43.350,0.425571,0.415942,0.158487
recover_asym,43.400,0.425523,0.415990,0.158486
recover_asym,43.450,0.425477,0.416038,0.158485
recover_asym,43.500,0.425430,0.416086,0.158484
recover_asym,43.550,0.425384,0.416133,0.158483
recover_asym,43.600,0.425339,0.416179,0.158482
recover_asym,43.650,0.425294,0.416226,0.158481
recover_asym,43.700,0.425249,0.416271,0.158480
recover_asym,43.750,0.425205,0.416316,0.158479
recover_asym,43.800,0.425161,0.416361,0.158478
recover_asym,43.850,0.425118,0.416405,0.158477
recover_asym,43.900,0.425075,0.416449,0.158476
recover_asym,43.950,0.425032,0.416492,0.158475
recover_asym,44.000,0.424990,0.416535,0.158474
recover_asym,44.050,0.424949,0.416578,0.158474
recover_asym,44.100,0.424907,0.416620,0.158473
recover_asym,44.150,0.424867,0.416661,0.158472
recover_asym,44.200,0.424826,0.416703,0.158471
recover_asym,44.250,0.424786,0.416743,0.158470
recover_asym,44.300,0.424746,0.416784,0.158470
recover_asym,44.350,0.424707,0.416824,0.158469
recover_asym,44.400,0.424668,0.416863,0.158468
recover_asym,44.450,0.424630,0.416903,0.158468
recover_asym,44.500,0.424592,0.416941,0.158467
recover_asym,44.550,0.424554,0.416980,0.158466
recover_asym,44.600,0.424517,0.417018,0.158465
recover_asym,44.650,0.424480,0.417055,0.158465
recover_asym,44.700,0.424443,0.417093,0.158464
recover_asym,44.750,0.424407,0.417130,0.158464
recover_asym,44.800,0.424371,0.417166,0.158463
recover_asym,44.850,0.424335,0.417202,0.158462
recover_asym,44.900,0.424300,0.417238,0.158462
recover_asym,44.950,0.424265,0.417273,0.158461
recover_asym,45.000,0.424231,0.417308,0.158461
recover_asym,45.050,0.424197,0.417343,0.158460
recover_asym,45.100,0.424163,0.417378,0.158460
recover_asym,45.150,0.424129,0.417412,0.158459
recover_asym,45.200,0.424096,0.417445,0.158459
recover_asym,45.250,0.424063,0.417479,0.158458
recover_asym,45.300,0.424031,0.417512,0.158458
recover_asym,45.350,0.423999,0.417544,0.158457
recover_asym,45.400,0.423967,0.417577,0.158457
recover_asym,45.450,0.423935,0.417609,0.158456
recover_asym,45.500,0.423904,0.417640,0.158456
recover_asym,45.550,0.423873,0.417672,0.158455
recover_asym,45.600,0.423842,0.417703,0.158455
recover_asym,45.650,0.423812,0.417733,0.158455
recover_asym,45.700,0.423782,0.417764,0.158454
recover_asym,45.750,0.423752,0.417794,0.158454
recover_asym,45.800,0.423723,0.417824,0.158453
recover_asym,45.850,0.423694,0.417853,0.158453
recover_asym,45.900,0.423665,0.417883,0.158453
recover_asym,45.950,0.423636,0.417912,0.158452
recover_asym,46.000,0.423608,0.417940,0.158452
recover_asym,46.050,0.423580,0.417969,0.158452
recover_asym,46.100,0.423552,0.417997,0.158451
recover_asym,46.150,0.423525,0.418025,0.158451
recover_asym,46.200,0.423497,0.418052,0.158451
recover_asym,46.250,0.423470,0.418079,0.158450
recover_asym,46.300,0.423444,0.418106,0.158450
recover_asym,46.350,0.423417,0.418133,0.158450
recover_asym,46.400,0.423391,0.418159,0.158449
recover_asym,46.450,0.423365,0.418186,0.158449
recover_asym,46.500,0.423340,0.418211,0.158449
recover_asym,46.550,0.423314,0.418237,0.158449
recover_asym,46.600,0.423289,0.418263,0.158448
recover_asym,46.650,0.423264,0.418288,0.158448
recover_asym,46.700,0.423240,0.418313,0.158448
recover_asym,46.750,0.423215,0.418337,0.158447
recover_asym,46.800,0.423191,0.418362,0.158447
recover_asym,46.850,0.423167,0.418386,0.158447
recover_asym,46.900,0.423144,0.418410,0.158447
recover_asym,46.950,0.423120,0.418433,0.158446
recover_asym,47.000,0.423097,0.418457,0.158446
recover_asym,47.050,0.423074,0.418480,0.158446
recover_asym,47.100,0.423051,0.418503,0.158446
recover_asym,47.150,0.423029,0.418526,0.158446
recover_asym,47.200,0.423006,0.418548,0.158445
recover_asym,47.250,0.422984,0.418570,0.158445
recover_asym,47.300,0.422963,0.418593,0.158445
recover_asym,47.350,0.422941,0.418614,0.158445
recover_asym,47.400,0.422919,0.418636,0.158445
recover_asym,47.450,0.422898,0.418657,0.158444
recover_asym,47.500,0.422877,0.418679,0.158444
recover_asym,47.550,0.422856,0.418700,0.158444
recover_asym,47.600,0.422836,0.418720,0.158444
recover_asym,47.650,0.422815,0.418741,0.158444
recover_asym,47.700,0.422795,0.418761,0.158443
recover_asym,47.750,0.422775,0.418781,0.158443
recover_asym,47.800,0.422755,0.418801,0.158443
recover_asym,47.850,0.422736,0.418821,0.158443
recover_asym,47.900,0.422717,0.418841,0.158443
recover_asym,47.950,0.422697,0.418860,0.158443
recover_asym,48.000,0.422678,0.418879,0.158442
recover_asym,48.050,0.422659,0.418898,0.158442
recover_asym,48.100,0.422641,0.418917,0.158442
recover_asym,48.150,0.422622,0.418936,0.158442
recover_asym,48.200,0.422604,0.418954,0.158442
recover_asym,48.250,0.422586,0.418972,0.158442
recover_asym,48.300,0.422568,0.418990,0.158442
recover_asym,48.350,0.422550,0.419008,0.158441
recover_asym,48.400,0.422533,0.419026,0.158441
recover_asym,48.450,0.422515,0.419043,0.158441
recover_asym,48.500,0.422498,0.419061,0.158441
recover_asym,48.550,0.422481,0.419078,0.158441
recover_asym,48.600,0.422464,0.419095,0.158441
recover_asym,48.650,0.422448,0.419112,0.158441
recover_asym,48.700,0.422431,0.419128,0.158441
recover_asym,48.750,0.422415,0.419145,0.158441
recover_asym,48.800,0.422398,0.419161,0.158440
recover_asym,48.850,0.422382,0.419177,0.158440
recover_asym,48.900,0.422367,0.419193,0.158440
recover_asym,48.950,0.422351,0.419209,0.158440
recover_asym,49.000,0.422335,0.419225,0.158440
recover_asym,49.050,0.422320,0.419240,0.158440
recover_asym,49.100,0.422305,0.419256,0.158440
recover_asym,49.150,0.422289,0.419271,0.158440
recover_asym,49.200,0.422274,0.419286,0.158440
recover_asym,49.250,0.422260,0.419301,0.158440
recover_asym,49.300,0.422245,0.419316,0.158439
recover_asym,49.350,0.422230,0.419330,0.158439
recover_asym,49.400,0.422216,0.419345,0.158439
recover_asym,49.450,0.422202,0.419359,0.158439
recover_asym,49.500,0.422188,0.419373,0.158439
recover_asym,49.550,0.422174,0.419387,0.158439
recover_asym,49.600,0.422160,0.419401,0.158439
recover_asym,49.650,0.422146,0.419415,0.158439
recover_asym,49.700,0.422133,0.419429,0.158439
recover_asym,49.750,0.422119,0.419442,0.158439
recover_asym,49.800,0.422106,0.419455,0.158439
recover_asym,49.850,0.422093,0.419469,0.158439
recover_asym,49.900,0.422080,0.419482,0.158438
recover_asym,49.950,0.422067,0.419495,0.158438
recover_asym,50.000,0.422054,0.419508,0.158438
recover_asym,50.050,0.422041,0.419520,0.158438
recover_asym,50.100,0.422029,0.419533,0.158438
recover_asym,50.150,0.422017,0.419545,0.158438
recover_asym,50.200,0.422004,0.419558,0.158438
recover_asym,50.250,0.421992,0.419570,0.158438
recover_asym,50.300,0.421980,0.419582,0.158438
recover_asym,50.350,0.421968,0.419594,0.158438
recover_asym,50.400,0.421956,0.419606,0.158438
recover_asym,50.450,0.421945,0.419617,0.158438
recover_asym,50.500,0.421933,0.419629,0.158438
recover_asym,50.550,0.421922,0.419641,0.158438
recover_asym,50.600,0.421911,0.419652,0.158438
recover_asym,50.650,0.421899,0.419663,0.158438
recover_asym,50.700,0.421888,0.419674,0.158438
recover_asym,50.750,0.421877,0.419685,0.158437
recover_asym,50.800,0.421866,0.419696,0.158437
recover_asym,50.850,0.421856,0.419707,0.158437
recover_asym,50.900,0.421845,0.419718,0.158437
recover_asym,50.950,0.421834,0.419728,0.158437
recover_asym,51.000,0.421824,0.419739,0.158437
recover_asym,51.050,0.421814,0.419749,0.158437
recover_asym,51.100,0.421803,0.419760,0.158437
recover_asym,51.150,0.421793,0.419770,0.158437
recover_asym,51.200,0.421783,0.419780,0.158437
recover_asym,51.250,0.421773,0.419790,0.158437
recover_asym,51.300,0.421763,0.419800,0.158437
recover_asym,51.350,0.421754,0.419810,0.158437
recover_asym,51.400,0.421744,0.419819,0.158437
recover_asym,51.450,0.421734,0.419829,0.158437
recover_asym,51.500,0.421725,0.419838,0.158437
recover_asym,51.550,0.421716,0.419848,0.158437
recover_asym,51.600,0.421706,0.419857,0.158437
recover_asym,51.650,0.421697,0.419866,0.158437
recover_asym,51.700,0.421688,0.419875,0.158437
recover_asym,51.750,0.421679,0.419884,0.158437
recover_asym,51.800,0.421670,0.419893,0.158437
recover_asym,51.850,0.421661,0.419902,0.158437
recover_asym,51.900,0.421652,0.419911,0.158437
recover_asym,51.950,0.421644,0.419920,0.158437
recover_asym,52.000,0.421635,0.419928,0.158436
recover_asym,52.050,0.421627,0.419937,0.158436
recover_asym,52.100,0.421618,0.419945,0.158436
recover_asym,52.150,0.421610,0.419954,0.158436
recover_asym,52.200,0.421602,0.419962,0.158436
recover_asym,52.250,0.421594,0.419970,0.158436
recover_asym,52.300,0.421586,0.419978,0.158436
recover_asym,52.350,0.421578,0.419986,0.158436
recover_asym,52.400,0.421570,0.419994,0.158436
recover_asym,52.450,0.421562,0.420002,0.158436
recover_asym,52.500,0.421554,0.420010,0.158436
recover_asym,52.550,0.421547,0.420017,0.158436
recover_asym,52.600,0.421539,0.420025,0.158436
recover_asym,52.650,0.421531,0.420032,0.158436
recover_asym,52.700,0.421524,0.420040,0.158436
recover_asym,52.750,0.421517,0.420047,0.158436
recover_asym,52.800,0.421509,0.420055,0.158436
recover_asym,52.850,0.421502,0.420062,0.158436
recover_asym,52.900,0.421495,0.420069,0.158436
recover_asym,52.950,0.421488,0.420076,0.158436
recover_asym,53.000,0.421481,0.420083,0.158436
recover_asym,53.050,0.421474,0.420090,0.158436
recover_asym,53.100,0.421467,0.420097,0.158436
recover_asym,53.150,0.421460,0.420104,0.158436
recover_asym,53.200,0.421453,0.420111,0.158436
recover_asym,53.250,0.421447,0.420117,0.158436
recover_asym,53.300,0.421440,0.420124,0.158436
recover_asym,53.350,0.421434,0.420131,0.158436
recover_asym,53.400,0.421427,0.420137,0.158436
recover_asym,53.450,0.421421,0.420143,0.158436
recover_asym,53.500,0.421414,0.420150,0.158436
recover_asym,53.550,0.421408,0.420156,0.158436
recover_asym,53.600,0.421402,0.420162,0.158436
recover_asym,53.650,0.421396,0.420169,0.158436
recover_asym,53.700,0.421390,0.420175,0.158436
recover_asym,53.750,0.421384,0.420181,0.158436
recover_asym,53.800,0.421378,0.420187,0.158436
recover_asym,53.850,0.421372,0.420193,0.158436
recover_asym,53.900,0.421366,0.420198,0.158436
recover_asym,53.950,0.421360,0.420204,0.158436
recover_asym,54.000,0.421354,0.420210,0.158436
recover_asym,54.050,0.421349,0.420216,0.158436
recover_asym,54.100,0.421343,0.420221,0.158436
recover_asym,54.150,0.421337,0.420227,0.158436
recover_asym,54.200,0.421332,0.420233,0.158436
recover_asym,54.250,0.421326,0.420238,0.158436
recover_asym,54.300,0.421321,0.420243,0.158436
recover_asym,54.350,0.421316,0.420249,0.158436
recover_asym,54.400,0.421310,0.420254,0.158436
recover_asym,54.450,0.421305,0.420259,0.158436
recover_asym,54.500,0.421300,0.420265,0.158436
recover_asym,54.550,0.421295,0.420270,0.158436
recover_asym,54.600,0.421290,0.420275,0.158436
recover_asym,54.650,0.421285,0.420280,0.158435
recover_asym,54.700,0.421280,0.420285,0.158435
recover_asym,54.750,0.421275,0.420290,0.158435
recover_asym,54.800,0.421270,0.420295,0.158435
recover_asym,54.850,0.421265,0.420300,0.158435
recover_asym,54.900,0.421260,0.420304,0.158435
recover_asym,54.950,0.421255,0.420309,0.158435
recover_asym,55.000,0.421251,0.420314,0.158435
recover_asym,55.050,0.421246,0.420319,0.158435
recover_asym,55.100,0.421241,0.420323,0.158435
recover_asym,55.150,0.421237,0.420328,0.158435
recover_asym,55.200,0.421232,0.420332,0.158435
recover_asym,55.250,0.421228,0.420337,0.158435
recover_asym,55.300,0.421223,0.420341,0.158435
recover_asym,55.350,0.421219,0.420346,0.158435
recover_asym,55.400,0.421215,0.420350,0.158435
recover_asym,55.450,0.421210,0.420354,0.158435
recover_asym,55.500,0.421206,0.420358,0.158435
recover_asym,55.550,0.421202,0.420363,0.158435
recover_asym,55.600,0.421198,0.420367,0.158435
recover_asym,55.650,0.421194,0.420371,0.158435
recover_asym,55.700,0.421190,0.420375,0.158435
recover_asym,55.750,0.421186,0.420379,0.158435
recover_asym,55.800,0.421182,0.420383,0.158435
recover_asym,55.850,0.421178,0.420387,0.158435
recover_asym,55.900,0.421174,0.420391,0.158435
recover_asym,55.950,0.421170,0.420395,0.158435
recover_asym,56.000,0.421166,0.420399,0.158435
recover_asym,56.050,0.421162,0.420403,0.158435
recover_asym,56.100,0.421158,0.420406,0.158435
recover_asym,56.150,0.421155,0.420410,0.158435
recover_asym,56.200,0.421151,0.420414,0.158435
recover_asym,56.250,0.421147,0.420418,0.158435
recover_asym,56.300,0.421144,0.420421,0.158435
recover_asym,56.350,0.421140,0.420425,0.158435
recover_asym,56.400,0.421136,0.420428,0.158435
recover_asym,56.450,0.421133,0.420432,0.158435
recover_asym,56.500,0.421129,0.420435,0.158435
recover_asym,56.550,0.421126,0.420439,0.158435
recover_asym,56.600,0.421123,0.420442,0.158435
recover_asym,56.650,0.421119,0.420446,0.158435
recover_asym,56.700,0.421116,0.420449,0.158435
recover_asym,56.750,0.421112,0.420452,0.158435
recover_asym,56.800,0.421109,0.420456,0.158435
recover_asym,56.850,0.421106,0.420459,0.158435
recover_asym,56.900,0.421103,0.420462,0.158435
recover_asym,56.950,0.421100,0.420465,0.158435
recover_asym,57.000,0.421096,0.420468,0.158435
recover_asym,57.050,0.421093,0.420472,0.158435
recover_asym,57.100,0.421090,0.420475,0.158435
recover_asym,57.150,0.421087,0.420478,0.158435
recover_asym,57.200,0.421084,0.420481,0.158435
recover_asym,57.250,0.421081,0.420484,0.158435
recover_asym,57.300,0.421078,0.420487,0.158435
recover_asym,57.350,0.421075,0.420490,0.158435
recover_asym,57.400,0.421072,0.420493,0.158435
recover_asym,57.450,0.421069,0.420495,0.158435
recover_asym,57.500,0.421067,0.420498,0.158435
recover_asym,57.550,0.421064,0.420501,0.158435
recover_asym,57.600,0.421061,0.420504,0.158435
recover_asym,57.650,0.421058,0.420507,0.158435
recover_asym,57.700,0.421055,0.420509,0.158435
recover_asym,57.750,0.421053,0.420512,0.158435
recover_asym,57.800,0.421050,0.420515,0.158435
recover_asym,57.850,0.421047,0.420518,0.158435
recover_asym,57.900,0.421045,0.420520,0.158435
recover_asym,57.950,0.421042,0.420523,0.158435
recover_asym,58.000,0.421040,0.420525,0.158435
recover_asym,58.050,0.421037,0.420528,0.158435
recover_asym,58.100,0.421034,0.420530,0.158435
recover_asym,58.150,0.421032,0.420533,0.158435
recover_asym,58.200,0.421029,0.420535,0.158435
recover_asym,58.250,0.421027,0.420538,0.158435
recover_asym,58.300,0.421025,0.420540,0.158435
recover_asym,58.350,0.421022,0.420543,0.158435
recover_asym,58.400,0.421020,0.420545,0.158435
recover_asym,58.450,0.421017,0.420548,0.158435
recover_asym,58.500,0.421015,0.420550,0.158435
recover_asym,58.550,0.421013,0.420552,0.158435
recover_asym,58.600,0.421010,0.420554,0.158435
recover_asym,58.650,0.421008,0.420557,0.158435
recover_asym,58.700,0.421006,0.420559,0.158435
recover_asym,58.750,0.421004,0.420561,0.158435
recover_asym,58.800,0.421002,0.420563,0.158435
recover_asym,58.850,0.420999,0.420566,0.158435
recover_asym,58.900,0.420997,0.420568,0.158435
recover_asym,58.950,0.420995,0.420570,0.158435
recover_asym,59.000,0.420993,0.420572,0.158435
recover_asym,59.050,0.420991,0.420574,0.158435
recover_asym,59.100,0.420989,0.420576,0.158435
recover_asym,59.150,0.420987,0.420578,0.158435
recover_asym,59.200,0.420985,0.420580,0.158435
recover_asym,59.250,0.420983,0.420582,0.158435
recover_asym,59.300,0.420981,0.420584,0.158435
recover_asym,59.350,0.420979,0.420586,0.158435
recover_asym,59.400,0.420977,0.420588,0.158435
recover_asym,59.450,0.420975,0.420590,0.158435
recover_asym,59.500,0.420973,0.420592,0.158435
recover_asym,59.550,0.420971,0.420594,0.158435
recover_asym,59.600,0.420969,0.420596,0.158435
recover_asym,59.650,0.420967,0.420598,0.158435
recover_asym,59.700,0.420965,0.420600,0.158435
recover_asym,59.750,0.420964,0.420601,0.158435
recover_asym,59.800,0.420962,0.420603,0.158435
recover_asym,59.850,0.420960,0.420605,0.158435
recover_asym,59.900,0.420958,0.420607,0.158435
recover_asym,59.950,0.420957,0.420608,0.158435
recover_asym,60.000,0.420955,0.420610,0.158435
recover_asym,60.050,0.420953,0.420612,0.158435
recover_asym,60.100,0.420951,0.420614,0.158435
recover_asym,60.150,0.420950,0.420615,0.158435
recover_asym,60.200,0.420948,0.420617,0.158435
recover_asym,60.250,0.420946,0.420619,0.158435
recover_asym,60.300,0.420945,0.420620,0.158435
recover_asym,60.350,0.420943,0.420622,0.158435
recover_asym,60.400,0.420942,0.420623,0.158435
recover_asym,60.450,0.420940,0.420625,0.158435
recover_asym,60.500,0.420938,0.420627,0.158435
recover_asym,60.550,0.420937,0.420628,0.158435
recover_asym,60.600,0.420935,0.420630,0.158435
recover_asym,60.650,0.420934,0.420631,0.158435
recover_asym,60.700,0.420932,0.420633,0.158435
recover_asym,60.750,0.420931,0.420634,0.158435
recover_asym,60.800,0.420929,0.420636,0.158435
recover_asym,60.850,0.420928,0.420637,0.158435
recover_asym,60.900,0.420926,0.420639,0.158435
recover_asym,60.950,0.420925,0.420640,0.158435
recover_asym,61.000,0.420924,0.420641,0.158435
recover_asym,61.050,0.420922,0.420643,0.158435
recover_asym,61.100,0.420921,0.420644,0.158435
recover_asym,61.150,0.420919,0.420646,0.158435
recover_asym,61.200,0.420918,0.420647,0.158435
recover_asym,61.250,0.420917,0.420648,0.158435
recover_asym,61.300,0.420915,0.420650,0.158435
recover_asym,61.350,0.420914,0.420651,0.158435
recover_asym,61.400,0.420913,0.420652,0.158435
recover_asym,61.450,0.420911,0.420654,0.158435
recover_asym,61.500,0.420910,0.420655,0.158435
recover_asym,61.550,0.420909,0.420656,0.158435
recover_asym,61.600,0.420908,0.420657,0.158435
recover_asym,61.650,0.420906,0.420659,0.158435
recover_asym,61.700,0.420905,0.420660,0.158435
recover_asym,61.750,0.420904,0.420661,0.158435
recover_asym,61.800,0.420903,0.420662,0.158435
recover_asym,61.850,0.420902,0.420663,0.158435
recover_asym,61.900,0.420900,0.420665,0.158435
recover_asym,61.950,0.420899,0.420666,0.158435
recover_asym,62.000,0.420898,0.420667,0.158435
recover_asym,62.050,0.420897,0.420668,0.158435
recover_asym,62.100,0.420896,0.420669,0.158435
recover_asym,62.150,0.420895,0.420670,0.158435
recover_asym,62.200,0.420893,0.420672,0.158435
recover_asym,62.250,0.420892,0.420673,0.158435
recover_asym,62.300,0.420891,0.420674,0.158435
recover_asym,62.350,0.420890,0.420675,0.158435
recover_asym,62.400,0.420889,0.420676,0.158435
recover_asym,62.450,0.420888,0.420677,0.158435
recover_asym,62.500,0.420887,0.420678,0.158435
recover_asym,62.550,0.420886,0.420679,0.158435
recover_asym,62.600,0.420885,0.420680,0.158435
recover_asym,62.650,0.420884,0.420681,0.158435
recover_asym,62.700,0.420883,0.420682,0.158435
recover_asym,62.750,0.420882,0.420683,0.158435
recover_asym,62.800,0.420881,0.420684,0.158435
recover_asym,62.850,0.420880,0.420685,0.158435
recover_asym,62.900,0.420879,0.420686,0.158435
recover_asym,62.950,0.420878,0.420687,0.158435
recover_asym,63.000,0.420877,0.420688,0.158435
recover_asym,63.050,0.420876,0.420689,0.158435
recover_asym,63.100,0.420875,0.420690,0.158435
recover_asym,63.150,0.420874,0.420691,0.158435
recover_asym,63.200,0.420873,0.420692,0.158435
recover_asym,63.250,0.420872,0.420693,0.158435
recover_asym,63.300,0.420872,0.420693,0.158435
recover_asym,63.350,0.420871,0.420694,0.158435
recover_asym,63.400,0.420870,0.420695,0.158435
recover_asym,63.450,0.420869,0.420696,0.158435
recover_asym,63.500,0.420868,0.420697,0.158435
recover_asym,63.550,0.420867,0.420698,0.158435
recover_asym,63.600,0.420866,0.420699,0.158435
recover_asym,63.650,0.420866,0.420699,0.158435
recover_asym,63.700,0.420865,0.420700,0.158435
recover_asym,63.750,0.420864,0.420701,0.158435
recover_asym,63.800,0.420863,0.420702,0.158435
recover_asym,63.850,0.420862,0.420703,0.158435
recover_asym,63.900,0.420861,0.420704,0.158435
recover_asym,63.950,0.420861,0.420704,0.158435
recover_asym,64.000,0.420860,0.420705,0.158435
recover_asym,64.050,0.420859,0.420706,0.158435
recover_asym,64.100,0.420858,0.420707,0.158435
recover_asym,64.150,0.420858,0.420707,0.158435
recover_asym,64.200,0.420857,0.420708,0.158435
recover_asym,64.250,0.420856,0.420709,0.158435
recover_asym,64.300,0.420855,0.420710,0.158435
recover_asym,64.350,0.420855,0.420710,0.158435
recover_asym,64.400,0.420854,0.420711,0.158435
recover_asym,64.450,0.420853,0.420712,0.158435
recover_asym,64.500,0.420853,0.420712,0.158435
recover_asym,64.550,0.420852,0.420713,0.158435
recover_asym,64.600,0.420851,0.420714,0.158435
recover_asym,64.650,0.420850,0.420715,0.158435
recover_asym,64.700,0.420850,0.420715,0.158435
recover_asym,64.750,0.420849,0.420716,0.158435
recover_asym,64.800,0.420848,0.420717,0.158435
recover_asym,64.850,0.420848,0.420717,0.158435
recover_asym,64.900,0.420847,0.420718,0.158435
recover_asym,64.950,0.420847,0.420718,0.158435
recover_asym,65.000,0.420846,0.420719,0.158435
recover_asym,65.050,0.420845,0.420720,0.158435
recover_asym,65.100,0.420845,0.420720,0.158435
recover_asym,65.150,0.420844,0.420721,0.158435
recover_asym,65.200,0.420843,0.420722,0.158435
recover_asym,65.250,0.420843,0.420722,0.158435
recover_asym,65.300,0.420842,0.420723,0.158435
recover_asym,65.350,0.420842,0.420723,0.158435
recover_asym,65.400,0.420841,0.420724,0.158435
recover_asym,65.450,0.420840,0.420725,0.158435
recover_asym,65.500,0.420840,0.420725,0.158435
recover_asym,65.550,0.420839,0.420726,0.158435
recover_asym,65.600,0.420839,0.420726,0.158435
recover_asym,65.650,0.420838,0.420727,0.158435
recover_asym,65.700,0.420838,0.420727,0.158435
recover_asym,65.750,0.420837,0.420728,0.158435
recover_asym,65.800,0.420837,0.420728,0.158435
recover_asym,65.850,0.420836,0.420729,0.158435
recover_asym,65.900,0.420835,0.420730,0.158435
recover_asym,65.950,0.420835,0.420730,0.158435
recover_asym,66.000,0.420834,0.420731,0.158435
recover_asym,66.050,0.420834,0.420731,0.158435
recover_asym,66.100,0.420833,0.420732,0.158435
recover_asym,66.150,0.420833,0.420732,0.158435
recover_asym,66.200,0.420832,0.420733,0.158435
recover_asym,66.250,0.420832,0.420733,0.158435
recover_asym,66.300,0.420831,0.420734,0.158435
recover_asym,66.350,0.420831,0.420734,0.158435
recover_asym,66.400,0.420830,0.420735,0.158435
recover_asym,66.450,0.420830,0.420735,0.158435
recover_asym,66.500,0.420829,0.420736,0.158435
recover_asym,66.550,0.420829,0.420736,0.158435
recover_asym,66.600,0.420829,0.420736,0.158435
recover_asym,66.650,0.420828,0.420737,0.158435
recover_asym,66.700,0.420828,0.420737,0.158435
recover_asym,66.750,0.420827,0.420738,0.158435
recover_asym,66.800,0.420827,0.420738,0.158435
recover_asym,66.850,0.420826,0.420739,0.158435
recover_asym,66.900,0.420826,0.420739,0.158435
recover_asym,66.950,0.420825,0.420740,0.158435
recover_asym,67.000,0.420825,0.420740,0.158435
recover_asym,67.050,0.420825,0.420740,0.158435
recover_asym,67.100,0.420824,0.420741,0.158435
recover_asym,67.150,0.420824,0.420741,0.158435
recover_asym,67.200,0.420823,0.420742,0.158435
recover_asym,67.250,0.420823,0.420742,0.158435
recover_asym,67.300,0.420823,0.420742,0.158435
recover_asym,67.350,0.420822,0.420743,0.158435
recover_asym,67.400,0.420822,0.420743,0.158435
recover_asym,67.450,0.420821,0.420744,0.158435
recover_asym,67.500,0.420821,0.420744,0.158435
recover_asym,67.550,0.420821,0.420744,0.158435
recover_asym,67.600,0.420820,0.420745,0.158435
recover_asym,67.650,0.420820,0.420745,0.158435
recover_asym,67.700,0.420819,0.420746,0.158435
recover_asym,67.750,0.420819,0.420746,0.158435
recover_asym,67.800,0.420819,0.420746,0.158435
recover_asym,67.850,0.420818,0.420747,0.158435
recover_asym,67.900,0.420818,0.420747,0.158435
recover_asym,67.950,0.420818,0.420747,0.158435
recover_asym,68.000,0.420817,0.420748,0.158435
recover_asym,68.050,0.420817,0.420748,0.158435
recover_asym,68.100,0.420817,0.420748,0.158435
recover_asym,68.150,0.420816,0.420749,0.158435
recover_asym,68.200,0.420816,0.420749,0.158435
recover_asym,68.250,0.420816,0.420749,0.158435
recover_asym,68.300,0.420815,0.420750,0.158435
recover_asym,68.350,0.420815,0.420750,0.158435
recover_asym,68.400,0.420815,0.420750,0.158435
recover_asym,68.450,0.420814,0.420751,0.158435
recover_asym,68.500,0.420814,0.420751,0.158435
recover_asym,68.550,0.420814,0.420751,0.158435
recover_asym,68.600,0.420813,0.420752,0.158435
recover_asym,68.650,0.420813,0.420752,0.158435
recover_asym,68.700,0.420813,0.420752,0.158435
recover_asym,68.750,0.420812,0.420753,0.158435
recover_asym,68.800,0.420812,0.420753,0.158435
recover_asym,68.850,0.420812,0.420753,0.158435
recover_asym,68.900,0.420812,0.420753,0.158435
recover_asym,68.950,0.420811,0.420754,0.158435
recover_asym,69.000,0.420811,0.420754,0.158435
recover_asym,69.050,0.420811,0.420754,0.158435
recover_asym,69.100,0.420810,0.420755,0.158435
recover_asym,69.150,0.420810,0.420755,0.158435
recover_asym,69.200,0.420810,0.420755,0.158435
recover_asym,69.250,0.420810,0.420755,0.158435
recover_asym,69.300,0.420809,0.420756,0.158435
recover_asym,69.350,0.420809,0.420756,0.158435
recover_asym,69.400,0.420809,0.420756,0.158435
recover_asym,69.450,0.420809,0.420756,0.158435
recover_asym,69.500,0.420808,0.420757,0.158435
recover_asym,69.550,0.420808,0.420757,0.158435
recover_asym,69.600,0.420808,0.420757,0.158435
recover_asym,69.650,0.420808,0.420757,0.158435
recover_asym,69.700,0.420807,0.420758,0.158435
recover_asym,69.750,0.420807,0.420758,0.158435
recover_asym,69.800,0.420807,0.420758,0.158435
recover_asym,69.850,0.420807,0.420758,0.158435
recover_asym,69.900,0.420806,0.420759,0.158435
recover_asym,69.950,0.420806,0.420759,0.158435
recover_asym,70.000,0.420806,0.420759,0.158435
recover_asym,70.050,0.420806,0.420759,0.158435
recover_asym,70.100,0.420805,0.420760,0.158435
recover_asym,70.150,0.420805,0.420760,0.158435
recover_asym,70.200,0.420805,0.420760,0.158435
recover_asym,70.250,0.420805,0.420760,0.158435
recover_asym,70.300,0.420804,0.420761,0.158435
recover_asym,70.350,0.420804,0.420761,0.158435
recover_asym,70.400,0.420804,0.420761,0.158435
recover_asym,70.450,0.420804,0.420761,0.158435
recover_asym,70.500,0.420804,0.420761,0.158435
recover_asym,70.550,0.420803,0.420762,0.158435
recover_asym,70.600,0.420803,0.420762,0.158435
recover_asym,70.650,0.420803,0.420762,0.158435
recover_asym,70.700,0.420803,0.420762,0.158435
recover_asym,70.750,0.420803,0.420762,0.158435
recover_asym,70.800,0.420802,0.420763,0.158435
recover_asym,70.850,0.420802,0.420763,0.158435
recover_asym,70.900,0.420802,0.420763,0.158435
recover_asym,70.950,0.420802,0.420763,0.158435
recover_asym,71.000,0.420802,0.420763,0.158435
recover_asym,71.050,0.420801,0.420764,0.158435
recover_asym,71.100,0.420801,0.420764,0.158435
recover_asym,71.150,0.420801,0.420764,0.158435
recover_asym,71.200,0.420801,0.420764,0.158435
recover_asym,71.250,0.420801,0.420764,0.158435
recover_asym,71.300,0.420800,0.420765,0.158435
recover_asym,71.350,0.420800,0.420765,0.158435
recover_asym,71.400,0.420800,0.420765,0.158435
recover_asym,71.450,0.420800,0.420765,0.158435
recover_asym,71.500,0.420800,0.420765,0.158435
recover_asym,71.550,0.420800,0.420765,0.158435
recover_asym,71.600,0.420799,0.420766,0.158435
recover_asym,71.650,0.420799,0.420766,0.158435
recover_asym,71.700,0.420799,0.420766,0.158435
recover_asym,71.750,0.420799,0.420766,0.158435
recover_asym,71.800,0.420799,0.420766,0.158435
recover_asym,71.850,0.420799,0.420766,0.158435
recover_asym,71.900,0.420798,0.420767,0.158435
recover_asym,71.950,0.420798,0.420767,0.158435
recover_asym,72.000,0.420798,0.420767,0.158435
recover_asym,72.050,0.420798,0.420767,0.158435
recover_asym,72.100,0.420798,0.420767,0.158435
recover_asym,72.150,0.420798,0.420767,0.158435
recover_asym,72.200,0.420798,0.420767,0.158435
recover_asym,72.250,0.420797,0.420768,0.158435
recover_asym,72.300,0.420797,0.420768,0.158435
recover_asym,72.350,0.420797,0.420768,0.158435
recover_asym,72.400,0.420797,0.420768,0.158435
recover_asym,72.450,0.420797,0.420768,0.158435
recover_asym,72.500,0.420797,0.420768,0.158435
recover_asym,72.550,0.420797,0.420769,0.158435
recover_asym,72.600,0.420796,0.420769,0.158435
recover_asym,72.650,0.420796,0.420769,0.158435
recover_asym,72.700,0.420796,0.420769,0.158435
recover_asym,72.750,0.420796,0.420769,0.158435
recover_asym,72.800,0.420796,0.420769,0.158435
recover_asym,72.850,0.420796,0.420769,0.158435
recover_asym,72.900,0.420796,0.420769,0.158435
recover_asym,72.950,0.420795,0.420770,0.158435
recover_asym,73.000,0.420795,0.420770,0.158435
recover_asym,73.050,0.420795,0.420770,0.158435
recover_asym,73.100,0.420795,0.420770,0.158435
recover_asym,73.150,0.420795,0.420770,0.158435
recover_asym,73.200,0.420795,0.420770,0.158435
recover_asym,73.250,0.420795,0.420770,0.158435
recover_asym,73.300,0.420795,0.420770,0.158435
recover_asym,73.350,0.420794,0.420771,0.158435
recover_asym,73.400,0.420794,0.420771,0.158435
recover_asym,73.450,0.420794,0.420771,0.158435
recover_asym,73.500,0.420794,0.420771,0.158435
recover_asym,73.550,0.420794,0.420771,0.158435
recover_asym,73.600,0.420794,0.420771,0.158435
recover_asym,73.650,0.420794,0.420771,0.158435
recover_asym,73.700,0.420794,0.420771,0.158435
recover_asym,73.750,0.420794,0.420771,0.158435
recover_asym,73.800,0.420793,0.420772,0.158435
recover_asym,73.850,0.420793,0.420772,0.158435
recover_asym,73.900,0.420793,0.420772,0.158435
recover_asym,73.950,0.420793,0.420772,0.158435
recover_asym,74.000,0.420793,0.420772,0.158435
recover_asym,74.050,0.420793,0.420772,0.158435
recover_asym,74.100,0.420793,0.420772,0.158435
recover_asym,74.150,0.420793,0.420772,0.158435
recover_asym,74.200,0.420793,0.420772,0.158435
recover_asym,74.250,0.420792,0.420773,0.158435
recover_asym,74.300,0.420792,0.420773,0.158435
recover_asym,74.350,0.420792,0.420773,0.158435
recover_asym,74.400,0.420792,0.420773,0.158435
recover_asym,74.450,0.420792,0.420773,0.158435
recover_asym,74.500,0.420792,0.420773,0.158435
recover_asym,74.550,0.420792,0.420773,0.158435
recover_asym,74.600,0.420792,0.420773,0.158435
recover_asym,74.650,0.420792,0.420773,0.158435
recover_asym,74.700,0.420792,0.420773,0.158435
recover_asym,74.750,0.420792,0.420773,0.158435
recover_asym,74.800,0.420791,0.420774,0.158435
recover_asym,74.850,0.420791,0.420774,0.158435
recover_asym,74.900,0.420791,0.420774,0.158435
recover_asym,74.950,0.420791,0.420774,0.158435
recover_asym,75.000,0.420791,0.420774,0.158435
recover_asym,75.050,0.420791,0.420774,0.158435
recover_asym,75.100,0.420791,0.420774,0.158435
recover_asym,75.150,0.420791,0.420774,0.158435
recover_asym,75.200,0.420791,0.420774,0.158435
recover_asym,75.250,0.420791,0.420774,0.158435
recover_asym,75.300,0.420791,0.420774,0.158435
recover_asym,75.350,0.420791,0.420775,0.158435
recover_asym,75.400,0.420790,0.420775,0.158435
recover_asym,75.450,0.420790,0.420775,0.158435
recover_asym,75.500,0.420790,0.420775,0.158435
recover_asym,75.550,0.420790,0.420775,0.158435
recover_asym,75.600,0.420790,0.420775,0.158435
recover_asym,75.650,0.420790,0.420775,0.158435
recover_asym,75.700,0.420790,0.420775,0.158435
recover_asym,75.750,0.420790,0.420775,0.158435
recover_asym,75.800,0.420790,0.420775,0.158435
recover_asym,75.850,0.420790,0.420775,0.158435
recover_asym,75.900,0.420790,0.420775,0.158435
recover_asym,75.950,0.420790,0.420775,0.158435
recover_asym,76.000,0.420790,0.420775,0.158435
recover_asym,76.050,0.420789,0.420776,0.158435
recover_asym,76.100,0.420789,0.420776,0.158435
recover_asym,76.150,0.420789,0.420776,0.158435
recover_asym,76.200,0.420789,0.420776,0.158435
recover_asym,76.250,0.420789,0.420776,0.158435
recover_asym,76.300,0.420789,0.420776,0.158435
recover_asym,76.350,0.420789,0.420776,0.158435
recover_asym,76.400,0.420789,0.420776,0.158435
recover_asym,76.450,0.420789,0.420776,0.158435
recover_asym,76.500,0.420789,0.420776,0.158435
recover_asym,76.550,0.420789,0.420776,0.158435
recover_asym,76.600,0.420789,0.420776,0.158435
recover_asym,76.650,0.420789,0.420776,0.158435
recover_asym,76.700,0.420789,0.420776,0.158435
recover_asym,76.750,0.420789,0.420776,0.158435
recover_asym,76.800,0.420788,0.420777,0.158435
recover_asym,76.850,0.420788,0.420777,0.158435
recover_asym,76.900,0.420788,0.420777,0.158435
recover_asym,76.950,0.420788,0.420777,0.158435
recover_asym,77.000,0.420788,0.420777,0.158435
recover_asym,77.050,0.420788,0.420777,0.158435
recover_asym,77.100,0.420788,0.420777,0.158435
recover_asym,77.150,0.420788,0.420777,0.158435
recover_asym,77.200,0.420788,0.420777,0.158435
recover_asym,77.250,0.420788,0.420777,0.158435
recover_asym,77.300,0.420788,0.420777,0.158435
recover_asym,77.350,0.420788,0.420777,0.158435
recover_asym,77.400,0.420788,0.420777,0.158435
recover_asym,77.450,0.420788,0.420777,0.158435
recover_asym,77.500,0.420788,0.420777,0.158435
recover_asym,77.550,0.420788,0.420777,0.158435
recover_asym,77.600,0.420788,0.420777,0.158435
recover_asym,77.650,0.420788,0.420777,0.158435
recover_asym,77.700,0.420788,0.420778,0.158435
recover_asym,77.750,0.420787,0.420778,0.158435
recover_asym,77.800,0.420787,0.420778,0.158435
recover_asym,77.850,0.420787,0.420778,0.158435
recover_asym,77.900,0.420787,0.420778,0.158435
recover_asym,77.950,0.420787,0.420778,0.158435
recover_asym,78.000,0.420787,0.420778,0.158435
recover_asym,78.050,0.420787,0.420778,0.158435
recover_asym,78.100,0.420787,0.420778,0.158435
recover_asym,78.150,0.420787,0.420778,0.158435
recover_asym,78.200,0.420787,0.420778,0.158435
recover_asym,78.250,0.420787,0.420778,0.158435
recover_asym,78.300,0.420787,0.420778,0.158435
recover_asym,78.350,0.420787,0.420778,0.158435
recover_asym,78.400,0.420787,0.420778,0.158435
recover_asym,78.450,0.420787,0.420778,0.158435
recover_asym,78.500,0.420787,0.420778,0.158435
recover_asym,78.550,0.420787,0.420778,0.158435
recover_asym,78.600,0.420787,0.420778,0.158435
recover_asym,78.650,0.420787,0.420778,0.158435
recover_asym,78.700,0.420787,0.420778,0.158435
recover_asym,78.750,0.420787,0.420778,0.158435
recover_asym,78.800,0.420787,0.420779,0.158435
recover_asym,78.850,0.420786,0.420779,0.158435
recover_asym,78.900,0.420786,0.420779,0.158435
recover_asym,78.950,0.420786,0.420779,0.158435
recover_asym,79.000,0.420786,0.420779,0.158435
recover_asym,79.050,0.420786,0.420779,0.158435
recover_asym,79.100,0.420786,0.420779,0.158435
recover_asym,79.150,0.420786,0.420779,0.158435
recover_asym,79.200,0.420786,0.420779,0.158435
recover_asym,79.250,0.420786,0.420779,0.158435
recover_asym,79.300,0.420786,0.420779,0.158435
recover_asym,79.350,0.420786,0.420779,0.158435
recover_asym,79.400,0.420786,0.420779,0.158435
recover_asym,79.450,0.420786,0.420779,0.158435
recover_asym,79.500,0.420786,0.420779,0.158435
recover_asym,79.550,0.420786,0.420779,0.158435
recover_asym,79.600,0.420786,0.420779,0.158435
recover_asym,79.650,0.420786,0.420779,0.158435
recover_asym,79.700,0.420786,0.420779,0.158435
recover_asym,79.750,0.420786,0.420779,0.158435
recover_asym,79.800,0.420786,0.420779,0.158435
recover_asym,79.850,0.420786,0.420779,0.158435
recover_asym,79.900,0.420786,0.420779,0.158435
recover_asym,79.950,0.420786,0.420779,0.158435
recover_asym,80.000,0.420786,0.420779,0.158435
beyond,0.000,0.420782,0.420782,0.158436
beyond,0.050,0.420782,0.420782,0.158436
beyond,0.100,0.420782,0.420782,0.158436
beyond,0.150,0.420782,0.420782,0.158436
beyond,0.200,0.420782,0.420782,0.158436
beyond,0.250,0.420782,0.420782,0.158436
beyond,0.300,0.420782,0.420782,0.158436
beyond,0.350,0.420782,0.420782,0.158436
beyond,0.400,0.420782,0.420782,0.158436
beyond,0.450,0.420782,0.420782,0.158436
beyond,0.500,0.420782,0.420782,0.158436
beyond,0.550,0.420782,0.420782,0.158436
beyond,0.600,0.420782,0.420782,0.158436
beyond,0.650,0.420782,0.420782,0.158436
beyond,0.700,0.420782,0.420782,0.158436
beyond,0.750,0.420782,0.420782,0.158436
beyond,0.800,0.420782,0.420782,0.158435
beyond,0.850,0.420782,0.420782,0.158435
beyond,0.900,0.420782,0.420782,0.158435
beyond,0.950,0.420782,0.420782,0.158435
beyond,1.000,0.420782,0.420782,0.158435
beyond,1.050,0.420782,0.420782,0.158435
beyond,1.100,0.420782,0.420782,0.158435
beyond,1.150,0.420782,0.420782,0.158435
beyond,1.200,0.420782,0.420782,0.158435
beyond,1.250,0.420782,0.420782,0.158435
beyond,1.300,0.420782,0.420782,0.158435
beyond,1.350,0.420782,0.420782,0.158435
beyond,1.400,0.420782,0.420782,0.158435
beyond,1.450,0.420782,0.420782,0.158435
beyond,1.500,0.420782,0.420782,0.158435
beyond,1.550,0.420782,0.420782,0.158435
beyond,1.600,0.420782,0.420782,0.158435
beyond,1.650,0.420782,0.420782,0.158435
beyond,1.700,0.420782,0.420782,0.158435
beyond,1.750,0.420782,0.420782,0.158435
beyond,1.800,0.420782,0.420782,0.158435
beyond,1.850,0.420782,0.420782,0.158435
beyond,1.900,0.420782,0.420782,0.158435
beyond,1.950,0.420782,0.420782,0.158435
beyond,2.000,0.420782,0.420782,0.158435
beyond,2.050,0.420782,0.420782,0.158435
beyond,2.100,0.420782,0.420782,0.158435
beyond,2.150,0.420782,0.420782,0.158435
beyond,2.200,0.420782,0.420782,0.158435
beyond,2.250,0.420782,0.420782,0.158435
beyond,2.300,0.420782,0.420782,0.158435
beyond,2.350,0.420782,0.420782,0.158435
beyond,2.400,0.420782,0.420782,0.158435
beyond,2.450,0.420782,0.420782,0.158435
beyond,2.500,0.420782,0.420782,0.158435
beyond,2.550,0.420782,0.420782,0.158435
beyond,2.600,0.420782,0.420782,0.158435
beyond,2.650,0.420782,0.420782,0.158435
beyond,2.700,0.420782,0.420782,0.158435
beyond,2.750,0.420782,0.420782,0.158435
beyond,2.800,0.420782,0.420782,0.158435
beyond,2.850,0.420782,0.420782,0.158435
beyond,2.900,0.420782,0.420782,0.158435
beyond,2.950,0.420782,0.420782,0.158435
beyond,3.000,0.420782,0.420782,0.158435
beyond,3.050,0.420782,0.420782,0.158435
beyond,3.100,0.420782,0.420782,0.158435
beyond,3.150,0.420782,0.420782,0.158435
beyond,3.200,0.420782,0.420782,0.158435
beyond,3.250,0.420782,0.420782,0.158435
beyond,3.300,0.420782,0.420782,0.158435
beyond,3.350,0.420782,0.420782,0.158435
beyond,3.400,0.420782,0.420782,0.158435
beyond,3.450,0.420782,0.420782,0.158435
beyond,3.500,0.420782,0.420782,0.158435
beyond,3.550,0.420782,0.420782,0.158435
beyond,3.600,0.420782,0.420782,0.158435
beyond,3.650,0.420782,0.420782,0.158435
beyond,3.700,0.420782,0.420782,0.158435
beyond,3.750,0.420782,0.420782,0.158435
beyond,3.800,0.420782,0.420782,0.158435
beyond,3.850,0.420782,0.420782,0.158435
beyond,3.900,0.420782,0.420782,0.158435
beyond,3.950,0.420782,0.420782,0.158435
beyond,4.000,0.420782,0.420782,0.158435
beyond,4.050,0.420782,0.420782,0.158435
beyond,4.100,0.420782,0.420782,0.158435
beyond,4.150,0.420782,0.420782,0.158435
beyond,4.200,0.420782,0.420782,0.158435
beyond,4.250,0.420782,0.420782,0.158435
beyond,4.300,0.420783,0.420783,0.158435
beyond,4.350,0.420783,0.420783,0.158435
beyond,4.400,0.420783,0.420783,0.158435
beyond,4.450,0.420783,0.420783,0.158435
beyond,4.500,0.420783,0.420783,0.158435
beyond,4.550,0.420783,0.420783,0.158435
beyond,4.600,0.420783,0.420783,0.158435
beyond,4.650,0.420783,0.420783,0.158435
beyond,4.700,0.420783,0.420783,0.158435
beyond,4.750,0.420783,0.420783,0.158435
beyond,4.800,0.420783,0.420783,0.158435
beyond,4.850,0.420783,0.420783,0.158435
beyond,4.900,0.420783,0.420783,0.158435
beyond,4.950,0.420783,0.420783,0.158435
beyond,5.000,0.420783,0.420783,0.158435
beyond,5.050,0.420783,0.420783,0.158435
beyond,5.100,0.420783,0.420783,0.158435
beyond,5.150,0.420783,0.420783,0.158435
beyond,5.200,0.420783,0.420783,0.158435
beyond,5.250,0.420783,0.420783,0.158435
beyond,5.300,0.420783,0.420783,0.158435
beyond,5.350,0.420783,0.420783,0.158435
beyond,5.400,0.420783,0.420783,0.158435
beyond,5.450,0.420783,0.420783,0.158435
beyond,5.500,0.420783,0.420783,0.158435
beyond,5.550,0.420783,0.420783,0.158435
beyond,5.600,0.420783,0.420783,0.158435
beyond,5.650,0.420783,0.420783,0.158435
beyond,5.700,0.420783,0.420783,0.158435
beyond,5.750,0.420783,0.420783,0.158435
beyond,5.800,0.420783,0.420783,0.158435
beyond,5.850,0.420783,0.420783,0.158435
beyond,5.900,0.420783,0.420783,0.158435
beyond,5.950,0.420783,0.420783,0.158435
beyond,6.000,0.420783,0.420783,0.158435
beyond,6.050,0.420783,0.420783,0.158435
beyond,6.100,0.420783,0.420783,0.158435
beyond,6.150,0.420783,0.420783,0.158435
beyond,6.200,0.420783,0.420783,0.158435
beyond,6.250,0.420783,0.420783,0.158435
beyond,6.300,0.420783,0.420783,0.158435
beyond,6.350,0.420783,0.420783,0.158435
beyond,6.400,0.420783,0.420783,0.158435
beyond,6.450,0.420783,0.420783,0.158435
beyond,6.500,0.420783,0.420783,0.158435
beyond,6.550,0.420783,0.420783,0.158435
beyond,6.600,0.420783,0.420783,0.158435
beyond,6.650,0.420783,0.420783,0.158435
beyond,6.700,0.420783,0.420783,0.158435
beyond,6.750,0.420783,0.420783,0.158435
beyond,6.800,0.420783,0.420783,0.158435
beyond,6.850,0.420783,0.420783,0.158435
beyond,6.900,0.420783,0.420783,0.158435
beyond,6.950,0.420783,0.420783,0.158435
beyond,7.000,0.420783,0.420783,0.158435
beyond,7.050,0.420783,0.420783,0.158435
beyond,7.100,0.420783,0.420783,0.158435
beyond,7.150,0.420783,0.420783,0.158435
beyond,7.200,0.420783,0.420783,0.158435
beyond,7.250,0.420783,0.420783,0.158435
beyond,7.300,0.420783,0.420783,0.158435
beyond,7.350,0.420783,0.420783,0.158435
beyond,7.400,0.420783,0.420783,0.158435
beyond,7.450,0.420783,0.420783,0.158435
beyond,7.500,0.420783,0.420783,0.158435
beyond,7.550,0.420783,0.420783,0.158435
beyond,7.600,0.420783,0.420783,0.158435
beyond,7.650,0.420783,0.420783,0.158435
beyond,7.700,0.420783,0.420783,0.158435
beyond,7.750,0.420783,0.420783,0.158435
beyond,7.800,0.420783,0.420783,0.158435
beyond,7.850,0.420783,0.420783,0.158435
beyond,7.900,0.420783,0.420783,0.158435
beyond,7.950,0.420783,0.420783,0.158435
beyond,8.000,0.420783,0.420783,0.158435
beyond,8.050,0.420783,0.420783,0.158435
beyond,8.100,0.420783,0.420783,0.158435
beyond,8.150,0.420783,0.420783,0.158435
beyond,8.200,0.420783,0.420783,0.158435
beyond,8.250,0.420783,0.420783,0.158435
beyond,8.300,0.420783,0.420783,0.158435
beyond,8.350,0.420783,0.420783,0.158435
beyond,8.400,0.420783,0.420783,0.158435
beyond,8.450,0.420783,0.420783,0.158435
beyond,8.500,0.420783,0.420783,0.158435
beyond,8.550,0.420783,0.420783,0.158435
beyond,8.600,0.420783,0.420783,0.158435
beyond,8.650,0.420783,0.420783,0.158435
beyond,8.700,0.420783,0.420783,0.158435
beyond,8.750,0.420783,0.420783,0.158435
beyond,8.800,0.420783,0.420783,0.158435
beyond,8.850,0.420783,0.420783,0.158435
beyond,8.900,0.420783,0.420783,0.158435
beyond,8.950,0.420783,0.420783,0.158435
beyond,9.000,0.420783,0.420783,0.158435
beyond,9.050,0.420783,0.420783,0.158435
beyond,9.100,0.420783,0.420783,0.158435
beyond,9.150,0.420783,0.420783,0.158435
beyond,9.200,0.420783,0.420783,0.158435
beyond,9.250,0.420783,0.420783,0.158435
beyond,9.300,0.420783,0.420783,0.158435
beyond,9.350,0.420783,0.420783,0.158435
beyond,9.400,0.420783,0.420783,0.158435
beyond,9.450,0.420783,0.420783,0.158435
beyond,9.500,0.420783,0.420783,0.158435
beyond,9.550,0.420783,0.420783,0.158435
beyond,9.600,0.420783,0.420783,0.158435
beyond,9.650,0.420783,0.420783,0.158435
beyond,9.700,0.420783,0.420783,0.158435
beyond,9.750,0.420783,0.420783,0.158435
beyond,9.800,0.420783,0.420783,0.158435
beyond,9.850,0.420783,0.420783,0.158435
beyond,9.900,0.420783,0.420783,0.158435
beyond,9.950,0.420783,0.420783,0.158435
beyond,10.000,0.420783,0.420783,0.158435
beyond,10.050,0.420783,0.420783,0.158435
beyond,10.100,0.420783,0.420783,0.158435
beyond,10.150,0.420783,0.420783,0.158435
beyond,10.200,0.420783,0.420783,0.158435
beyond,10.250,0.420783,0.420783,0.158435
beyond,10.300,0.420783,0.420783,0.158435
beyond,10.350,0.420783,0.420783,0.158435
beyond,10.400,0.420783,0.420783,0.158435
beyond,10.450,0.420783,0.420783,0.158435
beyond,10.500,0.420783,0.420783,0.158435
beyond,10.550,0.420783,0.420783,0.158435
beyond,10.600,0.420783,0.420783,0.158435
beyond,10.650,0.420783,0.420783,0.158435
beyond,10.700,0.420783,0.420783,0.158435
beyond,10.750,0.420783,0.420783,0.158435
beyond,10.800,0.420783,0.420783,0.158435
beyond,10.850,0.420783,0.420783,0.158435
beyond,10.900,0.420783,0.420783,0.158435
beyond,10.950,0.420783,0.420783,0.158435
beyond,11.000,0.420783,0.420783,0.158435
beyond,11.050,0.420783,0.420783,0.158435
beyond,11.100,0.420783,0.420783,0.158435
beyond,11.150,0.420783,0.420783,0.158435
beyond,11.200,0.420783,0.420783,0.158435
beyond,11.250,0.420783,0.420783,0.158435
beyond,11.300,0.420783,0.420783,0.158435
beyond,11.350,0.420783,0.420783,0.158435
beyond,11.400,0.420783,0.420783,0.158435
beyond,11.450,0.420783,0.420783,0.158435
beyond,11.500,0.420783,0.420783,0.158435
beyond,11.550,0.420783,0.420783,0.158435
beyond,11.600,0.420783,0.420783,0.158435
beyond,11.650,0.420783,0.420783,0.158435
beyond,11.700,0.420783,0.420783,0.158435
beyond,11.750,0.420783,0.420783,0.158435
beyond,11.800,0.420783,0.420783,0.158435
beyond,11.850,0.420783,0.420783,0.158435
beyond,11.900,0.420783,0.420783,0.158435
beyond,11.950,0.420783,0.420783,0.158435
beyond,12.000,0.420783,0.420783,0.158435
beyond,12.050,0.420783,0.420783,0.158435
beyond,12.100,0.420783,0.420783,0.158435
beyond,12.150,0.420783,0.420783,0.158435
beyond,12.200,0.420783,0.420783,0.158435
beyond,12.250,0.420783,0.420783,0.158435
beyond,12.300,0.420783,0.420783,0.158435
beyond,12.350,0.420783,0.420783,0.158435
beyond,12.400,0.420783,0.420783,0.158435
beyond,12.450,0.420783,0.420783,0.158435
beyond,12.500,0.420783,0.420783,0.158435
beyond,12.550,0.420783,0.420783,0.158435
beyond,12.600,0.420783,0.420783,0.158435
beyond,12.650,0.420783,0.420783,0.158435
beyond,12.700,0.420783,0.420783,0.158435
beyond,12.750,0.420783,0.420783,0.158435
beyond,12.800,0.420783,0.420783,0.158435
beyond,12.850,0.420783,0.420783,0.158435
beyond,12.900,0.420783,0.420783,0.158435
beyond,12.950,0.420783,0.420783,0.158435
beyond,13.000,0.420783,0.420783,0.158435
beyond,13.050,0.420783,0.420783,0.158435
beyond,13.100,0.420783,0.420783,0.158435
beyond,13.150,0.420783,0.420783,0.158435
beyond,13.200,0.420783,0.420783,0.158435
beyond,13.250,0.420783,0.420783,0.158435
beyond,13.300,0.420783,0.420783,0.158435
beyond,13.350,0.420783,0.420783,0.158435
beyond,13.400,0.420783,0.420783,0.158435
beyond,13.450,0.420783,0.420783,0.158435
beyond,13.500,0.420783,0.420783,0.158435
beyond,13.550,0.420783,0.420783,0.158435
beyond,13.600,0.420783,0.420783,0.158435
beyond,13.650,0.420783,0.420783,0.158435
beyond,13.700,0.420783,0.420783,0.158435
beyond,13.750,0.420783,0.420783,0.158435
beyond,13.800,0.420783,0.420783,0.158435
beyond,13.850,0.420783,0.420783,0.158435
beyond,13.900,0.420783,0.420783,0.158435
beyond,13.950,0.420783,0.420783,0.158435
beyond,14.000,0.420783,0.420783,0.158435
beyond,14.050,0.420783,0.420783,0.158435
beyond,14.100,0.420783,0.420783,0.158435
beyond,14.150,0.420783,0.420783,0.158435
beyond,14.200,0.420783,0.420783,0.158435
beyond,14.250,0.420783,0.420783,0.158435
beyond,14.300,0.420783,0.420783,0.158435
beyond,14.350,0.420783,0.420783,0.158435
beyond,14.400,0.420783,0.420783,0.158435
beyond,14.450,0.420783,0.420783,0.158435
beyond,14.500,0.420783,0.420783,0.158435
beyond,14.550,0.420783,0.420783,0.158435
beyond,14.600,0.420783,0.420783,0.158435
beyond,14.650,0.420783,0.420783,0.158435
beyond,14.700,0.420783,0.420783,0.158435
beyond,14.750,0.420783,0.420783,0.158435
beyond,14.800,0.420783,0.420783,0.158435
beyond,14.850,0.420783,0.420783,0.158435
beyond,14.900,0.420783,0.420783,0.158435
beyond,14.950,0.420783,0.420783,0.158435
beyond,15.000,0.420783,0.420783,0.158435
beyond,15.050,0.420783,0.420783,0.158435
beyond,15.100,0.420783,0.420783,0.158435
beyond,15.150,0.420783,0.420783,0.158435
beyond,15.200,0.420783,0.420783,0.158435
beyond,15.250,0.420783,0.420783,0.158435
beyond,15.300,0.420783,0.420783,0.158435
beyond,15.350,0.420783,0.420783,0.158435
beyond,15.400,0.420783,0.420783,0.158435
beyond,15.450,0.420783,0.420783,0.158435
beyond,15.500,0.420783,0.420783,0.158435
beyond,15.550,0.420783,0.420783,0.158435
beyond,15.600,0.420783,0.420783,0.158435
beyond,15.650,0.420783,0.420783,0.158435
beyond,15.700,0.420783,0.420783,0.158435
beyond,15.750,0.420783,0.420783,0.158435
beyond,15.800,0.420783,0.420783,0.158435
beyond,15.850,0.420783,0.420783,0.158435
beyond,15.900,0.420783,0.420783,0.158435
beyond,15.950,0.420783,0.420783,0.158435
beyond,16.000,0.420783,0.420783,0.158435
beyond,16.050,0.420783,0.420783,0.158435
beyond,16.100,0.420783,0.420783,0.158435
beyond,16.150,0.420783,0.420783,0.158435
beyond,16.200,0.420783,0.420783,0.158435
beyond,16.250,0.420783,0.420783,0.158435
beyond,16.300,0.420783,0.420783,0.158435
beyond,16.350,0.420783,0.420783,0.158435
beyond,16.400,0.420783,0.420783,0.158435
beyond,16.450,0.420783,0.420783,0.158435
beyond,16.500,0.420783,0.420783,0.158435
beyond,16.550,0.420783,0.420783,0.158435
beyond,16.600,0.420783,0.420783,0.158435
beyond,16.650,0.420783,0.420783,0.158435
beyond,16.700,0.420783,0.420783,0.158435
beyond,16.750,0.420783,0.420783,0.158435
beyond,16.800,0.420783,0.420783,0.158435
beyond,16.850,0.420783,0.420783,0.158435
beyond,16.900,0.420783,0.420783,0.158435
beyond,16.950,0.420783,0.420783,0.158435
beyond,17.000,0.420783,0.420783,0.158435
beyond,17.050,0.420783,0.420783,0.158435
beyond,17.100,0.420783,0.420783,0.158435
beyond,17.150,0.420783,0.420783,0.158435
beyond,17.200,0.420783,0.420783,0.158435
beyond,17.250,0.420783,0.420783,0.158435
beyond,17.300,0.420783,0.420783,0.158435
beyond,17.350,0.420783,0.420783,0.158435
beyond,17.400,0.420783,0.420783,0.158435
beyond,17.450,0.420783,0.420783,0.158435
beyond,17.500,0.420783,0.420783,0.158435
beyond,17.550,0.420783,0.420783,0.158435
beyond,17.600,0.420783,0.420783,0.158435
beyond,17.650,0.420783,0.420783,0.158435
beyond,17.700,0.420783,0.420783,0.158435
beyond,17.750,0.420783,0.420783,0.158435
beyond,17.800,0.420783,0.420783,0.158435
beyond,17.850,0.420783,0.420783,0.158435
beyond,17.900,0.420783,0.420783,0.158435
beyond,17.950,0.420783,0.420783,0.158435
beyond,18.000,0.420783,0.420783,0.158435
beyond,18.050,0.420783,0.420783,0.158435
beyond,18.100,0.420783,0.420783,0.158435
beyond,18.150,0.420783,0.420783,0.158435
beyond,18.200,0.420783,0.420783,0.158435
beyond,18.250,0.420783,0.420783,0.158435
beyond,18.300,0.420783,0.420783,0.158435
beyond,18.350,0.420783,0.420783,0.158435
beyond,18.400,0.420783,0.420783,0.158435
beyond,18.450,0.420783,0.420783,0.158435
beyond,18.500,0.420783,0.420783,0.158435
beyond,18.550,0.420783,0.420783,0.158435
beyond,18.600,0.420783,0.420783,0.158435
beyond,18.650,0.420783,0.420783,0.158435
beyond,18.700,0.420783,0.420783,0.158435
beyond,18.750,0.420783,0.420783,0.158435
beyond,18.800,0.420783,0.420783,0.158435
beyond,18.850,0.420783,0.420783,0.158435
beyond,18.900,0.420783,0.420783,0.158435
beyond,18.950,0.420783,0.420783,0.158435
beyond,19.000,0.420783,0.420783,0.158435
beyond,19.050,0.420783,0.420783,0.158435
beyond,19.100,0.420783,0.420783,0.158435
beyond,19.150,0.420783,0.420783,0.158435
beyond,19.200,0.420783,0.420783,0.158435
beyond,19.250,0.420783,0.420783,0.158435
beyond,19.300,0.420783,0.420783,0.158435
beyond,19.350,0.420783,0.420783,0.158435
beyond,19.400,0.420783,0.420783,0.158435
beyond,19.450,0.420783,0.420783,0.158435
beyond,19.500,0.420783,0.420783,0.158435
beyond,19.550,0.420783,0.420783,0.158435
beyond,19.600,0.420783,0.420783,0.158435
beyond,19.650,0.420783,0.420783,0.158435
beyond,19.700,0.420783,0.420783,0.158435
beyond,19.750,0.420783,0.420783,0.158435
beyond,19.800,0.420783,0.420783,0.158435
beyond,19.850,0.420783,0.420783,0.158435
beyond,19.900,0.420783,0.420783,0.158435
beyond,19.950,0.420783,0.420783,0.158435
beyond,20.000,0.420783,0.420783,0.158435
beyond,20.050,0.420783,0.420783,0.158435
beyond,20.100,0.420783,0.420783,0.158435
beyond,20.150,0.420783,0.420783,0.158435
beyond,20.200,0.420783,0.420783,0.158435
beyond,20.250,0.420783,0.420783,0.158435
beyond,20.300,0.420783,0.420783,0.158435
beyond,20.350,0.420783,0.420783,0.158435
beyond,20.400,0.420783,0.420783,0.158435
beyond,20.450,0.420783,0.420783,0.158435
beyond,20.500,0.420783,0.420783,0.158435
beyond,20.550,0.420783,0.420783,0.158435
beyond,20.600,0.420783,0.420783,0.158435
beyond,20.650,0.420783,0.420783,0.158435
beyond,20.700,0.420783,0.420783,0.158435
beyond,20.750,0.420783,0.420783,0.158435
beyond,20.800,0.420783,0.420783,0.158435
beyond,20.850,0.420783,0.420783,0.158435
beyond,20.900,0.420783,0.420783,0.158435
beyond,20.950,0.420783,0.420783,0.158435
beyond,21.000,0.420783,0.420783,0.158435
beyond,21.050,0.420783,0.420783,0.158435
beyond,21.100,0.420783,0.420783,0.158435
beyond,21.150,0.420783,0.420783,0.158435
beyond,21.200,0.420783,0.420783,0.158435
beyond,21.250,0.420783,0.420783,0.158435
beyond,21.300,0.420783,0.420783,0.158435
beyond,21.350,0.420783,0.420783,0.158435
beyond,21.400,0.420783,0.420783,0.158435
beyond,21.450,0.420783,0.420783,0.158435
beyond,21.500,0.420783,0.420783,0.158435
beyond,21.550,0.420783,0.420783,0.158435
beyond,21.600,0.420783,0.420783,0.158435
beyond,21.650,0.420783,0.420783,0.158435
beyond,21.700,0.420783,0.420783,0.158435
beyond,21.750,0.420783,0.420783,0.158435
beyond,21.800,0.420783,0.420783,0.158435
beyond,21.850,0.420783,0.420783,0.158435
beyond,21.900,0.420783,0.420783,0.158435
beyond,21.950,0.420783,0.420783,0.158435
beyond,22.000,0.420783,0.420783,0.158435
beyond,22.050,0.420783,0.420783,0.158435
beyond,22.100,0.420783,0.420783,0.158435
beyond,22.150,0.420783,0.420783,0.158435
beyond,22.200,0.420783,0.420783,0.158435
beyond,22.250,0.420783,0.420783,0.158435
beyond,22.300,0.420783,0.420783,0.158435
beyond,22.350,0.420783,0.420783,0.158435
beyond,22.400,0.420783,0.420783,0.158435
beyond,22.450,0.420783,0.420783,0.158435
beyond,22.500,0.420783,0.420783,0.158435
beyond,22.550,0.420783,0.420783,0.158435
beyond,22.600,0.420783,0.420783,0.158435
beyond,22.650,0.420783,0.420783,0.158435
beyond,22.700,0.420783,0.420783,0.158435
beyond,22.750,0.420783,0.420783,0.158435
beyond,22.800,0.420783,0.420783,0.158435
beyond,22.850,0.420783,0.420783,0.158435
beyond,22.900,0.420783,0.420783,0.158435
beyond,22.950,0.420783,0.420783,0.158435
beyond,23.000,0.420783,0.420783,0.158435
beyond,23.050,0.420783,0.420783,0.158435
beyond,23.100,0.420783,0.420783,0.158435
beyond,23.150,0.420783,0.420783,0.158435
beyond,23.200,0.420783,0.420783,0.158435
beyond,23.250,0.420783,0.420783,0.158435
beyond,23.300,0.420783,0.420783,0.158435
beyond,23.350,0.420783,0.420783,0.158435
beyond,23.400,0.420783,0.420783,0.158435
beyond,23.450,0.420783,0.420783,0.158435
beyond,23.500,0.420783,0.420783,0.158435
beyond,23.550,0.420783,0.420783,0.158435
beyond,23.600,0.420783,0.420783,0.158435
beyond,23.650,0.420783,0.420783,0.158435
beyond,23.700,0.420783,0.420783,0.158435
beyond,23.750,0.420783,0.420783,0.158435
beyond,23.800,0.420783,0.420783,0.158435
beyond,23.850,0.420783,0.420783,0.158435
beyond,23.900,0.420783,0.420783,0.158435
beyond,23.950,0.420783,0.420783,0.158435
beyond,24.000,0.420783,0.420783,0.158435
beyond,24.050,0.420783,0.420783,0.158435
beyond,24.100,0.420783,0.420783,0.158435
beyond,24.150,0.420783,0.420783,0.158435
beyond,24.200,0.420783,0.420783,0.158435
beyond,24.250,0.420783,0.420783,0.158435
beyond,24.300,0.420783,0.420783,0.158435
beyond,24.350,0.420783,0.420783,0.158435
beyond,24.400,0.420783,0.420783,0.158435
beyond,24.450,0.420783,0.420783,0.158435
beyond,24.500,0.420783,0.420783,0.158435
beyond,24.550,0.420783,0.420783,0.158435
beyond,24.600,0.420783,0.420783,0.158435
beyond,24.650,0.420783,0.420783,0.158435
beyond,24.700,0.420783,0.420783,0.158435
beyond,24.750,0.420783,0.420783,0.158435
beyond,24.800,0.420783,0.420783,0.158435
beyond,24.850,0.420783,0.420783,0.158435
beyond,24.900,0.420783,0.420783,0.158435
beyond,24.950,0.420783,0.420783,0.158435
beyond,25.000,0.004200,0.004200,0.991600
beyond,25.050,0.004161,0.004161,0.991679
beyond,25.100,0.004122,0.004122,0.991756
beyond,25.150,0.004083,0.004083,0.991833
beyond,25.200,0.004045,0.004045,0.991910
beyond,25.250,0.004007,0.004007,0.991985
beyond,25.300,0.003970,0.003970,0.992060
beyond,25.350,0.003933,0.003933,0.992135
beyond,25.400,0.003896,0.003896,0.992208
beyond,25.450,0.003859,0.003859,0.992282
beyond,25.500,0.003823,0.003823,0.992354
beyond,25.550,0.003787,0.003787,0.992426
beyond,25.600,0.003752,0.003752,0.992497
beyond,25.650,0.003716,0.003716,0.992567
beyond,25.700,0.003681,0.003681,0.992637
beyond,25.750,0.003647,0.003647,0.992707
beyond,25.800,0.003612,0.003612,0.992775
beyond,25.850,0.003578,0.003578,0.992843
beyond,25.900,0.003545,0.003545,0.992911
beyond,25.950,0.003511,0.003511,0.992978
beyond,26.000,0.003478,0.003478,0.993044
beyond,26.050,0.003445,0.003445,0.993110
beyond,26.100,0.003413,0.003413,0.993175
beyond,26.150,0.003380,0.003380,0.993239
beyond,26.200,0.003348,0.003348,0.993303
beyond,26.250,0.003317,0.003317,0.993366
beyond,26.300,0.003285,0.003285,0.993429
beyond,26.350,0.003254,0.003254,0.993491
beyond,26.400,0.003223,0.003223,0.993553
beyond,26.450,0.003193,0.003193,0.993614
beyond,26.500,0.003163,0.003163,0.993675
beyond,26.550,0.003133,0.003133,0.993735
beyond,26.600,0.003103,0.003103,0.993794
beyond,26.650,0.003073,0.003073,0.993853
beyond,26.700,0.003044,0.003044,0.993911
beyond,26.750,0.003015,0.003015,0.993969
beyond,26.800,0.002987,0.002987,0.994027
beyond,26.850,0.002958,0.002958,0.994083
beyond,26.900,0.002930,0.002930,0.994140
beyond,26.950,0.002902,0.002902,0.994196
beyond,27.000,0.002875,0.002875,0.994251
beyond,27.050,0.002847,0.002847,0.994306
beyond,27.100,0.002820,0.002820,0.994360
beyond,27.150,0.002793,0.002793,0.994414
beyond,27.200,0.002767,0.002767,0.994467
beyond,27.250,0.002740,0.002740,0.994520
beyond,27.300,0.002714,0.002714,0.994572
beyond,27.350,0.002688,0.002688,0.994624
beyond,27.400,0.002662,0.002662,0.994675
beyond,27.450,0.002637,0.002637,0.994726
beyond,27.500,0.002612,0.002612,0.994777
beyond,27.550,0.002587,0.002587,0.994827
beyond,27.600,0.002562,0.002562,0.994876
beyond,27.650,0.002537,0.002537,0.994925
beyond,27.700,0.002513,0.002513,0.994974
beyond,27.750,0.002489,0.002489,0.995022
beyond,27.800,0.002465,0.002465,0.995070
beyond,27.850,0.002442,0.002442,0.995117
beyond,27.900,0.002418,0.002418,0.995164
beyond,27.950,0.002395,0.002395,0.995210
beyond,28.000,0.002372,0.002372,0.995256
beyond,28.050,0.002349,0.002349,0.995302
beyond,28.100,0.002327,0.002327,0.995347
beyond,28.150,0.002304,0.002304,0.995391
beyond,28.200,0.002282,0.002282,0.995436
beyond,28.250,0.002260,0.002260,0.995480
beyond,28.300,0.002238,0.002238,0.995523
beyond,28.350,0.002217,0.002217,0.995566
beyond,28.400,0.002196,0.002196,0.995609
beyond,28.450,0.002174,0.002174,0.995651
beyond,28.500,0.002153,0.002153,0.995693
beyond,28.550,0.002133,0.002133,0.995735
beyond,28.600,0.002112,0.002112,0.995776
beyond,28.650,0.002092,0.002092,0.995816
beyond,28.700,0.002072,0.002072,0.995857
beyond,28.750,0.002052,0.002052,0.995897
beyond,28.800,0.002032,0.002032,0.995936
beyond,28.850,0.002012,0.002012,0.995975
beyond,28.900,0.001993,0.001993,0.996014
beyond,28.950,0.001974,0.001974,0.996053
beyond,29.000,0.001955,0.001955,0.996091
beyond,29.050,0.001936,0.001936,0.996129
beyond,29.100,0.001917,0.001917,0.996166
beyond,29.150,0.001898,0.001898,0.996203
beyond,29.200,0.001880,0.001880,0.996240
beyond,29.250,0.001862,0.001862,0.996276
beyond,29.300,0.001844,0.001844,0.996312
beyond,29.350,0.001826,0.001826,0.996348
beyond,29.400,0.001808,0.001808,0.996383
beyond,29.450,0.001791,0.001791,0.996418
beyond,29.500,0.001773,0.001773,0.996453
beyond,29.550,0.001756,0.001756,0.996487
beyond,29.600,0.001739,0.001739,0.996521
beyond,29.650,0.001722,0.001722,0.996555
beyond,29.700,0.001706,0.001706,0.996589
beyond,29.750,0.001689,0.001689,0.996622
beyond,29.800,0.001673,0.001673,0.996654
beyond,29.850,0.001657,0.001657,0.996687
beyond,29.900,0.001640,0.001640,0.996719
beyond,29.950,0.001625,0.001625,0.996751
beyond,30.000,0.001609,0.001609,0.996782
beyond,30.050,0.001593,0.001593,0.996814
beyond,30.100,0.001578,0.001578,0.996845
beyond,30.150,0.001562,0.001562,0.996875
beyond,30.200,0.001547,0.001547,0.996906
beyond,30.250,0.001532,0.001532,0.996936
beyond,30.300,0.001517,0.001517,0.996966
beyond,30.350,0.001502,0.001502,0.996995
beyond,30.400,0.001488,0.001488,0.997024
beyond,30.450,0.001473,0.001473,0.997053
beyond,30.500,0.001459,0.001459,0.997082
beyond,30.550,0.001445,0.001445,0.997110
beyond,30.600,0.001431,0.001431,0.997139
beyond,30.650,0.001417,0.001417,0.997166
beyond,30.700,0.001403,0.001403,0.997194
beyond,30.750,0.001389,0.001389,0.997221
beyond,30.800,0.001376,0.001376,0.997248
beyond,30.850,0.001362,0.001362,0.997275
beyond,30.900,0.001349,0.001349,0.997302
beyond,30.950,0.001336,0.001336,0.997328
beyond,31.000,0.001323,0.001323,0.997354
beyond,31.050,0.001310,0.001310,0.997380
beyond,31.100,0.001297,0.001297,0.997406
beyond,31.150,0.001285,0.001285,0.997431
beyond,31.200,0.001272,0.001272,0.997456
beyond,31.250,0.001260,0.001260,0.997481
beyond,31.300,0.001247,0.001247,0.997505
beyond,31.350,0.001235,0.001235,0.997530
beyond,31.400,0.001223,0.001223,0.997554
beyond,31.450,0.001211,0.001211,0.997578
beyond,31.500,0.001199,0.001199,0.997601
beyond,31.550,0.001188,0.001188,0.997625
beyond,31.600,0.001176,0.001176,0.997648
beyond,31.650,0.001164,0.001164,0.997671
beyond,31.700,0.001153,0.001153,0.997694
beyond,31.750,0.001142,0.001142,0.997716
beyond,31.800,0.001131,0.001131,0.997739
beyond,31.850,0.001120,0.001120,0.997761
beyond,31.900,0.001109,0.001109,0.997783
beyond,31.950,0.001098,0.001098,0.997804
beyond,32.000,0.001087,0.001087,0.997826
beyond,32.050,0.001076,0.001076,0.997847
beyond,32.100,0.001066,0.001066,0.997868
beyond,32.150,0.001055,0.001055,0.997889
beyond,32.200,0.001045,0.001045,0.997910
beyond,32.250,0.001035,0.001035,0.997930
beyond,32.300,0.001025,0.001025,0.997951
beyond,32.350,0.001015,0.001015,0.997971
beyond,32.400,0.001005,0.001005,0.997991
beyond,32.450,0.000995,0.000995,0.998010
beyond,32.500,0.000985,0.000985,0.998030
beyond,32.550,0.000975,0.000975,0.998049
beyond,32.600,0.000966,0.000966,0.998068
beyond,32.650,0.000956,0.000956,0.998087
beyond,32.700,0.000947,0.000947,0.998106
beyond,32.750,0.000938,0.000938,0.998125
beyond,32.800,0.000929,0.000929,0.998143
beyond,32.850,0.000919,0.000919,0.998161
beyond,32.900,0.000910,0.000910,0.998179
beyond,32.950,0.000901,0.000901,0.998197
beyond,33.000,0.000893,0.000893,0.998215
beyond,33.050,0.000884,0.000884,0.998232
beyond,33.100,0.000875,0.000875,0.998250
beyond,33.150,0.000867,0.000867,0.998267
beyond,33.200,0.000858,0.000858,0.998284
beyond,33.250,0.000850,0.000850,0.998301
beyond,33.300,0.000841,0.000841,0.998317
beyond,33.350,0.000833,0.000833,0.998334
beyond,33.400,0.000825,0.000825,0.998350
beyond,33.450,0.000817,0.000817,0.998367
beyond,33.500,0.000809,0.000809,0.998383
beyond,33.550,0.000801,0.000801,0.998399
beyond,33.600,0.000793,0.000793,0.998414
beyond,33.650,0.000785,0.000785,0.998430
beyond,33.700,0.000777,0.000777,0.998445
beyond,33.750,0.000770,0.000770,0.998461
beyond,33.800,0.000762,0.000762,0.998476
beyond,33.850,0.000755,0.000755,0.998491
beyond,33.900,0.000747,0.000747,0.998506
beyond,33.950,0.000740,0.000740,0.998520
beyond,34.000,0.000733,0.000733,0.998535
beyond,34.050,0.000725,0.000725,0.998549
beyond,34.100,0.000718,0.000718,0.998564
beyond,34.150,0.000711,0.000711,0.998578
beyond,34.200,0.000704,0.000704,0.998592
beyond,34.250,0.000697,0.000697,0.998606
beyond,34.300,0.000690,0.000690,0.998619
beyond,34.350,0.000684,0.000684,0.998633
beyond,34.400,0.000677,0.000677,0.998646
beyond,34.450,0.000670,0.000670,0.998660
beyond,34.500,0.000664,0.000664,0.998673
beyond,34.550,0.000657,0.000657,0.998686
beyond,34.600,0.000651,0.000651,0.998699
beyond,34.650,0.000644,0.000644,0.998712
beyond,34.700,0.000638,0.000638,0.998724
beyond,34.750,0.000631,0.000631,0.998737
beyond,34.800,0.000625,0.000625,0.998749
beyond,34.850,0.000619,0.000619,0.998762
beyond,34.900,0.000613,0.000613,0.998774
beyond,34.950,0.000607,0.000607,0.998786
beyond,35.000,0.000601,0.000601,0.998798
beyond,35.050,0.000595,0.000595,0.998810
beyond,35.100,0.000589,0.000589,0.998822
beyond,35.150,0.000583,0.000583,0.998833
beyond,35.200,0.000578,0.000578,0.998845
beyond,35.250,0.000572,0.000572,0.998856
beyond,35.300,0.000566,0.000566,0.998867
beyond,35.350,0.000561,0.000561,0.998879
beyond,35.400,0.000555,0.000555,0.998890
beyond,35.450,0.000550,0.000550,0.998901
beyond,35.500,0.000544,0.000544,0.998911
beyond,35.550,0.000539,0.000539,0.998922
beyond,35.600,0.000534,0.000534,0.998933
beyond,35.650,0.000528,0.000528,0.998943
beyond,35.700,0.000523,0.000523,0.998954
beyond,35.750,0.000518,0.000518,0.998964
beyond,35.800,0.000513,0.000513,0.998974
beyond,35.850,0.000508,0.000508,0.998985
beyond,35.900,0.000503,0.000503,0.998995
beyond,35.950,0.000498,0.000498,0.999004
beyond,36.000,0.000493,0.000493,0.999014
beyond,36.050,0.000488,0.000488,0.999024
beyond,36.100,0.000483,0.000483,0.999034
beyond,36.150,0.000478,0.000478,0.999043
beyond,36.200,0.000474,0.000474,0.999053
beyond,36.250,0.000469,0.000469,0.999062
beyond,36.300,0.000464,0.000464,0.999071
beyond,36.350,0.000460,0.000460,0.999080
beyond,36.400,0.000455,0.000455,0.999090
beyond,36.450,0.000451,0.000451,0.999099
beyond,36.500,0.000446,0.000446,0.999107
beyond,36.550,0.000442,0.000442,0.999116
beyond,36.600,0.000437,0.000437,0.999125
beyond,36.650,0.000433,0.000433,0.999134
beyond,36.700,0.000429,0.000429,0.999142
beyond,36.750,0.000425,0.000425,0.999151
beyond,36.800,0.000420,0.000420,0.999159
beyond,36.850,0.000416,0.000416,0.999167
beyond,36.900,0.000412,0.000412,0.999176
beyond,36.950,0.000408,0.000408,0.999184
beyond,37.000,0.000404,0.000404,0.999192
beyond,37.050,0.000400,0.000400,0.999200
beyond,37.100,0.000396,0.000396,0.999208
beyond,37.150,0.000392,0.000392,0.999216
beyond,37.200,0.000388,0.000388,0.999223
beyond,37.250,0.000384,0.000384,0.999231
beyond,37.300,0.000381,0.000381,0.999239
beyond,37.350,0.000377,0.000377,0.999246
beyond,37.400,0.000373,0.000373,0.999254
beyond,37.450,0.000369,0.000369,0.999261
beyond,37.500,0.000366,0.000366,0.999268
beyond,37.550,0.000362,0.000362,0.999276
beyond,37.600,0.000359,0.000359,0.999283
beyond,37.650,0.000355,0.000355,0.999290
beyond,37.700,0.000352,0.000352,0.999297
beyond,37.750,0.000348,0.000348,0.999304
beyond,37.800,0.000345,0.000345,0.999311
beyond,37.850,0.000341,0.000341,0.999318
beyond,37.900,0.000338,0.000338,0.999324
beyond,37.950,0.000334,0.000334,0.999331
beyond,38.000,0.000331,0.000331,0.999338
beyond,38.050,0.000328,0.000328,0.999344
beyond,38.100,0.000325,0.000325,0.999351
beyond,38.150,0.000321,0.000321,0.999357
beyond,38.200,0.000318,0.000318,0.999364
beyond,38.250,0.000315,0.000315,0.999370
beyond,38.300,0.000312,0.000312,0.999376
beyond,38.350,0.000309,0.000309,0.999382
beyond,38.400,0.000306,0.000306,0.999388
beyond,38.450,0.000303,0.000303,0.999394
beyond,38.500,0.000300,0.000300,0.999400
beyond,38.550,0.000297,0.000297,0.999406
beyond,38.600,0.000294,0.000294,0.999412
beyond,38.650,0.000291,0.000291,0.999418
beyond,38.700,0.000288,0.000288,0.999424
beyond,38.750,0.000285,0.000285,0.999430
beyond,38.800,0.000282,0.000282,0.999435
beyond,38.850,0.000280,0.000280,0.999441
beyond,38.900,0.000277,0.000277,0.999446
beyond,38.950,0.000274,0.000274,0.999452
beyond,39.000,0.000271,0.000271,0.999457
beyond,39.050,0.000269,0.000269,0.999463
beyond,39.100,0.000266,0.000266,0.999468
beyond,39.150,0.000263,0.000263,0.999473
beyond,39.200,0.000261,0.000261,0.999478
beyond,39.250,0.000258,0.000258,0.999484
beyond,39.300,0.000256,0.000256,0.999489
beyond,39.350,0.000253,0.000253,0.999494
beyond,39.400,0.000251,0.000251,0.999499
beyond,39.450,0.000248,0.000248,0.999504
beyond,39.500,0.000246,0.000246,0.999509
beyond,39.550,0.000243,0.000243,0.999514
beyond,39.600,0.000241,0.000241,0.999518
beyond,39.650,0.000238,0.000238,0.999523
beyond,39.700,0.000236,0.000236,0.999528
beyond,39.750,0.000234,0.000234,0.999533
beyond,39.800,0.000231,0.000231,0.999537
beyond,39.850,0.000229,0.000229,0.999542
beyond,39.900,0.000227,0.000227,0.999546
beyond,39.950,0.000225,0.000225,0.999551
beyond,40.000,0.000222,0.000222,0.999555
beyond,40.050,0.000220,0.000220,0.999560
beyond,40.100,0.000218,0.000218,0.999564
beyond,40.150,0.000216,0.000216,0.999568
beyond,40.200,0.000214,0.000214,0.999573
beyond,40.250,0.000212,0.000212,0.999577
beyond,40.300,0.000209,0.000209,0.999581
beyond,40.350,0.000207,0.000207,0.999585
beyond,40.400,0.000205,0.000205,0.999589
beyond,40.450,0.000203,0.000203,0.999593
beyond,40.500,0.000201,0.000201,0.999597
beyond,40.550,0.000199,0.000199,0.999601
beyond,40.600,0.000197,0.000197,0.999605
beyond,40.650,0.000195,0.000195,0.999609
beyond,40.700,0.000193,0.000193,0.999613
beyond,40.750,0.000191,0.000191,0.999617
beyond,40.800,0.000190,0.000190,0.999621
beyond,40.850,0.000188,0.000188,0.999625
beyond,40.900,0.000186,0.000186,0.999628
beyond,40.950,0.000184,0.000184,0.999632
beyond,41.000,0.000182,0.000182,0.999636
beyond,41.050,0.000180,0.000180,0.999639
beyond,41.100,0.000179,0.000179,0.999643
beyond,41.150,0.000177,0.000177,0.999646
beyond,41.200,0.000175,0.000175,0.999650
beyond,41.250,0.000173,0.000173,0.999653
beyond,41.300,0.000172,0.000172,0.999657
beyond,41.350,0.000170,0.000170,0.999660
beyond,41.400,0.000168,0.000168,0.999664
beyond,41.450,0.000167,0.000167,0.999667
beyond,41.500,0.000165,0.000165,0.999670
beyond,41.550,0.000163,0.000163,0.999674
beyond,41.600,0.000162,0.000162,0.999677
beyond,41.650,0.000160,0.000160,0.999680
beyond,41.700,0.000158,0.000158,0.999683
beyond,41.750,0.000157,0.000157,0.999686
beyond,41.800,0.000155,0.000155,0.999689
beyond,41.850,0.000154,0.000154,0.999693
beyond,41.900,0.000152,0.000152,0.999696
beyond,41.950,0.000151,0.000151,0.999699
beyond,42.000,0.000149,0.000149,0.999702
beyond,42.050,0.000148,0.000148,0.999705
beyond,42.100,0.000146,0.000146,0.999707
beyond,42.150,0.000145,0.000145,0.999710
beyond,42.200,0.000143,0.000143,0.999713
beyond,42.250,0.000142,0.000142,0.999716
beyond,42.300,0.000141,0.000141,0.999719
beyond,42.350,0.000139,0.000139,0.999722
beyond,42.400,0.000138,0.000138,0.999724
beyond,42.450,0.000136,0.000136,0.999727
beyond,42.500,0.000135,0.000135,0.999730
beyond,42.550,0.000134,0.000134,0.999733
beyond,42.600,0.000132,0.000132,0.999735
beyond,42.650,0.000131,0.000131,0.999738
beyond,42.700,0.000130,0.000130,0.999740
beyond,42.750,0.000128,0.000128,0.999743
beyond,42.800,0.000127,0.000127,0.999746
beyond,42.850,0.000126,0.000126,0.999748
beyond,42.900,0.000125,0.000125,0.999751
beyond,42.950,0.000123,0.000123,0.999753
beyond,43.000,0.000122,0.000122,0.999756
beyond,43.050,0.000121,0.000121,0.999758
beyond,43.100,0.000120,0.000120,0.999760
beyond,43.150,0.000119,0.000119,0.999763
beyond,43.200,0.000117,0.000117,0.999765
beyond,43.250,0.000116,0.000116,0.999767
beyond,43.300,0.000115,0.000115,0.999770
beyond,43.350,0.000114,0.000114,0.999772
beyond,43.400,0.000113,0.000113,0.999774
beyond,43.450,0.000112,0.000112,0.999777
beyond,43.500,0.000111,0.000111,0.999779
beyond,43.550,0.000110,0.000110,0.999781
beyond,43.600,0.000108,0.000108,0.999783
beyond,43.650,0.000107,0.000107,0.999785
beyond,43.700,0.000106,0.000106,0.999787
beyond,43.750,0.000105,0.000105,0.999790
beyond,43.800,0.000104,0.000104,0.999792
beyond,43.850,0.000103,0.000103,0.999794
beyond,43.900,0.000102,0.000102,0.999796
beyond,43.950,0.000101,0.000101,0.999798
beyond,44.000,0.000100,0.000100,0.999800
beyond,44.050,0.000099,0.000099,0.999802
beyond,44.100,0.000098,0.000098,0.999804
beyond,44.150,0.000097,0.000097,0.999806
beyond,44.200,0.000096,0.000096,0.999808
beyond,44.250,0.000095,0.000095,0.999810
beyond,44.300,0.000094,0.000094,0.999811
beyond,44.350,0.000093,0.000093,0.999813
beyond,44.400,0.000092,0.000092,0.999815
beyond,44.450,0.000091,0.000091,0.999817
beyond,44.500,0.000091,0.000091,0.999819
beyond,44.550,0.000090,0.000090,0.999821
beyond,44.600,0.000089,0.000089,0.999822
beyond,44.650,0.000088,0.000088,0.999824
beyond,44.700,0.000087,0.000087,0.999826
beyond,44.750,0.000086,0.000086,0.999828
beyond,44.800,0.000085,0.000085,0.999829
beyond,44.850,0.000084,0.000084,0.999831
beyond,44.900,0.000084,0.000084,0.999833
beyond,44.950,0.000083,0.000083,0.999834
beyond,45.000,0.000082,0.000082,0.999836
beyond,45.050,0.000081,0.000081,0.999838
beyond,45.100,0.000080,0.000080,0.999839
beyond,45.150,0.000080,0.000080,0.999841
beyond,45.200,0.000079,0.000079,0.999842
beyond,45.250,0.000078,0.000078,0.999844
beyond,45.300,0.000077,0.000077,0.999846
beyond,45.350,0.000076,0.000076,0.999847
beyond,45.400,0.000076,0.000076,0.999849
beyond,45.450,0.000075,0.000075,0.999850
beyond,45.500,0.000074,0.000074,0.999852
beyond,45.550,0.000073,0.000073,0.999853
beyond,45.600,0.000073,0.000073,0.999855
beyond,45.650,0.000072,0.000072,0.999856
beyond,45.700,0.000071,0.000071,0.999857
beyond,45.750,0.000071,0.000071,0.999859
beyond,45.800,0.000070,0.000070,0.999860
beyond,45.850,0.000069,0.000069,0.999862
beyond,45.900,0.000068,0.000068,0.999863
beyond,45.950,0.000068,0.000068,0.999864
beyond,46.000,0.000067,0.000067,0.999866
beyond,46.050,0.000066,0.000066,0.999867
beyond,46.100,0.000066,0.000066,0.999868
beyond,46.150,0.000065,0.000065,0.999870
beyond,46.200,0.000064,0.000064,0.999871
beyond,46.250,0.000064,0.000064,0.999872
beyond,46.300,0.000063,0.000063,0.999874
beyond,46.350,0.000063,0.000063,0.999875
beyond,46.400,0.000062,0.000062,0.999876
beyond,46.450,0.000061,0.000061,0.999877
beyond,46.500,0.000061,0.000061,0.999879
beyond,46.550,0.000060,0.000060,0.999880
beyond,46.600,0.000060,0.000060,0.999881
beyond,46.650,0.000059,0.000059,0.999882
beyond,46.700,0.000058,0.000058,0.999883
beyond,46.750,0.000058,0.000058,0.999884
beyond,46.800,0.000057,0.000057,0.999886
beyond,46.850,0.000057,0.000057,0.999887
beyond,46.900,0.000056,0.000056,0.999888
beyond,46.950,0.000056,0.000056,0.999889
beyond,47.000,0.000055,0.000055,0.999890
beyond,47.050,0.000054,0.000054,0.999891
beyond,47.100,0.000054,0.000054,0.999892
beyond,47.150,0.000053,0.000053,0.999893
beyond,47.200,0.000053,0.000053,0.999894
beyond,47.250,0.000052,0.000052,0.999895
beyond,47.300,0.000052,0.000052,0.999896
beyond,47.350,0.000051,0.000051,0.999897
beyond,47.400,0.000051,0.000051,0.999899
beyond,47.450,0.000050,0.000050,0.999900
beyond,47.500,0.000050,0.000050,0.999901
beyond,47.550,0.000049,0.000049,0.999902
beyond,47.600,0.000049,0.000049,0.999902
beyond,47.650,0.000048,0.000048,0.999903
beyond,47.700,0.000048,0.000048,0.999904
beyond,47.750,0.000047,0.000047,0.999905
beyond,47.800,0.000047,0.000047,0.999906
beyond,47.850,0.000046,0.000046,0.999907
beyond,47.900,0.000046,0.000046,0.999908
beyond,47.950,0.000045,0.000045,0.999909
beyond,48.000,0.000045,0.000045,0.999910
beyond,48.050,0.000045,0.000045,0.999911
beyond,48.100,0.000044,0.000044,0.999912
beyond,48.150,0.000044,0.000044,0.999913
beyond,48.200,0.000043,0.000043,0.999914
beyond,48.250,0.000043,0.000043,0.999914
beyond,48.300,0.000042,0.000042,0.999915
beyond,48.350,0.000042,0.000042,0.999916
beyond,48.400,0.000042,0.000042,0.999917
beyond,48.450,0.000041,0.000041,0.999918
beyond,48.500,0.000041,0.000041,0.999919
beyond,48.550,0.000040,0.000040,0.999919
beyond,48.600,0.000040,0.000040,0.999920
beyond,48.650,0.000040,0.000040,0.999921
beyond,48.700,0.000039,0.000039,0.999922
beyond,48.750,0.000039,0.000039,0.999923
beyond,48.800,0.000038,0.000038,0.999923
beyond,48.850,0.000038,0.000038,0.999924
beyond,48.900,0.000038,0.000038,0.999925
beyond,48.950,0.000037,0.000037,0.999926
beyond,49.000,0.000037,0.000037,0.999926
beyond,49.050,0.000036,0.000036,0.999927
beyond,49.100,0.000036,0.000036,0.999928
beyond,49.150,0.000036,0.000036,0.999928
beyond,49.200,0.000035,0.000035,0.999929
beyond,49.250,0.000035,0.000035,0.999930
beyond,49.300,0.000035,0.000035,0.999931
beyond,49.350,0.000034,0.000034,0.999931
beyond,49.400,0.000034,0.000034,0.999932
beyond,49.450,0.000034,0.000034,0.999933
beyond,49.500,0.000033,0.000033,0.999933
beyond,49.550,0.000033,0.000033,0.999934
beyond,49.600,0.000033,0.000033,0.999935
beyond,49.650,0.000032,0.000032,0.999935
beyond,49.700,0.000032,0.000032,0.999936
beyond,49.750,0.000032,0.000032,0.999937
beyond,49.800,0.000031,0.000031,0.999937
beyond,49.850,0.000031,0.000031,0.999938
beyond,49.900,0.000031,0.000031,0.999938
beyond,49.950,0.000030,0.000030,0.999939
beyond,50.000,0.000030,0.000030,0.999940
beyond,50.050,0.000030,0.000030,0.999940
beyond,50.100,0.000030,0.000030,0.999941
beyond,50.150,0.000029,0.000029,0.999941
beyond,50.200,0.000029,0.000029,0.999942
beyond,50.250,0.000029,0.000029,0.999943
beyond,50.300,0.000028,0.000028,0.999943
beyond,50.350,0.000028,0.000028,0.999944
beyond,50.400,0.000028,0.000028,0.999944
beyond,50.450,0.000028,0.000028,0.999945
beyond,50.500,0.000027,0.000027,0.999945
beyond,50.550,0.000027,0.000027,0.999946
beyond,50.600,0.000027,0.000027,0.999946
beyond,50.650,0.000027,0.000027,0.999947
beyond,50.700,0.000026,0.000026,0.999948
beyond,50.750,0.000026,0.000026,0.999948
beyond,50.800,0.000026,0.000026,0.999949
beyond,50.850,0.000025,0.000025,0.999949
beyond,50.900,0.000025,0.000025,0.999950
beyond,50.950,0.000025,0.000025,0.999950
beyond,51.000,0.000025,0.000025,0.999951
beyond,51.050,0.000024,0.000024,0.999951
beyond,51.100,0.000024,0.000024,0.999952
beyond,51.150,0.000024,0.000024,0.999952
beyond,51.200,0.000024,0.000024,0.999953
beyond,51.250,0.000024,0.000024,0.999953
beyond,51.300,0.000023,0.000023,0.999953
beyond,51.350,0.000023,0.000023,0.999954
beyond,51.400,0.000023,0.000023,0.999954
beyond,51.450,0.000023,0.000023,0.999955
beyond,51.500,0.000022,0.000022,0.999955
beyond,51.550,0.000022,0.000022,0.999956
beyond,51.600,0.000022,0.000022,0.999956
beyond,51.650,0.000022,0.000022,0.999957
beyond,51.700,0.000021,0.000021,0.999957
beyond,51.750,0.000021,0.000021,0.999957
beyond,51.800,0.000021,0.000021,0.999958
beyond,51.850,0.000021,0.000021,0.999958
beyond,51.900,0.000021,0.000021,0.999959
beyond,51.950,0.000020,0.000020,0.999959
beyond,52.000,0.000020,0.000020,0.999960
beyond,52.050,0.000020,0.000020,0.999960
beyond,52.100,0.000020,0.000020,0.999960
beyond,52.150,0.000020,0.000020,0.999961
beyond,52.200,0.000019,0.000019,0.999961
beyond,52.250,0.000019,0.000019,0.999962
beyond,52.300,0.000019,0.000019,0.999962
beyond,52.350,0.000019,0.000019,0.999962
beyond,52.400,0.000019,0.000019,0.999963
beyond,52.450,0.000018,0.000018,0.999963
beyond,52.500,0.000018,0.000018,0.999963
beyond,52.550,0.000018,0.000018,0.999964
beyond,52.600,0.000018,0.000018,0.999964
beyond,52.650,0.000018,0.000018,0.999964
beyond,52.700,0.000018,0.000018,0.999965
beyond,52.750,0.000017,0.000017,0.999965
beyond,52.800,0.000017,0.000017,0.999966
beyond,52.850,0.000017,0.000017,0.999966
beyond,52.900,0.000017,0.000017,0.999966
beyond,52.950,0.000017,0.000017,0.999967
beyond,53.000,0.000017,0.000017,0.999967
beyond,53.050,0.000016,0.000016,0.999967
beyond,53.100,0.000016,0.000016,0.999968
beyond,53.150,0.000016,0.000016,0.999968
beyond,53.200,0.000016,0.000016,0.999968
beyond,53.250,0.000016,0.000016,0.999968
beyond,53.300,0.000016,0.000016,0.999969
beyond,53.350,0.000015,0.000015,0.999969
beyond,53.400,0.000015,0.000015,0.999969
beyond,53.450,0.000015,0.000015,0.999970
beyond,53.500,0.000015,0.000015,0.999970
beyond,53.550,0.000015,0.000015,0.999970
beyond,53.600,0.000015,0.000015,0.999971
beyond,53.650,0.000015,0.000015,0.999971
beyond,53.700,0.000014,0.000014,0.999971
beyond,53.750,0.000014,0.000014,0.999971
beyond,53.800,0.000014,0.000014,0.999972
beyond,53.850,0.000014,0.000014,0.999972
beyond,53.900,0.000014,0.000014,0.999972
beyond,53.950,0.000014,0.000014,0.999973
beyond,54.000,0.000014,0.000014,0.999973
beyond,54.050,0.000013,0.000013,0.999973
beyond,54.100,0.000013,0.000013,0.999973
beyond,54.150,0.000013,0.000013,0.999974
beyond,54.200,0.000013,0.000013,0.999974
beyond,54.250,0.000013,0.000013,0.999974
beyond,54.300,0.000013,0.000013,0.999974
beyond,54.350,0.000013,0.000013,0.999975
beyond,54.400,0.000013,0.000013,0.999975
beyond,54.450,0.000012,0.000012,0.999975
beyond,54.500,0.000012,0.000012,0.999975
beyond,54.550,0.000012,0.000012,0.999976
beyond,54.600,0.000012,0.000012,0.999976
beyond,54.650,0.000012,0.000012,0.999976
beyond,54.700,0.000012,0.000012,0.999976
beyond,54.750,0.000012,0.000012,0.999977
beyond,54.800,0.000012,0.000012,0.999977
beyond,54.850,0.000011,0.000011,0.999977
beyond,54.900,0.000011,0.000011,0.999977
beyond,54.950,0.000011,0.000011,0.999978
beyond,55.000,0.000011,0.000011,0.999978
beyond,55.050,0.000011,0.000011,0.999978
beyond,55.100,0.000011,0.000011,0.999978
beyond,55.150,0.000011,0.000011,0.999978
beyond,55.200,0.000011,0.000011,0.999979
beyond,55.250,0.000011,0.000011,0.999979
beyond,55.300,0.000010,0.000010,0.999979
beyond,55.350,0.000010,0.000010,0.999979
beyond,55.400,0.000010,0.000010,0.999979
beyond,55.450,0.000010,0.000010,0.999980
beyond,55.500,0.000010,0.000010,0.999980
beyond,55.550,0.000010,0.000010,0.999980
beyond,55.600,0.000010,0.000010,0.999980
beyond,55.650,0.000010,0.000010,0.999980
beyond,55.700,0.000010,0.000010,0.999981
beyond,55.750,0.000010,0.000010,0.999981
beyond,55.800,0.000009,0.000009,0.999981
beyond,55.850,0.000009,0.000009,0.999981
beyond,55.900,0.000009,0.000009,0.999981
beyond,55.950,0.000009,0.000009,0.999982
beyond,56.000,0.000009,0.000009,0.999982
beyond,56.050,0.000009,0.000009,0.999982
beyond,56.100,0.000009,0.000009,0.999982
beyond,56.150,0.000009,0.000009,0.999982
beyond,56.200,0.000009,0.000009,0.999983
beyond,56.250,0.000009,0.000009,0.999983
beyond,56.300,0.000009,0.000009,0.999983
beyond,56.350,0.000008,0.000008,0.999983
beyond,56.400,0.000008,0.000008,0.999983
beyond,56.450,0.000008,0.000008,0.999983
beyond,56.500,0.000008,0.000008,0.999984
beyond,56.550,0.000008,0.000008,0.999984
beyond,56.600,0.000008,0.000008,0.999984
beyond,56.650,0.000008,0.000008,0.999984
beyond,56.700,0.000008,0.000008,0.999984
beyond,56.750,0.000008,0.000008,0.999984
beyond,56.800,0.000008,0.000008,0.999985
beyond,56.850,0.000008,0.000008,0.999985
beyond,56.900,0.000008,0.000008,0.999985
beyond,56.950,0.000008,0.000008,0.999985
beyond,57.000,0.000007,0.000007,0.999985
beyond,57.050,0.000007,0.000007,0.999985
beyond,57.100,0.000007,0.000007,0.999985
beyond,57.150,0.000007,0.000007,0.999986
beyond,57.200,0.000007,0.000007,0.999986
beyond,57.250,0.000007,0.000007,0.999986
beyond,57.300,0.000007,0.000007,0.999986
beyond,57.350,0.000007,0.000007,0.999986
beyond,57.400,0.000007,0.000007,0.999986
beyond,57.450,0.000007,0.000007,0.999986
beyond,57.500,0.000007,0.000007,0.999987
beyond,57.550,0.000007,0.000007,0.999987
beyond,57.600,0.000007,0.000007,0.999987
beyond,57.650,0.000007,0.000007,0.999987
beyond,57.700,0.000006,0.000006,0.999987
beyond,57.750,0.000006,0.000006,0.999987
beyond,57.800,0.000006,0.000006,0.999987
beyond,57.850,0.000006,0.000006,0.999987
beyond,57.900,0.000006,0.000006,0.999988
beyond,57.950,0.000006,0.000006,0.999988
beyond,58.000,0.000006,0.000006,0.999988
beyond,58.050,0.000006,0.000006,0.999988
beyond,58.100,0.000006,0.000006,0.999988
beyond,58.150,0.000006,0.000006,0.999988
beyond,58.200,0.000006,0.000006,0.999988
beyond,58.250,0.000006,0.000006,0.999988
beyond,58.300,0.000006,0.000006,0.999989
beyond,58.350,0.000006,0.000006,0.999989
beyond,58.400,0.000006,0.000006,0.999989
beyond,58.450,0.000006,0.000006,0.999989
beyond,58.500,0.000006,0.000006,0.999989
beyond,58.550,0.000005,0.000005,0.999989
beyond,58.600,0.000005,0.000005,0.999989
beyond,58.650,0.000005,0.000005,0.999989
beyond,58.700,0.000005,0.000005,0.999989
beyond,58.750,0.000005,0.000005,0.999990
beyond,58.800,0.000005,0.000005,0.999990
beyond,58.850,0.000005,0.000005,0.999990
beyond,58.900,0.000005,0.000005,0.999990
beyond,58.950,0.000005,0.000005,0.999990
beyond,59.000,0.000005,0.000005,0.999990
beyond,59.050,0.000005,0.000005,0.999990
beyond,59.100,0.000005,0.000005,0.999990
beyond,59.150,0.000005,0.000005,0.999990
beyond,59.200,0.000005,0.000005,0.999990
beyond,59.250,0.000005,0.000005,0.999991
beyond,59.300,0.000005,0.000005,0.999991
beyond,59.350,0.000005,0.000005,0.999991
beyond,59.400,0.000005,0.000005,0.999991
beyond,59.450,0.000005,0.000005,0.999991
beyond,59.500,0.000005,0.000005,0.999991
beyond,59.550,0.000004,0.000004,0.999991
beyond,59.600,0.000004,0.000004,0.999991
beyond,59.650,0.000004,0.000004,0.999991
beyond,59.700,0.000004,0.000004,0.999991
beyond,59.750,0.000004,0.000004,0.999991
beyond,59.800,0.000004,0.000004,0.999991
beyond,59.850,0.000004,0.000004,0.999992
beyond,59.900,0.000004,0.000004,0.999992
beyond,59.950,0.000004,0.000004,0.999992
beyond,60.000,0.000004,0.000004,0.999992
beyond,60.050,0.000004,0.000004,0.999992
beyond,60.100,0.000004,0.000004,0.999992
beyond,60.150,0.000004,0.000004,0.999992
beyond,60.200,0.000004,0.000004,0.999992
beyond,60.250,0.000004,0.000004,0.999992
beyond,60.300,0.000004,0.000004,0.999992
beyond,60.350,0.000004,0.000004,0.999992
beyond,60.400,0.000004,0.000004,0.999992
beyond,60.450,0.000004,0.000004,0.999993
beyond,60.500,0.000004,0.000004,0.999993
beyond,60.550,0.000004,0.000004,0.999993
beyond,60.600,0.000004,0.000004,0.999993
beyond,60.650,0.000004,0.000004,0.999993
beyond,60.700,0.000004,0.000004,0.999993
beyond,60.750,0.000004,0.000004,0.999993
beyond,60.800,0.000003,0.000003,0.999993
beyond,60.850,0.000003,0.000003,0.999993
beyond,60.900,0.000003,0.000003,0.999993
beyond,60.950,0.000003,0.000003,0.999993
beyond,61.000,0.000003,0.000003,0.999993
beyond,61.050,0.000003,0.000003,0.999993
beyond,61.100,0.000003,0.000003,0.999993
beyond,61.150,0.000003,0.000003,0.999994
beyond,61.200,0.000003,0.000003,0.999994
beyond,61.250,0.000003,0.000003,0.999994
beyond,61.300,0.000003,0.000003,0.999994
beyond,61.350,0.000003,0.000003,0.999994
beyond,61.400,0.000003,0.000003,0.999994
beyond,61.450,0.000003,0.000003,0.999994
beyond,61.500,0.000003,0.000003,0.999994
beyond,61.550,0.000003,0.000003,0.999994
beyond,61.600,0.000003,0.000003,0.999994
beyond,61.650,0.000003,0.000003,0.999994
beyond,61.700,0.000003,0.000003,0.999994
beyond,61.750,0.000003,0.000003,0.999994
beyond,61.800,0.000003,0.000003,0.999994
beyond,61.850,0.000003,0.000003,0.999994
beyond,61.900,0.000003,0.000003,0.999994
beyond,61.950,0.000003,0.000003,0.999994
beyond,62.000,0.000003,0.000003,0.999995
beyond,62.050,0.000003,0.000003,0.999995
beyond,62.100,0.000003,0.000003,0.999995
beyond,62.150,0.000003,0.000003,0.999995
beyond,62.200,0.000003,0.000003,0.999995
beyond,62.250,0.000003,0.000003,0.999995
beyond,62.300,0.000003,0.000003,0.999995
beyond,62.350,0.000003,0.000003,0.999995
beyond,62.400,0.000003,0.000003,0.999995
beyond,62.450,0.000003,0.000003,0.999995
beyond,62.500,0.000002,0.000002,0.999995
beyond,62.550,0.000002,0.000002,0.999995
beyond,62.600,0.000002,0.000002,0.999995
beyond,62.650,0.000002,0.000002,0.999995
beyond,62.700,0.000002,0.000002,0.999995
beyond,62.750,0.000002,0.000002,0.999995
beyond,62.800,0.000002,0.000002,0.999995
beyond,62.850,0.000002,0.000002,0.999995
beyond,62.900,0.000002,0.000002,0.999995
beyond,62.950,0.000002,0.000002,0.999995
beyond,63.000,0.000002,0.000002,0.999996
beyond,63.050,0.000002,0.000002,0.999996
beyond,63.100,0.000002,0.000002,0.999996
beyond,63.150,0.000002,0.000002,0.999996
beyond,63.200,0.000002,0.000002,0.999996
beyond,63.250,0.000002,0.000002,0.999996
beyond,63.300,0.000002,0.000002,0.999996
beyond,63.350,0.000002,0.000002,0.999996
beyond,63.400,0.000002,0.000002,0.999996
beyond,63.450,0.000002,0.000002,0.999996
beyond,63.500,0.000002,0.000002,0.999996
beyond,63.550,0.000002,0.000002,0.999996
beyond,63.600,0.000002,0.000002,0.999996
beyond,63.650,0.000002,0.000002,0.999996
beyond,63.700,0.000002,0.000002,0.999996
beyond,63.750,0.000002,0.000002,0.999996
beyond,63.800,0.000002,0.000002,0.999996
beyond,63.850,0.000002,0.000002,0.999996
beyond,63.900,0.000002,0.000002,0.999996
beyond,63.950,0.000002,0.000002,0.999996
beyond,64.000,0.000002,0.000002,0.999996
beyond,64.050,0.000002,0.000002,0.999996
beyond,64.100,0.000002,0.000002,0.999996
beyond,64.150,0.000002,0.000002,0.999996
beyond,64.200,0.000002,0.000002,0.999996
beyond,64.250,0.000002,0.000002,0.999997
beyond,64.300,0.000002,0.000002,0.999997
beyond,64.350,0.000002,0.000002,0.999997
beyond,64.400,0.000002,0.000002,0.999997
beyond,64.450,0.000002,0.000002,0.999997
beyond,64.500,0.000002,0.000002,0.999997
beyond,64.550,0.000002,0.000002,0.999997
beyond,64.600,0.000002,0.000002,0.999997
beyond,64.650,0.000002,0.000002,0.999997
beyond,64.700,0.000002,0.000002,0.999997
beyond,64.750,0.000002,0.000002,0.999997
beyond,64.800,0.000002,0.000002,0.999997
beyond,64.850,0.000002,0.000002,0.999997
beyond,64.900,0.000002,0.000002,0.999997
beyond,64.950,0.000002,0.000002,0.999997
beyond,65.000,0.000002,0.000002,0.999997
beyond,65.050,0.000001,0.000001,0.999997
beyond,65.100,0.000001,0.000001,0.999997
beyond,65.150,0.000001,0.000001,0.999997
beyond,65.200,0.000001,0.000001,0.999997
beyond,65.250,0.000001,0.000001,0.999997
beyond,65.300,0.000001,0.000001,0.999997
beyond,65.350,0.000001,0.000001,0.999997
beyond,65.400,0.000001,0.000001,0.999997
beyond,65.450,0.000001,0.000001,0.999997
beyond,65.500,0.000001,0.000001,0.999997
beyond,65.550,0.000001,0.000001,0.999997
beyond,65.600,0.000001,0.000001,0.999997
beyond,65.650,0.000001,0.000001,0.999997
beyond,65.700,0.000001,0.000001,0.999997
beyond,65.750,0.000001,0.000001,0.999997
beyond,65.800,0.000001,0.000001,0.999997
beyond,65.850,0.000001,0.000001,0.999997
beyond,65.900,0.000001,0.000001,0.999997
beyond,65.950,0.000001,0.000001,0.999998
beyond,66.000,0.000001,0.000001,0.999998
beyond,66.050,0.000001,0.000001,0.999998
beyond,66.100,0.000001,0.000001,0.999998
beyond,66.150,0.000001,0.000001,0.999998
beyond,66.200,0.000001,0.000001,0.999998
beyond,66.250,0.000001,0.000001,0.999998
beyond,66.300,0.000001,0.000001,0.999998
beyond,66.350,0.000001,0.000001,0.999998
beyond,66.400,0.000001,0.000001,0.999998
beyond,66.450,0.000001,0.000001,0.999998
beyond,66.500,0.000001,0.000001,0.999998
beyond,66.550,0.000001,0.000001,0.999998
beyond,66.600,0.000001,0.000001,0.999998
beyond,66.650,0.000001,0.000001,0.999998
beyond,66.700,0.000001,0.000001,0.999998
beyond,66.750,0.000001,0.000001,0.999998
beyond,66.800,0.000001,0.000001,0.999998
beyond,66.850,0.000001,0.000001,0.999998
beyond,66.900,0.000001,0.000001,0.999998
beyond,66.950,0.000001,0.000001,0.999998
beyond,67.000,0.000001,0.000001,0.999998
beyond,67.050,0.000001,0.000001,0.999998
beyond,67.100,0.000001,0.000001,0.999998
beyond,67.150,0.000001,0.000001,0.999998
beyond,67.200,0.000001,0.000001,0.999998
beyond,67.250,0.000001,0.000001,0.999998
beyond,67.300,0.000001,0.000001,0.999998
beyond,67.350,0.000001,0.000001,0.999998
beyond,67.400,0.000001,0.000001,0.999998
beyond,67.450,0.000001,0.000001,0.999998
beyond,67.500,0.000001,0.000001,0.999998
beyond,67.550,0.000001,0.000001,0.999998
beyond,67.600,0.000001,0.000001,0.999998
beyond,67.650,0.000001,0.000001,0.999998
beyond,67.700,0.000001,0.000001,0.999998
beyond,67.750,0.000001,0.000001,0.999998
beyond,67.800,0.000001,0.000001,0.999998
beyond,67.850,0.000001,0.000001,0.999998
beyond,67.900,0.000001,0.000001,0.999998
beyond,67.950,0.000001,0.000001,0.999998
beyond,68.000,0.000001,0.000001,0.999998
beyond,68.050,0.000001,0.000001,0.999998
beyond,68.100,0.000001,0.000001,0.999998
beyond,68.150,0.000001,0.000001,0.999998
beyond,68.200,0.000001,0.000001,0.999998
beyond,68.250,0.000001,0.000001,0.999998
beyond,68.300,0.000001,0.000001,0.999998
beyond,68.350,0.000001,0.000001,0.999998
beyond,68.400,0.000001,0.000001,0.999998
beyond,68.450,0.000001,0.000001,0.999998
beyond,68.500,0.000001,0.000001,0.999999
beyond,68.550,0.000001,0.000001,0.999999
beyond,68.600,0.000001,0.000001,0.999999
beyond,68.650,0.000001,0.000001,0.999999
beyond,68.700,0.000001,0.000001,0.999999
beyond,68.750,0.000001,0.000001,0.999999
beyond,68.800,0.000001,0.000001,0.999999
beyond,68.850,0.000001,0.000001,0.999999
beyond,68.900,0.000001,0.000001,0.999999
beyond,68.950,0.000001,0.000001,0.999999
beyond,69.000,0.000001,0.000001,0.999999
beyond,69.050,0.000001,0.000001,0.999999
beyond,69.100,0.000001,0.000001,0.999999
beyond,69.150,0.000001,0.000001,0.999999
beyond,69.200,0.000001,0.000001,0.999999
beyond,69.250,0.000001,0.000001,0.999999
beyond,69.300,0.000001,0.000001,0.999999
beyond,69.350,0.000001,0.000001,0.999999
beyond,69.400,0.000001,0.000001,0.999999
beyond,69.450,0.000001,0.000001,0.999999
beyond,69.500,0.000001,0.000001,0.999999
beyond,69.550,0.000001,0.000001,0.999999
beyond,69.600,0.000001,0.000001,0.999999
beyond,69.650,0.000001,0.000001,0.999999
beyond,69.700,0.000001,0.000001,0.999999
beyond,69.750,0.000001,0.000001,0.999999
beyond,69.800,0.000001,0.000001,0.999999
beyond,69.850,0.000001,0.000001,0.999999
beyond,69.900,0.000001,0.000001,0.999999
beyond,69.950,0.000001,0.000001,0.999999
beyond,70.000,0.000001,0.000001,0.999999
beyond,70.050,0.000001,0.000001,0.999999
beyond,70.100,0.000001,0.000001,0.999999
beyond,70.150,0.000001,0.000001,0.999999
beyond,70.200,0.000001,0.000001,0.999999
beyond,70.250,0.000001,0.000001,0.999999
beyond,70.300,0.000001,0.000001,0.999999
beyond,70.350,0.000001,0.000001,0.999999
beyond,70.400,0.000001,0.000001,0.999999
beyond,70.450,0.000001,0.000001,0.999999
beyond,70.500,0.000001,0.000001,0.999999
beyond,70.550,0.000000,0.000000,0.999999
beyond,70.600,0.000000,0.000000,0.999999
beyond,70.650,0.000000,0.000000,0.999999
beyond,70.700,0.000000,0.000000,0.999999
beyond,70.750,0.000000,0.000000,0.999999
beyond,70.800,0.000000,0.000000,0.999999
beyond,70.850,0.000000,0.000000,0.999999
beyond,70.900,0.000000,0.000000,0.999999
beyond,70.950,0.000000,0.000000,0.999999
beyond,71.000,0.000000,0.000000,0.999999
beyond,71.050,0.000000,0.000000,0.999999
beyond,71.100,0.000000,0.000000,0.999999
beyond,71.150,0.000000,0.000000,0.999999
beyond,71.200,0.000000,0.000000,0.999999
beyond,71.250,0.000000,0.000000,0.999999
beyond,71.300,0.000000,0.000000,0.999999
beyond,71.350,0.000000,0.000000,0.999999
beyond,71.400,0.000000,0.000000,0.999999
beyond,71.450,0.000000,0.000000,0.999999
beyond,71.500,0.000000,0.000000,0.999999
beyond,71.550,0.000000,0.000000,0.999999
beyond,71.600,0.000000,0.000000,0.999999
beyond,71.650,0.000000,0.000000,0.999999
beyond,71.700,0.000000,0.000000,0.999999
beyond,71.750,0.000000,0.000000,0.999999
beyond,71.800,0.000000,0.000000,0.999999
beyond,71.850,0.000000,0.000000,0.999999
beyond,71.900,0.000000,0.000000,0.999999
beyond,71.950,0.000000,0.000000,0.999999
beyond,72.000,0.000000,0.000000,0.999999
beyond,72.050,0.000000,0.000000,0.999999
beyond,72.100,0.000000,0.000000,0.999999
beyond,72.150,0.000000,0.000000,0.999999
beyond,72.200,0.000000,0.000000,0.999999
beyond,72.250,0.000000,0.000000,0.999999
beyond,72.300,0.000000,0.000000,0.999999
beyond,72.350,0.000000,0.000000,0.999999
beyond,72.400,0.000000,0.000000,0.999999
beyond,72.450,0.000000,0.000000,0.999999
beyond,72.500,0.000000,0.000000,0.999999
beyond,72.550,0.000000,0.000000,0.999999
beyond,72.600,0.000000,0.000000,0.999999
beyond,72.650,0.000000,0.000000,0.999999
beyond,72.700,0.000000,0.000000,0.999999
beyond,72.750,0.000000,0.000000,0.999999
beyond,72.800,0.000000,0.000000,0.999999
beyond,72.850,0.000000,0.000000,0.999999
beyond,72.900,0.000000,0.000000,0.999999
beyond,72.950,0.000000,0.000000,0.999999
beyond,73.000,0.000000,0.000000,0.999999
beyond,73.050,0.000000,0.000000,0.999999
beyond,73.100,0.000000,0.000000,0.999999
beyond,73.150,0.000000,0.000000,0.999999
beyond,73.200,0.000000,0.000000,0.999999
beyond,73.250,0.000000,0.000000,0.999999
beyond,73.300,0.000000,0.000000,0.999999
beyond,73.350,0.000000,0.000000,0.999999
beyond,73.400,0.000000,0.000000,0.999999
beyond,73.450,0.000000,0.000000,0.999999
beyond,73.500,0.000000,0.000000,0.999999
beyond,73.550,0.000000,0.000000,0.999999
beyond,73.600,0.000000,0.000000,0.999999
beyond,73.650,0.000000,0.000000,0.999999
beyond,73.700,0.000000,0.000000,0.999999
beyond,73.750,0.000000,0.000000,0.999999
beyond,73.800,0.000000,0.000000,0.999999
beyond,73.850,0.000000,0.000000,0.999999
beyond,73.900,0.000000,0.000000,0.999999
beyond,73.950,0.000000,0.000000,0.999999
beyond,74.000,0.000000,0.000000,1.000000
beyond,74.050,0.000000,0.000000,1.000000
beyond,74.100,0.000000,0.000000,1.000000
beyond,74.150,0.000000,0.000000,1.000000
beyond,74.200,0.000000,0.000000,1.000000
beyond,74.250,0.000000,0.000000,1.000000
beyond,74.300,0.000000,0.000000,1.000000
beyond,74.350,0.000000,0.000000,1.000000
beyond,74.400,0.000000,0.000000,1.000000
beyond,74.450,0.000000,0.000000,1.000000
beyond,74.500,0.000000,0.000000,1.000000
beyond,74.550,0.000000,0.000000,1.000000
beyond,74.600,0.000000,0.000000,1.000000
beyond,74.650,0.000000,0.000000,1.000000
beyond,74.700,0.000000,0.000000,1.000000
beyond,74.750,0.000000,0.000000,1.000000
beyond,74.800,0.000000,0.000000,1.000000
beyond,74.850,0.000000,0.000000,1.000000
beyond,74.900,0.000000,0.000000,1.000000
beyond,74.950,0.000000,0.000000,1.000000
beyond,75.000,0.000000,0.000000,1.000000
beyond,75.050,0.000000,0.000000,1.000000
beyond,75.100,0.000000,0.000000,1.000000
beyond,75.150,0.000000,0.000000,1.000000
beyond,75.200,0.000000,0.000000,1.000000
beyond,75.250,0.000000,0.000000,1.000000
beyond,75.300,0.000000,0.000000,1.000000
beyond,75.350,0.000000,0.000000,1.000000
beyond,75.400,0.000000,0.000000,1.000000
beyond,75.450,0.000000,0.000000,1.000000
beyond,75.500,0.000000,0.000000,1.000000
beyond,75.550,0.000000,0.000000,1.000000
beyond,75.600,0.000000,0.000000,1.000000
beyond,75.650,0.000000,0.000000,1.000000
beyond,75.700,0.000000,0.000000,1.000000
beyond,75.750,0.000000,0.000000,1.000000
beyond,75.800,0.000000,0.000000,1.000000
beyond,75.850,0.000000,0.000000,1.000000
beyond,75.900,0.000000,0.000000,1.000000
beyond,75.950,0.000000,0.000000,1.000000
beyond,76.000,0.000000,0.000000,1.000000
beyond,76.050,0.000000,0.000000,1.000000
beyond,76.100,0.000000,0.000000,1.000000
beyond,76.150,0.000000,0.000000,1.000000
beyond,76.200,0.000000,0.000000,1.000000
beyond,76.250,0.000000,0.000000,1.000000
beyond,76.300,0.000000,0.000000,1.000000
beyond,76.350,0.000000,0.000000,1.000000
beyond,76.400,0.000000,0.000000,1.000000
beyond,76.450,0.000000,0.000000,1.000000
beyond,76.500,0.000000,0.000000,1.000000
beyond,76.550,0.000000,0.000000,1.000000
beyond,76.600,0.000000,0.000000,1.000000
beyond,76.650,0.000000,0.000000,1.000000
beyond,76.700,0.000000,0.000000,1.000000
beyond,76.750,0.000000,0.000000,1.000000
beyond,76.800,0.000000,0.000000,1.000000
beyond,76.850,0.000000,0.000000,1.000000
beyond,76.900,0.000000,0.000000,1.000000
beyond,76.950,0.000000,0.000000,1.000000
beyond,77.000,0.000000,0.000000,1.000000
beyond,77.050,0.000000,0.000000,1.000000
beyond,77.100,0.000000,0.000000,1.000000
beyond,77.150,0.000000,0.000000,1.000000
beyond,77.200,0.000000,0.000000,1.000000
beyond,77.250,0.000000,0.000000,1.000000
beyond,77.300,0.000000,0.000000,1.000000
beyond,77.350,0.000000,0.000000,1.000000
beyond,77.400,0.000000,0.000000,1.000000
beyond,77.450,0.000000,0.000000,1.000000
beyond,77.500,0.000000,0.000000,1.000000
beyond,77.550,0.000000,0.000000,1.000000
beyond,77.600,0.000000,0.000000,1.000000
beyond,77.650,0.000000,0.000000,1.000000
beyond,77.700,0.000000,0.000000,1.000000
beyond,77.750,0.000000,0.000000,1.000000
beyond,77.800,0.000000,0.000000,1.000000
beyond,77.850,0.000000,0.000000,1.000000
beyond,77.900,0.000000,0.000000,1.000000
beyond,77.950,0.000000,0.000000,1.000000
beyond,78.000,0.000000,0.000000,1.000000
beyond,78.050,0.000000,0.000000,1.000000
beyond,78.100,0.000000,0.000000,1.000000
beyond,78.150,0.000000,0.000000,1.000000
beyond,78.200,0.000000,0.000000,1.000000
beyond,78.250,0.000000,0.000000,1.000000
beyond,78.300,0.000000,0.000000,1.000000
beyond,78.350,0.000000,0.000000,1.000000
beyond,78.400,0.000000,0.000000,1.000000
beyond,78.450,0.000000,0.000000,1.000000
beyond,78.500,0.000000,0.000000,1.000000
beyond,78.550,0.000000,0.000000,1.000000
beyond,78.600,0.000000,0.000000,1.000000
beyond,78.650,0.000000,0.000000,1.000000
beyond,78.700,0.000000,0.000000,1.000000
beyond,78.750,0.000000,0.000000,1.000000
beyond,78.800,0.000000,0.000000,1.000000
beyond,78.850,0.000000,0.000000,1.000000
beyond,78.900,0.000000,0.000000,1.000000
beyond,78.950,0.000000,0.000000,1.000000
beyond,79.000,0.000000,0.000000,1.000000
beyond,79.050,0.000000,0.000000,1.000000
beyond,79.100,0.000000,0.000000,1.000000
beyond,79.150,0.000000,0.000000,1.000000
beyond,79.200,0.000000,0.000000,1.000000
beyond,79.250,0.000000,0.000000,1.000000
beyond,79.300,0.000000,0.000000,1.000000
beyond,79.350,0.000000,0.000000,1.000000
beyond,79.400,0.000000,0.000000,1.000000
beyond,79.450,0.000000,0.000000,1.000000
beyond,79.500,0.000000,0.000000,1.000000
beyond,79.550,0.000000,0.000000,1.000000
beyond,79.600,0.000000,0.000000,1.000000
beyond,79.650,0.000000,0.000000,1.000000
beyond,79.700,0.000000,0.000000,1.000000
beyond,79.750,0.000000,0.000000,1.000000
beyond,79.800,0.000000,0.000000,1.000000
beyond,79.850,0.000000,0.000000,1.000000
beyond,79.900,0.000000,0.000000,1.000000
beyond,79.950,0.000000,0.000000,1.000000
beyond,80.000,0.000000,0.000000,1.000000
control_cut,0.000,0.420782,0.420782,0.158436
control_cut,0.050,0.416595,0.416595,0.166810
control_cut,0.100,0.412450,0.412450,0.175100
control_cut,0.150,0.408346,0.408346,0.183308
control_cut,0.200,0.404283,0.404283,0.191434
control_cut,0.250,0.400260,0.400260,0.199480
control_cut,0.300,0.396278,0.396278,0.207445
control_cut,0.350,0.392335,0.392335,0.215331
control_cut,0.400,0.388431,0.388431,0.223139
control_cut,0.450,0.384566,0.384566,0.230868
control_cut,0.500,0.380739,0.380739,0.238521
control_cut,0.550,0.376951,0.376951,0.246098
control_cut,0.600,0.373200,0.373200,0.253600
control_cut,0.650,0.369487,0.369487,0.261026
control_cut,0.700,0.365810,0.365810,0.268379
control_cut,0.750,0.362170,0.362170,0.275659
control_cut,0.800,0.358567,0.358567,0.282866
control_cut,0.850,0.354999,0.354999,0.290002
control_cut,0.900,0.351467,0.351467,0.297067
control_cut,0.950,0.347970,0.347970,0.304061
control_cut,1.000,0.344507,0.344507,0.310986
control_cut,1.050,0.341079,0.341079,0.317841
control_cut,1.100,0.337685,0.337685,0.324629
control_cut,1.150,0.334325,0.334325,0.331349
control_cut,1.200,0.330999,0.330999,0.338002
control_cut,1.250,0.327705,0.327705,0.344589
control_cut,1.300,0.324445,0.324445,0.351111
control_cut,1.350,0.321216,0.321216,0.357567
control_cut,1.400,0.318020,0.318020,0.363960
control_cut,1.450,0.314856,0.314856,0.370288
control_cut,1.500,0.311723,0.311723,0.376554
control_cut,1.550,0.308621,0.308621,0.382757
control_cut,1.600,0.305550,0.305550,0.388899
control_cut,1.650,0.302510,0.302510,0.394980
control_cut,1.700,0.299500,0.299500,0.401000
control_cut,1.750,0.296520,0.296520,0.406960
control_cut,1.800,0.293570,0.293570,0.412861
control_cut,1.850,0.290649,0.290649,0.418703
control_cut,1.900,0.287757,0.287757,0.424487
control_cut,1.950,0.284893,0.284893,0.430213
control_cut,2.000,0.282059,0.282059,0.435883
control_cut,2.050,0.279252,0.279252,0.441496
control_cut,2.100,0.276473,0.276473,0.447053
control_cut,2.150,0.273723,0.273723,0.452555
control_cut,2.200,0.270999,0.270999,0.458002
control_cut,2.250,0.268302,0.268302,0.463395
control_cut,2.300,0.265633,0.265633,0.468734
control_cut,2.350,0.262990,0.262990,0.474021
control_cut,2.400,0.260373,0.260373,0.479254
control_cut,2.450,0.257782,0.257782,0.484436
control_cut,2.500,0.255217,0.255217,0.489566
control_cut,2.550,0.252678,0.252678,0.494645
control_cut,2.600,0.250164,0.250164,0.499673
control_cut,2.650,0.247674,0.247674,0.504651
control_cut,2.700,0.245210,0.245210,0.509580
control_cut,2.750,0.242770,0.242770,0.514460
control_cut,2.800,0.240354,0.240354,0.519291
control_cut,2.850,0.237963,0.237963,0.524074
control_cut,2.900,0.235595,0.235595,0.528810
control_cut,2.950,0.233251,0.233251,0.533498
control_cut,3.000,0.230930,0.230930,0.538140
control_cut,3.050,0.228632,0.228632,0.542735
control_cut,3.100,0.226357,0.226357,0.547285
control_cut,3.150,0.224105,0.224105,0.551790
control_cut,3.200,0.221875,0.221875,0.556250
control_cut,3.250,0.219667,0.219667,0.560665
control_cut,3.300,0.217482,0.217482,0.565037
control_cut,3.350,0.215318,0.215318,0.569364
control_cut,3.400,0.213175,0.213175,0.573649
control_cut,3.450,0.211054,0.211054,0.577892
control_cut,3.500,0.208954,0.208954,0.582092
control_cut,3.550,0.206875,0.206875,0.586250
control_cut,3.600,0.204817,0.204817,0.590367
control_cut,3.650,0.202779,0.202779,0.594443
control_cut,3.700,0.200761,0.200761,0.598478
control_cut,3.750,0.198763,0.198763,0.602473
control_cut,3.800,0.196786,0.196786,0.606429
control_cut,3.850,0.194828,0.194828,0.610345
control_cut,3.900,0.192889,0.192889,0.614222
control_cut,3.950,0.190970,0.190970,0.618061
control_cut,4.000,0.189070,0.189070,0.621861
control_cut,4.050,0.187188,0.187188,0.625623
control_cut,4.100,0.185326,0.185326,0.629349
control_cut,4.150,0.183482,0.183482,0.633037
control_cut,4.200,0.181656,0.181656,0.636688
control_cut,4.250,0.179849,0.179849,0.640303
control_cut,4.300,0.178059,0.178059,0.643882
control_cut,4.350,0.176287,0.176287,0.647425
control_cut,4.400,0.174533,0.174533,0.650934
control_cut,4.450,0.172797,0.172797,0.654407
control_cut,4.500,0.171077,0.171077,0.657846
control_cut,4.550,0.169375,0.169375,0.661250
control_cut,4.600,0.167690,0.167690,0.664621
control_cut,4.650,0.166021,0.166021,0.667958
control_cut,4.700,0.164369,0.164369,0.671262
control_cut,4.750,0.162734,0.162734,0.674533
control_cut,4.800,0.161114,0.161114,0.677771
control_cut,4.850,0.159511,0.159511,0.680977
control_cut,4.900,0.157924,0.157924,0.684152
control_cut,4.950,0.156353,0.156353,0.687294
control_cut,5.000,0.154797,0.154797,0.690406
control_cut,5.050,0.153257,0.153257,0.693486
control_cut,5.100,0.151732,0.151732,0.696536
control_cut,5.150,0.150222,0.150222,0.699556
control_cut,5.200,0.148727,0.148727,0.702545
control_cut,5.250,0.147248,0.147248,0.705505
control_cut,5.300,0.145782,0.145782,0.708435
control_cut,5.350,0.144332,0.144332,0.711336
control_cut,5.400,0.142896,0.142896,0.714209
control_cut,5.450,0.141474,0.141474,0.717052
control_cut,5.500,0.140066,0.140066,0.719868
control_cut,5.550,0.138672,0.138672,0.722655
control_cut,5.600,0.137293,0.137293,0.725415
control_cut,5.650,0.135927,0.135927,0.728147
control_cut,5.700,0.134574,0.134574,0.730852
control_cut,5.750,0.133235,0.133235,0.733530
control_cut,5.800,0.131909,0.131909,0.736181
control_cut,5.850,0.130597,0.130597,0.738806
control_cut,5.900,0.129297,0.129297,0.741405
control_cut,5.950,0.128011,0.128011,0.743978
control_cut,6.000,0.126737,0.126737,0.746526
control_cut,6.050,0.125476,0.125476,0.749048
control_cut,6.100,0.124228,0.124228,0.751545
control_cut,6.150,0.122991,0.122991,0.754017
control_cut,6.200,0.121768,0.121768,0.756465
control_cut,6.250,0.120556,0.120556,0.758888
control_cut,6.300,0.119357,0.119357,0.761287
control_cut,6.350,0.118169,0.118169,0.763662
control_cut,6.400,0.116993,0.116993,0.766014
control_cut,6.450,0.115829,0.115829,0.768342
control_cut,6.500,0.114676,0.114676,0.770647
control_cut,6.550,0.113535,0.113535,0.772929
control_cut,6.600,0.112406,0.112406,0.775189
control_cut,6.650,0.111287,0.111287,0.777425
control_cut,6.700,0.110180,0.110180,0.779640
control_cut,6.750,0.109084,0.109084,0.781833
control_cut,6.800,0.107998,0.107998,0.784004
control_cut,6.850,0.106924,0.106924,0.786153
control_cut,6.900,0.105860,0.105860,0.788281
control_cut,6.950,0.104806,0.104806,0.790387
control_cut,7.000,0.103764,0.103764,0.792473
control_cut,7.050,0.102731,0.102731,0.794538
control_cut,7.100,0.101709,0.101709,0.796582
control_cut,7.150,0.100697,0.100697,0.798606
control_cut,7.200,0.099695,0.099695,0.800610
control_cut,7.250,0.098703,0.098703,0.802594
control_cut,7.300,0.097721,0.097721,0.804558
control_cut,7.350,0.096749,0.096749,0.806503
control_cut,7.400,0.095786,0.095786,0.808428
control_cut,7.450,0.094833,0.094833,0.810334
control_cut,7.500,0.093889,0.093889,0.812222
control_cut,7.550,0.092955,0.092955,0.814090
control_cut,7.600,0.092030,0.092030,0.815940
control_cut,7.650,0.091114,0.091114,0.817771
control_cut,7.700,0.090208,0.090208,0.819585
control_cut,7.750,0.089310,0.089310,0.821380
control_cut,7.800,0.088421,0.088421,0.823157
control_cut,7.850,0.087542,0.087542,0.824917
control_cut,7.900,0.086671,0.086671,0.826659
control_cut,7.950,0.085808,0.085808,0.828384
control_cut,8.000,0.084954,0.084954,0.830091
control_cut,8.050,0.084109,0.084109,0.831782
control_cut,8.100,0.083272,0.083272,0.833456
control_cut,8.150,0.082444,0.082444,0.835113
control_cut,8.200,0.081623,0.081623,0.836753
control_cut,8.250,0.080811,0.080811,0.838378
control_cut,8.300,0.080007,0.080007,0.839986
control_cut,8.350,0.079211,0.079211,0.841578
control_cut,8.400,0.078423,0.078423,0.843154
control_cut,8.450,0.077642,0.077642,0.844715
control_cut,8.500,0.076870,0.076870,0.846260
control_cut,8.550,0.076105,0.076105,0.847790
control_cut,8.600,0.075348,0.075348,0.849304
control_cut,8.650,0.074598,0.074598,0.850804
control_cut,8.700,0.073856,0.073856,0.852288
control_cut,8.750,0.073121,0.073121,0.853758
control_cut,8.800,0.072393,0.072393,0.855213
control_cut,8.850,0.071673,0.071673,0.856654
control_cut,8.900,0.070960,0.070960,0.858080
control_cut,8.950,0.070254,0.070254,0.859492
control_cut,9.000,0.069555,0.069555,0.860890
control_cut,9.050,0.068863,0.068863,0.862275
control_cut,9.100,0.068178,0.068178,0.863645
control_cut,9.150,0.067499,0.067499,0.865002
control_cut,9.200,0.066828,0.066828,0.866345
control_cut,9.250,0.066163,0.066163,0.867675
control_cut,9.300,0.065504,0.065504,0.868992
control_cut,9.350,0.064852,0.064852,0.870295
control_cut,9.400,0.064207,0.064207,0.871586
control_cut,9.450,0.063568,0.063568,0.872863
control_cut,9.500,0.062936,0.062936,0.874128
control_cut,9.550,0.062310,0.062310,0.875381
control_cut,9.600,0.061690,0.061690,0.876621
control_cut,9.650,0.061076,0.061076,0.877849
control_cut,9.700,0.060468,0.060468,0.879064
control_cut,9.750,0.059866,0.059866,0.880267
control_cut,9.800,0.059271,0.059271,0.881459
control_cut,9.850,0.058681,0.058681,0.882638
control_cut,9.900,0.058097,0.058097,0.883806
control_cut,9.950,0.057519,0.057519,0.884962
control_cut,10.000,0.056947,0.056947,0.886107
control_cut,10.050,0.056380,0.056380,0.887240
control_cut,10.100,0.055819,0.055819,0.888362
control_cut,10.150,0.055264,0.055264,0.889473
control_cut,10.200,0.054714,0.054714,0.890573
control_cut,10.250,0.054169,0.054169,0.891661
control_cut,10.300,0.053630,0.053630,0.892739
control_cut,10.350,0.053097,0.053097,0.893807
control_cut,10.400,0.052568,0.052568,0.894863
control_cut,10.450,0.052045,0.052045,0.895909
control_cut,10.500,0.051527,0.051527,0.896945
control_cut,10.550,0.051015,0.051015,0.897970
control_cut,10.600,0.050507,0.050507,0.898986
control_cut,10.650,0.050005,0.050005,0.899991
control_cut,10.700,0.049507,0.049507,0.900986
control_cut,10.750,0.049014,0.049014,0.901971
control_cut,10.800,0.048527,0.048527,0.902947
control_cut,10.850,0.048044,0.048044,0.903912
control_cut,10.900,0.047566,0.047566,0.904868
control_cut,10.950,0.047093,0.047093,0.905815
control_cut,11.000,0.046624,0.046624,0.906752
control_cut,11.050,0.046160,0.046160,0.907680
control_cut,11.100,0.045701,0.045701,0.908598
control_cut,11.150,0.045246,0.045246,0.909508
control_cut,11.200,0.044796,0.044796,0.910408
control_cut,11.250,0.044350,0.044350,0.911300
control_cut,11.300,0.043909,0.043909,0.912182
control_cut,11.350,0.043472,0.043472,0.913056
control_cut,11.400,0.043039,0.043039,0.913921
control_cut,11.450,0.042611,0.042611,0.914778
control_cut,11.500,0.042187,0.042187,0.915626
control_cut,11.550,0.041767,0.041767,0.916465
control_cut,11.600,0.041352,0.041352,0.917296
control_cut,11.650,0.040940,0.040940,0.918119
control_cut,11.700,0.040533,0.040533,0.918934
control_cut,11.750,0.040130,0.040130,0.919741
control_cut,11.800,0.039730,0.039730,0.920539
control_cut,11.850,0.039335,0.039335,0.921330
control_cut,11.900,0.038944,0.038944,0.922113
control_cut,11.950,0.038556,0.038556,0.922888
control_cut,12.000,0.038172,0.038172,0.923655
control_cut,12.050,0.037793,0.037793,0.924415
control_cut,12.100,0.037417,0.037417,0.925167
control_cut,12.150,0.037044,0.037044,0.925911
control_cut,12.200,0.036676,0.036676,0.926649
control_cut,12.250,0.036311,0.036311,0.927378
control_cut,12.300,0.035949,0.035949,0.928101
control_cut,12.350,0.035592,0.035592,0.928816
control_cut,12.400,0.035238,0.035238,0.929525
control_cut,12.450,0.034887,0.034887,0.930226
control_cut,12.500,0.034540,0.034540,0.930920
control_cut,12.550,0.034196,0.034196,0.931608
control_cut,12.600,0.033856,0.033856,0.932288
control_cut,12.650,0.033519,0.033519,0.932962
control_cut,12.700,0.033186,0.033186,0.933629
control_cut,12.750,0.032855,0.032855,0.934289
control_cut,12.800,0.032528,0.032528,0.934943
control_cut,12.850,0.032205,0.032205,0.935590
control_cut,12.900,0.031884,0.031884,0.936231
control_cut,12.950,0.031567,0.031567,0.936866
control_cut,13.000,0.031253,0.031253,0.937494
control_cut,13.050,0.030942,0.030942,0.938116
control_cut,13.100,0.030634,0.030634,0.938732
control_cut,13.150,0.030329,0.030329,0.939341
control_cut,13.200,0.030028,0.030028,0.939945
control_cut,13.250,0.029729,0.029729,0.940542
control_cut,13.300,0.029433,0.029433,0.941134
control_cut,13.350,0.029140,0.029140,0.941720
control_cut,13.400,0.028850,0.028850,0.942300
control_cut,13.450,0.028563,0.028563,0.942874
control_cut,13.500,0.028279,0.028279,0.943442
control_cut,13.550,0.027997,0.027997,0.944005
control_cut,13.600,0.027719,0.027719,0.944562
control_cut,13.650,0.027443,0.027443,0.945114
control_cut,13.700,0.027170,0.027170,0.945660
control_cut,13.750,0.026900,0.026900,0.946201
control_cut,13.800,0.026632,0.026632,0.946736
control_cut,13.850,0.026367,0.026367,0.947266
control_cut,13.900,0.026105,0.026105,0.947791
control_cut,13.950,0.025845,0.025845,0.948310
control_cut,14.000,0.025588,0.025588,0.948824
control_cut,14.050,0.025333,0.025333,0.949334
control_cut,14.100,0.025081,0.025081,0.949838
control_cut,14.150,0.024832,0.024832,0.950337
control_cut,14.200,0.024584,0.024584,0.950831
control_cut,14.250,0.024340,0.024340,0.951320
control_cut,14.300,0.024098,0.024098,0.951805
control_cut,14.350,0.023858,0.023858,0.952284
control_cut,14.400,0.023620,0.023620,0.952759
control_cut,14.450,0.023385,0.023385,0.953229
control_cut,14.500,0.023153,0.023153,0.953694
control_cut,14.550,0.022922,0.022922,0.954155
control_cut,14.600,0.022694,0.022694,0.954611
control_cut,14.650,0.022469,0.022469,0.955063
control_cut,14.700,0.022245,0.022245,0.955510
control_cut,14.750,0.022024,0.022024,0.955953
control_cut,14.800,0.021804,0.021804,0.956391
control_cut,14.850,0.021588,0.021588,0.956825
control_cut,14.900,0.021373,0.021373,0.957255
control_cut,14.950,0.021160,0.021160,0.957680
control_cut,15.000,0.020950,0.020950,0.958101
control_cut,15.050,0.020741,0.020741,0.958518
control_cut,15.100,0.020535,0.020535,0.958931
control_cut,15.150,0.020330,0.020330,0.959339
control_cut,15.200,0.020128,0.020128,0.959744
control_cut,15.250,0.019928,0.019928,0.960144
control_cut,15.300,0.019729,0.019729,0.960541
control_cut,15.350,0.019533,0.019533,0.960934
control_cut,15.400,0.019339,0.019339,0.961322
control_cut,15.450,0.019146,0.019146,0.961707
control_cut,15.500,0.018956,0.018956,0.962088
control_cut,15.550,0.018767,0.018767,0.962465
control_cut,15.600,0.018581,0.018581,0.962839
control_cut,15.650,0.018396,0.018396,0.963209
control_cut,15.700,0.018213,0.018213,0.963575
control_cut,15.750,0.018031,0.018031,0.963937
control_cut,15.800,0.017852,0.017852,0.964296
control_cut,15.850,0.017674,0.017674,0.964651
control_cut,15.900,0.017498,0.017498,0.965003
control_cut,15.950,0.017324,0.017324,0.965351
control_cut,16.000,0.017152,0.017152,0.965696
control_cut,16.050,0.016981,0.016981,0.966037
control_cut,16.100,0.016812,0.016812,0.966375
control_cut,16.150,0.016645,0.016645,0.966710
control_cut,16.200,0.016479,0.016479,0.967041
control_cut,16.250,0.016315,0.016315,0.967369
control_cut,16.300,0.016153,0.016153,0.967694
control_cut,16.350,0.015992,0.015992,0.968015
control_cut,16.400,0.015833,0.015833,0.968333
control_cut,16.450,0.015676,0.015676,0.968649
control_cut,16.500,0.015520,0.015520,0.968960
control_cut,16.550,0.015365,0.015365,0.969269
control_cut,16.600,0.015212,0.015212,0.969575
control_cut,16.650,0.015061,0.015061,0.969878
control_cut,16.700,0.014911,0.014911,0.970178
control_cut,16.750,0.014763,0.014763,0.970474
control_cut,16.800,0.014616,0.014616,0.970768
control_cut,16.850,0.014471,0.014471,0.971059
control_cut,16.900,0.014327,0.014327,0.971347
control_cut,16.950,0.014184,0.014184,0.971632
control_cut,17.000,0.014043,0.014043,0.971914
control_cut,17.050,0.013903,0.013903,0.972194
control_cut,17.100,0.013765,0.013765,0.972470
control_cut,17.150,0.013628,0.013628,0.972744
control_cut,17.200,0.013492,0.013492,0.973016
control_cut,17.250,0.013358,0.013358,0.973284
control_cut,17.300,0.013225,0.013225,0.973550
control_cut,17.350,0.013093,0.013093,0.973813
control_cut,17.400,0.012963,0.012963,0.974074
control_cut,17.450,0.012834,0.012834,0.974332
control_cut,17.500,0.012707,0.012707,0.974587
control_cut,17.550,0.012580,0.012580,0.974840
control_cut,17.600,0.012455,0.012455,0.975090
control_cut,17.650,0.012331,0.012331,0.975338
control_cut,17.700,0.012208,0.012208,0.975583
control_cut,17.750,0.012087,0.012087,0.975826
control_cut,17.800,0.011967,0.011967,0.976067
control_cut,17.850,0.011847,0.011847,0.976305
control_cut,17.900,0.011730,0.011730,0.976541
control_cut,17.950,0.011613,0.011613,0.976774
control_cut,18.000,0.011497,0.011497,0.977005
control_cut,18.050,0.011383,0.011383,0.977234
control_cut,18.100,0.011270,0.011270,0.977461
control_cut,18.150,0.011158,0.011158,0.977685
control_cut,18.200,0.011047,0.011047,0.977907
control_cut,18.250,0.010937,0.010937,0.978127
control_cut,18.300,0.010828,0.010828,0.978344
control_cut,18.350,0.010720,0.010720,0.978560
control_cut,18.400,0.010613,0.010613,0.978773
control_cut,18.450,0.010508,0.010508,0.978984
control_cut,18.500,0.010403,0.010403,0.979194
control_cut,18.550,0.010300,0.010300,0.979401
control_cut,18.600,0.010197,0.010197,0.979606
control_cut,18.650,0.010096,0.010096,0.979808
control_cut,18.700,0.009995,0.009995,0.980009
control_cut,18.750,0.009896,0.009896,0.980208
control_cut,18.800,0.009797,0.009797,0.980405
control_cut,18.850,0.009700,0.009700,0.980600
control_cut,18.900,0.009603,0.009603,0.980793
control_cut,18.950,0.009508,0.009508,0.980984
control_cut,19.000,0.009413,0.009413,0.981174
control_cut,19.050,0.009320,0.009320,0.981361
control_cut,19.100,0.009227,0.009227,0.981546
control_cut,19.150,0.009135,0.009135,0.981730
control_cut,19.200,0.009044,0.009044,0.981912
control_cut,19.250,0.008954,0.008954,0.982092
control_cut,19.300,0.008865,0.008865,0.982270
control_cut,19.350,0.008777,0.008777,0.982446
control_cut,19.400,0.008689,0.008689,0.982621
control_cut,19.450,0.008603,0.008603,0.982794
control_cut,19.500,0.008517,0.008517,0.982965
control_cut,19.550,0.008433,0.008433,0.983135
control_cut,19.600,0.008349,0.008349,0.983302
control_cut,19.650,0.008266,0.008266,0.983469
control_cut,19.700,0.008183,0.008183,0.983633
control_cut,19.750,0.008102,0.008102,0.983796
control_cut,19.800,0.008021,0.008021,0.983957
control_cut,19.850,0.007942,0.007942,0.984117
control_cut,19.900,0.007863,0.007863,0.984275
control_cut,19.950,0.007784,0.007784,0.984431
control_cut,20.000,0.007707,0.007707,0.984586
control_cut,20.050,0.007630,0.007630,0.984740
control_cut,20.100,0.007554,0.007554,0.984891
control_cut,20.150,0.007479,0.007479,0.985042
control_cut,20.200,0.007405,0.007405,0.985191
control_cut,20.250,0.007331,0.007331,0.985338
control_cut,20.300,0.007258,0.007258,0.985484
control_cut,20.350,0.007186,0.007186,0.985628
control_cut,20.400,0.007114,0.007114,0.985771
control_cut,20.450,0.007044,0.007044,0.985913
control_cut,20.500,0.006973,0.006973,0.986053
control_cut,20.550,0.006904,0.006904,0.986192
control_cut,20.600,0.006835,0.006835,0.986329
control_cut,20.650,0.006767,0.006767,0.986465
control_cut,20.700,0.006700,0.006700,0.986600
control_cut,20.750,0.006633,0.006633,0.986733
control_cut,20.800,0.006567,0.006567,0.986865
control_cut,20.850,0.006502,0.006502,0.986996
control_cut,20.900,0.006437,0.006437,0.987125
control_cut,20.950,0.006373,0.006373,0.987253
control_cut,21.000,0.006310,0.006310,0.987380
control_cut,21.050,0.006247,0.006247,0.987506
control_cut,21.100,0.006185,0.006185,0.987630
control_cut,21.150,0.006123,0.006123,0.987753
control_cut,21.200,0.006062,0.006062,0.987875
control_cut,21.250,0.006002,0.006002,0.987996
control_cut,21.300,0.005942,0.005942,0.988115
control_cut,21.350,0.005883,0.005883,0.988233
control_cut,21.400,0.005825,0.005825,0.988351
control_cut,21.450,0.005767,0.005767,0.988466
control_cut,21.500,0.005709,0.005709,0.988581
control_cut,21.550,0.005653,0.005653,0.988695
control_cut,21.600,0.005596,0.005596,0.988807
control_cut,21.650,0.005541,0.005541,0.988919
control_cut,21.700,0.005486,0.005486,0.989029
control_cut,21.750,0.005431,0.005431,0.989138
control_cut,21.800,0.005377,0.005377,0.989246
control_cut,21.850,0.005323,0.005323,0.989353
control_cut,21.900,0.005270,0.005270,0.989459
control_cut,21.950,0.005218,0.005218,0.989564
control_cut,22.000,0.005166,0.005166,0.989668
control_cut,22.050,0.005115,0.005115,0.989771
control_cut,22.100,0.005064,0.005064,0.989872
control_cut,22.150,0.005013,0.005013,0.989973
control_cut,22.200,0.004964,0.004964,0.990073
control_cut,22.250,0.004914,0.004914,0.990172
control_cut,22.300,0.004865,0.004865,0.990270
control_cut,22.350,0.004817,0.004817,0.990366
control_cut,22.400,0.004769,0.004769,0.990462
control_cut,22.450,0.004721,0.004721,0.990557
control_cut,22.500,0.004674,0.004674,0.990651
control_cut,22.550,0.004628,0.004628,0.990744
control_cut,22.600,0.004582,0.004582,0.990836
control_cut,22.650,0.004536,0.004536,0.990927
control_cut,22.700,0.004491,0.004491,0.991018
control_cut,22.750,0.004446,0.004446,0.991107
control_cut,22.800,0.004402,0.004402,0.991196
control_cut,22.850,0.004358,0.004358,0.991283
control_cut,22.900,0.004315,0.004315,0.991370
control_cut,22.950,0.004272,0.004272,0.991456
control_cut,23.000,0.004230,0.004230,0.991541
control_cut,23.050,0.004188,0.004188,0.991625
control_cut,23.100,0.004146,0.004146,0.991708
control_cut,23.150,0.004105,0.004105,0.991791
control_cut,23.200,0.004064,0.004064,0.991872
control_cut,23.250,0.004023,0.004023,0.991953
control_cut,23.300,0.003983,0.003983,0.992033
control_cut,23.350,0.003944,0.003944,0.992113
control_cut,23.400,0.003904,0.003904,0.992191
control_cut,23.450,0.003866,0.003866,0.992269
control_cut,23.500,0.003827,0.003827,0.992346
control_cut,23.550,0.003789,0.003789,0.992422
control_cut,23.600,0.003751,0.003751,0.992497
control_cut,23.650,0.003714,0.003714,0.992572
control_cut,23.700,0.003677,0.003677,0.992646
control_cut,23.750,0.003640,0.003640,0.992719
control_cut,23.800,0.003604,0.003604,0.992791
control_cut,23.850,0.003568,0.003568,0.992863
control_cut,23.900,0.003533,0.003533,0.992934
control_cut,23.950,0.003498,0.003498,0.993005
control_cut,24.000,0.003463,0.003463,0.993074
control_cut,24.050,0.003428,0.003428,0.993143
control_cut,24.100,0.003394,0.003394,0.993211
control_cut,24.150,0.003361,0.003361,0.993279
control_cut,24.200,0.003327,0.003327,0.993346
control_cut,24.250,0.003294,0.003294,0.993412
control_cut,24.300,0.003261,0.003261,0.993477
control_cut,24.350,0.003229,0.003229,0.993542
control_cut,24.400,0.003197,0.003197,0.993607
control_cut,24.450,0.003165,0.003165,0.993670
control_cut,24.500,0.003133,0.003133,0.993733
control_cut,24.550,0.003102,0.003102,0.993796
control_cut,24.600,0.003071,0.003071,0.993857
control_cut,24.650,0.003041,0.003041,0.993918
control_cut,24.700,0.003011,0.003011,0.993979
control_cut,24.750,0.002981,0.002981,0.994039
control_cut,24.800,0.002951,0.002951,0.994098
control_cut,24.850,0.002922,0.002922,0.994157
control_cut,24.900,0.002892,0.002892,0.994215
control_cut,24.950,0.002864,0.002864,0.994273
control_cut,25.000,0.002835,0.002835,0.994330
control_cut,25.050,0.002807,0.002807,0.994386
control_cut,25.100,0.002779,0.002779,0.994442
control_cut,25.150,0.002751,0.002751,0.994497
control_cut,25.200,0.002724,0.002724,0.994552
control_cut,25.250,0.002697,0.002697,0.994606
control_cut,25.300,0.002670,0.002670,0.994660
control_cut,25.350,0.002644,0.002644,0.994713
control_cut,25.400,0.002617,0.002617,0.994766
control_cut,25.450,0.002591,0.002591,0.994818
control_cut,25.500,0.002565,0.002565,0.994869
control_cut,25.550,0.002540,0.002540,0.994920
control_cut,25.600,0.002515,0.002515,0.994971
control_cut,25.650,0.002490,0.002490,0.995021
control_cut,25.700,0.002465,0.002465,0.995070
control_cut,25.750,0.002440,0.002440,0.995119
control_cut,25.800,0.002416,0.002416,0.995168
control_cut,25.850,0.002392,0.002392,0.995216
control_cut,25.900,0.002368,0.002368,0.995264
control_cut,25.950,0.002345,0.002345,0.995311
control_cut,26.000,0.002321,0.002321,0.995357
control_cut,26.050,0.002298,0.002298,0.995404
control_cut,26.100,0.002275,0.002275,0.995449
control_cut,26.150,0.002253,0.002253,0.995495
control_cut,26.200,0.002230,0.002230,0.995539
control_cut,26.250,0.002208,0.002208,0.995584
control_cut,26.300,0.002186,0.002186,0.995628
control_cut,26.350,0.002164,0.002164,0.995671
control_cut,26.400,0.002143,0.002143,0.995714
control_cut,26.450,0.002121,0.002121,0.995757
control_cut,26.500,0.002100,0.002100,0.995799
control_cut,26.550,0.002079,0.002079,0.995841
control_cut,26.600,0.002059,0.002059,0.995882
control_cut,26.650,0.002038,0.002038,0.995923
control_cut,26.700,0.002018,0.002018,0.995964
control_cut,26.750,0.001998,0.001998,0.996004
control_cut,26.800,0.001978,0.001978,0.996044
control_cut,26.850,0.001958,0.001958,0.996083
control_cut,26.900,0.001939,0.001939,0.996122
control_cut,26.950,0.001920,0.001920,0.996161
control_cut,27.000,0.001900,0.001900,0.996199
control_cut,27.050,0.001882,0.001882,0.996237
control_cut,27.100,0.001863,0.001863,0.996274
control_cut,27.150,0.001844,0.001844,0.996311
control_cut,27.200,0.001826,0.001826,0.996348
control_cut,27.250,0.001808,0.001808,0.996384
control_cut,27.300,0.001790,0.001790,0.996420
control_cut,27.350,0.001772,0.001772,0.996456
control_cut,27.400,0.001754,0.001754,0.996491
control_cut,27.450,0.001737,0.001737,0.996526
control_cut,27.500,0.001720,0.001720,0.996561
control_cut,27.550,0.001703,0.001703,0.996595
control_cut,27.600,0.001686,0.001686,0.996629
control_cut,27.650,0.001669,0.001669,0.996662
control_cut,27.700,0.001652,0.001652,0.996696
control_cut,27.750,0.001636,0.001636,0.996728
control_cut,27.800,0.001619,0.001619,0.996761
control_cut,27.850,0.001603,0.001603,0.996793
control_cut,27.900,0.001587,0.001587,0.996825
control_cut,27.950,0.001572,0.001572,0.996857
control_cut,28.000,0.001556,0.001556,0.996888
control_cut,28.050,0.001541,0.001541,0.996919
control_cut,28.100,0.001525,0.001525,0.996950
control_cut,28.150,0.001510,0.001510,0.996980
control_cut,28.200,0.001495,0.001495,0.997010
control_cut,28.250,0.001480,0.001480,0.997040
control_cut,28.300,0.001465,0.001465,0.997069
control_cut,28.350,0.001451,0.001451,0.997098
control_cut,28.400,0.001436,0.001436,0.997127
control_cut,28.450,0.001422,0.001422,0.997156
control_cut,28.500,0.001408,0.001408,0.997184
control_cut,28.550,0.001394,0.001394,0.997212
control_cut,28.600,0.001380,0.001380,0.997240
control_cut,28.650,0.001366,0.001366,0.997267
control_cut,28.700,0.001353,0.001353,0.997295
control_cut,28.750,0.001339,0.001339,0.997321
control_cut,28.800,0.001326,0.001326,0.997348
control_cut,28.850,0.001313,0.001313,0.997375
control_cut,28.900,0.001300,0.001300,0.997401
control_cut,28.950,0.001287,0.001287,0.997427
control_cut,29.000,0.001274,0.001274,0.997452
control_cut,29.050,0.001261,0.001261,0.997477
control_cut,29.100,0.001249,0.001249,0.997503
control_cut,29.150,0.001236,0.001236,0.997527
control_cut,29.200,0.001224,0.001224,0.997552
control_cut,29.250,0.001212,0.001212,0.997576
control_cut,29.300,0.001200,0.001200,0.997600
control_cut,29.350,0.001188,0.001188,0.997624
control_cut,29.400,0.001176,0.001176,0.997648
control_cut,29.450,0.001164,0.001164,0.997671
control_cut,29.500,0.001153,0.001153,0.997695
control_cut,29.550,0.001141,0.001141,0.997718
control_cut,29.600,0.001130,0.001130,0.997740
control_cut,29.650,0.001119,0.001119,0.997763
control_cut,29.700,0.001108,0.001108,0.997785
control_cut,29.750,0.001096,0.001096,0.997807
control_cut,29.800,0.001086,0.001086,0.997829
control_cut,29.850,0.001075,0.001075,0.997850
control_cut,29.900,0.001064,0.001064,0.997872
control_cut,29.950,0.001053,0.001053,0.997893
control_cut,30.000,0.001043,0.001043,0.997914
control_cut,30.050,0.001033,0.001033,0.997935
control_cut,30.100,0.001022,0.001022,0.997955
control_cut,30.150,0.001012,0.001012,0.997976
control_cut,30.200,0.001002,0.001002,0.997996
control_cut,30.250,0.000992,0.000992,0.998016
control_cut,30.300,0.000982,0.000982,0.998035
control_cut,30.350,0.000973,0.000973,0.998055
control_cut,30.400,0.000963,0.000963,0.998074
control_cut,30.450,0.000953,0.000953,0.998094
control_cut,30.500,0.000944,0.000944,0.998112
control_cut,30.550,0.000934,0.000934,0.998131
control_cut,30.600,0.000925,0.000925,0.998150
control_cut,30.650,0.000916,0.000916,0.998168
control_cut,30.700,0.000907,0.000907,0.998186
control_cut,30.750,0.000898,0.000898,0.998205
control_cut,30.800,0.000889,0.000889,0.998222
control_cut,30.850,0.000880,0.000880,0.998240
control_cut,30.900,0.000871,0.000871,0.998258
control_cut,30.950,0.000863,0.000863,0.998275
control_cut,31.000,0.000854,0.000854,0.998292
control_cut,31.050,0.000845,0.000845,0.998309
control_cut,31.100,0.000837,0.000837,0.998326
control_cut,31.150,0.000829,0.000829,0.998343
control_cut,31.200,0.000820,0.000820,0.998359
control_cut,31.250,0.000812,0.000812,0.998375
control_cut,31.300,0.000804,0.000804,0.998392
control_cut,31.350,0.000796,0.000796,0.998408
control_cut,31.400,0.000788,0.000788,0.998423
control_cut,31.450,0.000780,0.000780,0.998439
control_cut,31.500,0.000773,0.000773,0.998455
control_cut,31.550,0.000765,0.000765,0.998470
control_cut,31.600,0.000757,0.000757,0.998485
control_cut,31.650,0.000750,0.000750,0.998500
control_cut,31.700,0.000742,0.000742,0.998515
control_cut,31.750,0.000735,0.000735,0.998530
control_cut,31.800,0.000728,0.000728,0.998545
control_cut,31.850,0.000720,0.000720,0.998559
control_cut,31.900,0.000713,0.000713,0.998573
control_cut,31.950,0.000706,0.000706,0.998588
control_cut,32.000,0.000699,0.000699,0.998602
control_cut,32.050,0.000692,0.000692,0.998616
control_cut,32.100,0.000685,0.000685,0.998629
control_cut,32.150,0.000678,0.000678,0.998643
control_cut,32.200,0.000672,0.000672,0.998657
control_cut,32.250,0.000665,0.000665,0.998670
control_cut,32.300,0.000658,0.000658,0.998683
control_cut,32.350,0.000652,0.000652,0.998696
control_cut,32.400,0.000645,0.000645,0.998709
control_cut,32.450,0.000639,0.000639,0.998722
control_cut,32.500,0.000633,0.000633,0.998735
control_cut,32.550,0.000626,0.000626,0.998747
control_cut,32.600,0.000620,0.000620,0.998760
control_cut,32.650,0.000614,0.000614,0.998772
control_cut,32.700,0.000608,0.000608,0.998784
control_cut,32.750,0.000602,0.000602,0.998796
control_cut,32.800,0.000596,0.000596,0.998808
control_cut,32.850,0.000590,0.000590,0.998820
control_cut,32.900,0.000584,0.000584,0.998832
control_cut,32.950,0.000578,0.000578,0.998844
control_cut,33.000,0.000572,0.000572,0.998855
control_cut,33.050,0.000567,0.000567,0.998867
control_cut,33.100,0.000561,0.000561,0.998878
control_cut,33.150,0.000556,0.000556,0.998889
control_cut,33.200,0.000550,0.000550,0.998900
control_cut,33.250,0.000545,0.000545,0.998911
control_cut,33.300,0.000539,0.000539,0.998922
control_cut,33.350,0.000534,0.000534,0.998933
control_cut,33.400,0.000528,0.000528,0.998943
control_cut,33.450,0.000523,0.000523,0.998954
control_cut,33.500,0.000518,0.000518,0.998964
control_cut,33.550,0.000513,0.000513,0.998974
control_cut,33.600,0.000508,0.000508,0.998985
control_cut,33.650,0.000503,0.000503,0.998995
control_cut,33.700,0.000498,0.000498,0.999005
control_cut,33.750,0.000493,0.000493,0.999015
control_cut,33.800,0.000488,0.000488,0.999024
control_cut,33.850,0.000483,0.000483,0.999034
control_cut,33.900,0.000478,0.000478,0.999044
control_cut,33.950,0.000473,0.000473,0.999053
control_cut,34.000,0.000469,0.000469,0.999063
control_cut,34.050,0.000464,0.000464,0.999072
control_cut,34.100,0.000459,0.000459,0.999081
control_cut,34.150,0.000455,0.000455,0.999090
control_cut,34.200,0.000450,0.000450,0.999099
control_cut,34.250,0.000446,0.000446,0.999108
control_cut,34.300,0.000441,0.000441,0.999117
control_cut,34.350,0.000437,0.000437,0.999126
control_cut,34.400,0.000433,0.000433,0.999135
control_cut,34.450,0.000428,0.000428,0.999143
control_cut,34.500,0.000424,0.000424,0.999152
control_cut,34.550,0.000420,0.000420,0.999160
control_cut,34.600,0.000416,0.000416,0.999169
control_cut,34.650,0.000412,0.000412,0.999177
control_cut,34.700,0.000407,0.000407,0.999185
control_cut,34.750,0.000403,0.000403,0.999193
control_cut,34.800,0.000399,0.000399,0.999201
control_cut,34.850,0.000395,0.000395,0.999209
control_cut,34.900,0.000391,0.000391,0.999217
control_cut,34.950,0.000388,0.000388,0.999225
control_cut,35.000,0.000384,0.000384,0.999233
control_cut,35.050,0.000380,0.000380,0.999240
control_cut,35.100,0.000376,0.000376,0.999248
control_cut,35.150,0.000372,0.000372,0.999255
control_cut,35.200,0.000369,0.000369,0.999263
control_cut,35.250,0.000365,0.000365,0.999270
control_cut,35.300,0.000361,0.000361,0.999277
control_cut,35.350,0.000358,0.000358,0.999284
control_cut,35.400,0.000354,0.000354,0.999292
control_cut,35.450,0.000351,0.000351,0.999299
control_cut,35.500,0.000347,0.000347,0.999306
control_cut,35.550,0.000344,0.000344,0.999313
control_cut,35.600,0.000340,0.000340,0.999319
control_cut,35.650,0.000337,0.000337,0.999326
control_cut,35.700,0.000334,0.000334,0.999333
control_cut,35.750,0.000330,0.000330,0.999339
control_cut,35.800,0.000327,0.000327,0.999346
control_cut,35.850,0.000324,0.000324,0.999353
control_cut,35.900,0.000320,0.000320,0.999359
control_cut,35.950,0.000317,0.000317,0.999365
control_cut,36.000,0.000314,0.000314,0.999372
control_cut,36.050,0.000311,0.000311,0.999378
control_cut,36.100,0.000308,0.000308,0.999384
control_cut,36.150,0.000305,0.000305,0.999390
control_cut,36.200,0.000302,0.000302,0.999396
control_cut,36.250,0.000299,0.000299,0.999402
control_cut,36.300,0.000296,0.000296,0.999408
control_cut,36.350,0.000293,0.000293,0.999414
control_cut,36.400,0.000290,0.000290,0.999420
control_cut,36.450,0.000287,0.000287,0.999426
control_cut,36.500,0.000284,0.000284,0.999431
control_cut,36.550,0.000281,0.000281,0.999437
control_cut,36.600,0.000279,0.000279,0.999443
control_cut,36.650,0.000276,0.000276,0.999448
control_cut,36.700,0.000273,0.000273,0.999454
control_cut,36.750,0.000270,0.000270,0.999459
control_cut,36.800,0.000268,0.000268,0.999465
control_cut,36.850,0.000265,0.000265,0.999470
control_cut,36.900,0.000262,0.000262,0.999475
control_cut,36.950,0.000260,0.000260,0.999480
control_cut,37.000,0.000257,0.000257,0.999486
control_cut,37.050,0.000255,0.000255,0.999491
control_cut,37.100,0.000252,0.000252,0.999496
control_cut,37.150,0.000250,0.000250,0.999501
control_cut,37.200,0.000247,0.000247,0.999506
control_cut,37.250,0.000245,0.000245,0.999511
control_cut,37.300,0.000242,0.000242,0.999516
control_cut,37.350,0.000240,0.000240,0.999520
control_cut,37.400,0.000237,0.000237,0.999525
control_cut,37.450,0.000235,0.000235,0.999530
control_cut,37.500,0.000233,0.000233,0.999535
control_cut,37.550,0.000230,0.000230,0.999539
control_cut,37.600,0.000228,0.000228,0.999544
control_cut,37.650,0.000226,0.000226,0.999548
control_cut,37.700,0.000224,0.000224,0.999553
control_cut,37.750,0.000221,0.000221,0.999557
control_cut,37.800,0.000219,0.000219,0.999562
control_cut,37.850,0.000217,0.000217,0.999566
control_cut,37.900,0.000215,0.000215,0.999570
control_cut,37.950,0.000213,0.000213,0.999575
control_cut,38.000,0.000211,0.000211,0.999579
control_cut,38.050,0.000208,0.000208,0.999583
control_cut,38.100,0.000206,0.000206,0.999587
control_cut,38.150,0.000204,0.000204,0.999591
control_cut,38.200,0.000202,0.000202,0.999595
control_cut,38.250,0.000200,0.000200,0.999599
control_cut,38.300,0.000198,0.000198,0.999603
control_cut,38.350,0.000196,0.000196,0.999607
control_cut,38.400,0.000194,0.000194,0.999611
control_cut,38.450,0.000192,0.000192,0.999615
control_cut,38.500,0.000191,0.000191,0.999619
control_cut,38.550,0.000189,0.000189,0.999623
control_cut,38.600,0.000187,0.000187,0.999626
control_cut,38.650,0.000185,0.000185,0.999630
control_cut,38.700,0.000183,0.000183,0.999634
control_cut,38.750,0.000181,0.000181,0.999638
control_cut,38.800,0.000179,0.000179,0.999641
control_cut,38.850,0.000178,0.000178,0.999645
control_cut,38.900,0.000176,0.000176,0.999648
control_cut,38.950,0.000174,0.000174,0.999652
control_cut,39.000,0.000172,0.000172,0.999655
control_cut,39.050,0.000171,0.000171,0.999659
control_cut,39.100,0.000169,0.000169,0.999662
control_cut,39.150,0.000167,0.000167,0.999665
control_cut,39.200,0.000166,0.000166,0.999669
control_cut,39.250,0.000164,0.000164,0.999672
control_cut,39.300,0.000162,0.000162,0.999675
control_cut,39.350,0.000161,0.000161,0.999678
control_cut,39.400,0.000159,0.000159,0.999682
control_cut,39.450,0.000158,0.000158,0.999685
control_cut,39.500,0.000156,0.000156,0.999688
control_cut,39.550,0.000154,0.000154,0.999691
control_cut,39.600,0.000153,0.000153,0.999694
control_cut,39.650,0.000151,0.000151,0.999697
control_cut,39.700,0.000150,0.000150,0.999700
control_cut,39.750,0.000148,0.000148,0.999703
control_cut,39.800,0.000147,0.000147,0.999706
control_cut,39.850,0.000145,0.000145,0.999709
control_cut,39.900,0.000144,0.000144,0.999712
control_cut,39.950,0.000143,0.000143,0.999715
control_cut,40.000,0.000141,0.000141,0.999718
control_cut,40.050,0.000140,0.000140,0.999720
control_cut,40.100,0.000138,0.000138,0.999723
control_cut,40.150,0.000137,0.000137,0.999726
control_cut,40.200,0.000136,0.000136,0.999729
control_cut,40.250,0.000134,0.000134,0.999731
control_cut,40.300,0.000133,0.000133,0.999734
control_cut,40.350,0.000132,0.000132,0.999737
control_cut,40.400,0.000130,0.000130,0.999739
control_cut,40.450,0.000129,0.000129,0.999742
control_cut,40.500,0.000128,0.000128,0.999745
control_cut,40.550,0.000126,0.000126,0.999747
control_cut,40.600,0.000125,0.000125,0.999750
control_cut,40.650,0.000124,0.000124,0.999752
control_cut,40.700,0.000123,0.000123,0.999755
control_cut,40.750,0.000121,0.000121,0.999757
control_cut,40.800,0.000120,0.000120,0.999759
control_cut,40.850,0.000119,0.000119,0.999762
control_cut,40.900,0.000118,0.000118,0.999764
control_cut,40.950,0.000117,0.000117,0.999767
control_cut,41.000,0.000116,0.000116,0.999769
control_cut,41.050,0.000114,0.000114,0.999771
control_cut,41.100,0.000113,0.000113,0.999773
control_cut,41.150,0.000112,0.000112,0.999776
control_cut,41.200,0.000111,0.000111,0.999778
control_cut,41.250,0.000110,0.000110,0.999780
control_cut,41.300,0.000109,0.000109,0.999782
control_cut,41.350,0.000108,0.000108,0.999784
control_cut,41.400,0.000107,0.000107,0.999787
control_cut,41.450,0.000106,0.000106,0.999789
control_cut,41.500,0.000105,0.000105,0.999791
control_cut,41.550,0.000104,0.000104,0.999793
control_cut,41.600,0.000103,0.000103,0.999795
control_cut,41.650,0.000101,0.000101,0.999797
control_cut,41.700,0.000100,0.000100,0.999799
control_cut,41.750,0.000099,0.000099,0.999801
control_cut,41.800,0.000098,0.000098,0.999803
control_cut,41.850,0.000098,0.000098,0.999805
control_cut,41.900,0.000097,0.000097,0.999807
control_cut,41.950,0.000096,0.000096,0.999809
control_cut,42.000,0.000095,0.000095,0.999811
control_cut,42.050,0.000094,0.000094,0.999813
control_cut,42.100,0.000093,0.000093,0.999815
control_cut,42.150,0.000092,0.000092,0.999816
control_cut,42.200,0.000091,0.000091,0.999818
control_cut,42.250,0.000090,0.000090,0.999820
control_cut,42.300,0.000089,0.000089,0.999822
control_cut,42.350,0.000088,0.000088,0.999824
control_cut,42.400,0.000087,0.000087,0.999825
control_cut,42.450,0.000086,0.000086,0.999827
control_cut,42.500,0.000086,0.000086,0.999829
control_cut,42.550,0.000085,0.000085,0.999830
control_cut,42.600,0.000084,0.000084,0.999832
control_cut,42.650,0.000083,0.000083,0.999834
control_cut,42.700,0.000082,0.000082,0.999835
control_cut,42.750,0.000081,0.000081,0.999837
control_cut,42.800,0.000081,0.000081,0.999839
control_cut,42.850,0.000080,0.000080,0.999840
control_cut,42.900,0.000079,0.000079,0.999842
control_cut,42.950,0.000078,0.000078,0.999844
control_cut,43.000,0.000077,0.000077,0.999845
control_cut,43.050,0.000077,0.000077,0.999847
control_cut,43.100,0.000076,0.000076,0.999848
control_cut,43.150,0.000075,0.000075,0.999850
control_cut,43.200,0.000074,0.000074,0.999851
control_cut,43.250,0.000074,0.000074,0.999853
control_cut,43.300,0.000073,0.000073,0.999854
control_cut,43.350,0.000072,0.000072,0.999856
control_cut,43.400,0.000072,0.000072,0.999857
control_cut,43.450,0.000071,0.000071,0.999858
control_cut,43.500,0.000070,0.000070,0.999860
control_cut,43.550,0.000069,0.000069,0.999861
control_cut,43.600,0.000069,0.000069,0.999863
control_cut,43.650,0.000068,0.000068,0.999864
control_cut,43.700,0.000067,0.000067,0.999865
control_cut,43.750,0.000067,0.000067,0.999867
control_cut,43.800,0.000066,0.000066,0.999868
control_cut,43.850,0.000065,0.000065,0.999869
control_cut,43.900,0.000065,0.000065,0.999871
control_cut,43.950,0.000064,0.000064,0.999872
control_cut,44.000,0.000063,0.000063,0.999873
control_cut,44.050,0.000063,0.000063,0.999874
control_cut,44.100,0.000062,0.000062,0.999876
control_cut,44.150,0.000062,0.000062,0.999877
control_cut,44.200,0.000061,0.000061,0.999878
control_cut,44.250,0.000060,0.000060,0.999879
control_cut,44.300,0.000060,0.000060,0.999881
control_cut,44.350,0.000059,0.000059,0.999882
control_cut,44.400,0.000059,0.000059,0.999883
control_cut,44.450,0.000058,0.000058,0.999884
control_cut,44.500,0.000057,0.000057,0.999885
control_cut,44.550,0.000057,0.000057,0.999886
control_cut,44.600,0.000056,0.000056,0.999887
control_cut,44.650,0.000056,0.000056,0.999889
control_cut,44.700,0.000055,0.000055,0.999890
control_cut,44.750,0.000055,0.000055,0.999891
control_cut,44.800,0.000054,0.000054,0.999892
control_cut,44.850,0.000054,0.000054,0.999893
control_cut,44.900,0.000053,0.000053,0.999894
control_cut,44.950,0.000052,0.000052,0.999895
control_cut,45.000,0.000052,0.000052,0.999896
control_cut,45.050,0.000051,0.000051,0.999897
control_cut,45.100,0.000051,0.000051,0.999898
control_cut,45.150,0.000050,0.000050,0.999899
control_cut,45.200,0.000050,0.000050,0.999900
control_cut,45.250,0.000049,0.000049,0.999901
control_cut,45.300,0.000049,0.000049,0.999902
control_cut,45.350,0.000048,0.000048,0.999903
control_cut,45.400,0.000048,0.000048,0.999904
control_cut,45.450,0.000047,0.000047,0.999905
control_cut,45.500,0.000047,0.000047,0.999906
control_cut,45.550,0.000047,0.000047,0.999907
control_cut,45.600,0.000046,0.000046,0.999908
control_cut,45.650,0.000046,0.000046,0.999909
control_cut,45.700,0.000045,0.000045,0.999910
control_cut,45.750,0.000045,0.000045,0.999911
control_cut,45.800,0.000044,0.000044,0.999911
control_cut,45.850,0.000044,0.000044,0.999912
control_cut,45.900,0.000043,0.000043,0.999913
control_cut,45.950,0.000043,0.000043,0.999914
control_cut,46.000,0.000043,0.000043,0.999915
control_cut,46.050,0.000042,0.000042,0.999916
control_cut,46.100,0.000042,0.000042,0.999917
control_cut,46.150,0.000041,0.000041,0.999917
control_cut,46.200,0.000041,0.000041,0.999918
control_cut,46.250,0.000040,0.000040,0.999919
control_cut,46.300,0.000040,0.000040,0.999920
control_cut,46.350,0.000040,0.000040,0.999921
control_cut,46.400,0.000039,0.000039,0.999922
control_cut,46.450,0.000039,0.000039,0.999922
control_cut,46.500,0.000038,0.000038,0.999923
control_cut,46.550,0.000038,0.000038,0.999924
control_cut,46.600,0.000038,0.000038,0.999925
control_cut,46.650,0.000037,0.000037,0.999925
control_cut,46.700,0.000037,0.000037,0.999926
control_cut,46.750,0.000037,0.000037,0.999927
control_cut,46.800,0.000036,0.000036,0.999928
control_cut,46.850,0.000036,0.000036,0.999928
control_cut,46.900,0.000036,0.000036,0.999929
control_cut,46.950,0.000035,0.000035,0.999930
control_cut,47.000,0.000035,0.000035,0.999930
control_cut,47.050,0.000034,0.000034,0.999931
control_cut,47.100,0.000034,0.000034,0.999932
control_cut,47.150,0.000034,0.000034,0.999932
control_cut,47.200,0.000033,0.000033,0.999933
control_cut,47.250,0.000033,0.000033,0.999934
control_cut,47.300,0.000033,0.000033,0.999934
control_cut,47.350,0.000032,0.000032,0.999935
control_cut,47.400,0.000032,0.000032,0.999936
control_cut,47.450,0.000032,0.000032,0.999936
control_cut,47.500,0.000031,0.000031,0.999937
control_cut,47.550,0.000031,0.000031,0.999938
control_cut,47.600,0.000031,0.000031,0.999938
control_cut,47.650,0.000031,0.000031,0.999939
control_cut,47.700,0.000030,0.000030,0.999939
control_cut,47.750,0.000030,0.000030,0.999940
control_cut,47.800,0.000030,0.000030,0.999941
control_cut,47.850,0.000029,0.000029,0.999941
control_cut,47.900,0.000029,0.000029,0.999942
control_cut,47.950,0.000029,0.000029,0.999942
control_cut,48.000,0.000028,0.000028,0.999943
control_cut,48.050,0.000028,0.000028,0.999944
control_cut,48.100,0.000028,0.000028,0.999944
control_cut,48.150,0.000028,0.000028,0.999945
control_cut,48.200,0.000027,0.000027,0.999945
control_cut,48.250,0.000027,0.000027,0.999946
control_cut,48.300,0.000027,0.000027,0.999946
control_cut,48.350,0.000027,0.000027,0.999947
control_cut,48.400,0.000026,0.000026,0.999947
control_cut,48.450,0.000026,0.000026,0.999948
control_cut,48.500,0.000026,0.000026,0.999948
control_cut,48.550,0.000026,0.000026,0.999949
control_cut,48.600,0.000025,0.000025,0.999949
control_cut,48.650,0.000025,0.000025,0.999950
control_cut,48.700,0.000025,0.000025,0.999950
control_cut,48.750,0.000025,0.000025,0.999951
control_cut,48.800,0.000024,0.000024,0.999951
control_cut,48.850,0.000024,0.000024,0.999952
control_cut,48.900,0.000024,0.000024,0.999952
control_cut,48.950,0.000024,0.000024,0.999953
control_cut,49.000,0.000023,0.000023,0.999953
control_cut,49.050,0.000023,0.000023,0.999954
control_cut,49.100,0.000023,0.000023,0.999954
control_cut,49.150,0.000023,0.000023,0.999955
control_cut,49.200,0.000022,0.000022,0.999955
control_cut,49.250,0.000022,0.000022,0.999956
control_cut,49.300,0.000022,0.000022,0.999956
control_cut,49.350,0.000022,0.000022,0.999956
control_cut,49.400,0.000022,0.000022,0.999957
control_cut,49.450,0.000021,0.000021,0.999957
control_cut,49.500,0.000021,0.000021,0.999958
control_cut,49.550,0.000021,0.000021,0.999958
control_cut,49.600,0.000021,0.000021,0.999959
control_cut,49.650,0.000020,0.000020,0.999959
control_cut,49.700,0.000020,0.000020,0.999959
control_cut,49.750,0.000020,0.000020,0.999960
control_cut,49.800,0.000020,0.000020,0.999960
control_cut,49.850,0.000020,0.000020,0.999961
control_cut,49.900,0.000019,0.000019,0.999961
control_cut,49.950,0.000019,0.000019,0.999961
control_cut,50.000,0.000019,0.000019,0.999962
control_cut,50.050,0.000019,0.000019,0.999962
control_cut,50.100,0.000019,0.000019,0.999963
control_cut,50.150,0.000019,0.000019,0.999963
control_cut,50.200,0.000018,0.000018,0.999963
control_cut,50.250,0.000018,0.000018,0.999964
control_cut,50.300,0.000018,0.000018,0.999964
control_cut,50.350,0.000018,0.000018,0.999964
control_cut,50.400,0.000018,0.000018,0.999965
control_cut,50.450,0.000017,0.000017,0.999965
control_cut,50.500,0.000017,0.000017,0.999965
control_cut,50.550,0.000017,0.000017,0.999966
control_cut,50.600,0.000017,0.000017,0.999966
control_cut,50.650,0.000017,0.000017,0.999966
control_cut,50.700,0.000017,0.000017,0.999967
control_cut,50.750,0.000016,0.000016,0.999967
control_cut,50.800,0.000016,0.000016,0.999967
control_cut,50.850,0.000016,0.000016,0.999968
control_cut,50.900,0.000016,0.000016,0.999968
control_cut,50.950,0.000016,0.000016,0.999968
control_cut,51.000,0.000016,0.000016,0.999969
control_cut,51.050,0.000015,0.000015,0.999969
control_cut,51.100,0.000015,0.000015,0.999969
control_cut,51.150,0.000015,0.000015,0.999970
control_cut,51.200,0.000015,0.000015,0.999970
control_cut,51.250,0.000015,0.000015,0.999970
control_cut,51.300,0.000015,0.000015,0.999971
control_cut,51.350,0.000015,0.000015,0.999971
control_cut,51.400,0.000014,0.000014,0.999971
control_cut,51.450,0.000014,0.000014,0.999971
control_cut,51.500,0.000014,0.000014,0.999972
control_cut,51.550,0.000014,0.000014,0.999972
control_cut,51.600,0.000014,0.000014,0.999972
control_cut,51.650,0.000014,0.000014,0.999973
control_cut,51.700,0.000014,0.000014,0.999973
control_cut,51.750,0.000013,0.000013,0.999973
control_cut,51.800,0.000013,0.000013,0.999973
control_cut,51.850,0.000013,0.000013,0.999974
control_cut,51.900,0.000013,0.000013,0.999974
control_cut,51.950,0.000013,0.000013,0.999974
control_cut,52.000,0.000013,0.000013,0.999974
control_cut,52.050,0.000013,0.000013,0.999975
control_cut,52.100,0.000013,0.000013,0.999975
control_cut,52.150,0.000012,0.000012,0.999975
control_cut,52.200,0.000012,0.000012,0.999975
control_cut,52.250,0.000012,0.000012,0.999976
control_cut,52.300,0.000012,0.000012,0.999976
control_cut,52.350,0.000012,0.000012,0.999976
control_cut,52.400,0.000012,0.000012,0.999976
control_cut,52.450,0.000012,0.000012,0.999977
control_cut,52.500,0.000012,0.000012,0.999977
control_cut,52.550,0.000011,0.000011,0.999977
control_cut,52.600,0.000011,0.000011,0.999977
control_cut,52.650,0.000011,0.000011,0.999978
control_cut,52.700,0.000011,0.000011,0.999978
control_cut,52.750,0.000011,0.000011,0.999978
control_cut,52.800,0.000011,0.000011,0.999978
control_cut,52.850,0.000011,0.000011,0.999978
control_cut,52.900,0.000011,0.000011,0.999979
control_cut,52.950,0.000011,0.000011,0.999979
control_cut,53.000,0.000010,0.000010,0.999979
control_cut,53.050,0.000010,0.000010,0.999979
control_cut,53.100,0.000010,0.000010,0.999979
control_cut,53.150,0.000010,0.000010,0.999980
control_cut,53.200,0.000010,0.000010,0.999980
control_cut,53.250,0.000010,0.000010,0.999980
control_cut,53.300,0.000010,0.000010,0.999980
control_cut,53.350,0.000010,0.000010,0.999980
control_cut,53.400,0.000010,0.000010,0.999981
control_cut,53.450,0.000010,0.000010,0.999981
control_cut,53.500,0.000009,0.000009,0.999981
control_cut,53.550,0.000009,0.000009,0.999981
control_cut,53.600,0.000009,0.000009,0.999981
control_cut,53.650,0.000009,0.000009,0.999982
control_cut,53.700,0.000009,0.000009,0.999982
control_cut,53.750,0.000009,0.000009,0.999982
control_cut,53.800,0.000009,0.000009,0.999982
control_cut,53.850,0.000009,0.000009,0.999982
control_cut,53.900,0.000009,0.000009,0.999982
control_cut,53.950,0.000009,0.000009,0.999983
control_cut,54.000,0.000009,0.000009,0.999983
control_cut,54.050,0.000008,0.000008,0.999983
control_cut,54.100,0.000008,0.000008,0.999983
control_cut,54.150,0.000008,0.000008,0.999983
control_cut,54.200,0.000008,0.000008,0.999984
control_cut,54.250,0.000008,0.000008,0.999984
control_cut,54.300,0.000008,0.000008,0.999984
control_cut,54.350,0.000008,0.000008,0.999984
control_cut,54.400,0.000008,0.000008,0.999984
control_cut,54.450,0.000008,0.000008,0.999984
control_cut,54.500,0.000008,0.000008,0.999984
control_cut,54.550,0.000008,0.000008,0.999985
control_cut,54.600,0.000008,0.000008,0.999985
control_cut,54.650,0.000008,0.000008,0.999985
control_cut,54.700,0.000007,0.000007,0.999985
control_cut,54.750,0.000007,0.000007,0.999985
control_cut,54.800,0.000007,0.000007,0.999985
control_cut,54.850,0.000007,0.000007,0.999986
control_cut,54.900,0.000007,0.000007,0.999986
control_cut,54.950,0.000007,0.000007,0.999986
control_cut,55.000,0.000007,0.000007,0.999986
control_cut,55.050,0.000007,0.000007,0.999986
control_cut,55.100,0.000007,0.000007,0.999986
control_cut,55.150,0.000007,0.000007,0.999986
control_cut,55.200,0.000007,0.000007,0.999986
control_cut,55.250,0.000007,0.000007,0.999987
control_cut,55.300,0.000007,0.000007,0.999987
control_cut,55.350,0.000007,0.000007,0.999987
control_cut,55.400,0.000006,0.000006,0.999987
control_cut,55.450,0.000006,0.000006,0.999987
control_cut,55.500,0.000006,0.000006,0.999987
control_cut,55.550,0.000006,0.000006,0.999987
control_cut,55.600,0.000006,0.000006,0.999988
control_cut,55.650,0.000006,0.000006,0.999988
control_cut,55.700,0.000006,0.000006,0.999988
control_cut,55.750,0.000006,0.000006,0.999988
control_cut,55.800,0.000006,0.000006,0.999988
control_cut,55.850,0.000006,0.000006,0.999988
control_cut,55.900,0.000006,0.000006,0.999988
control_cut,55.950,0.000006,0.000006,0.999988
control_cut,56.000,0.000006,0.000006,0.999988
control_cut,56.050,0.000006,0.000006,0.999989
control_cut,56.100,0.000006,0.000006,0.999989
control_cut,56.150,0.000006,0.000006,0.999989
control_cut,56.200,0.000006,0.000006,0.999989
control_cut,56.250,0.000005,0.000005,0.999989
control_cut,56.300,0.000005,0.000005,0.999989
control_cut,56.350,0.000005,0.000005,0.999989
control_cut,56.400,0.000005,0.000005,0.999989
control_cut,56.450,0.000005,0.000005,0.999989
control_cut,56.500,0.000005,0.000005,0.999990
control_cut,56.550,0.000005,0.000005,0.999990
control_cut,56.600,0.000005,0.000005,0.999990
control_cut,56.650,0.000005,0.000005,0.999990
control_cut,56.700,0.000005,0.000005,0.999990
control_cut,56.750,0.000005,0.000005,0.999990
control_cut,56.800,0.000005,0.000005,0.999990
control_cut,56.850,0.000005,0.000005,0.999990
control_cut,56.900,0.000005,0.000005,0.999990
control_cut,56.950,0.000005,0.000005,0.999990
control_cut,57.000,0.000005,0.000005,0.999991
control_cut,57.050,0.000005,0.000005,0.999991
control_cut,57.100,0.000005,0.000005,0.999991
control_cut,57.150,0.000005,0.000005,0.999991
control_cut,57.200,0.000005,0.000005,0.999991
control_cut,57.250,0.000004,0.000004,0.999991
control_cut,57.300,0.000004,0.000004,0.999991
control_cut,57.350,0.000004,0.000004,0.999991
control_cut,57.400,0.000004,0.000004,0.999991
control_cut,57.450,0.000004,0.000004,0.999991
control_cut,57.500,0.000004,0.000004,0.999991
control_cut,57.550,0.000004,0.000004,0.999992
control_cut,57.600,0.000004,0.000004,0.999992
control_cut,57.650,0.000004,0.000004,0.999992
control_cut,57.700,0.000004,0.000004,0.999992
control_cut,57.750,0.000004,0.000004,0.999992
control_cut,57.800,0.000004,0.000004,0.999992
control_cut,57.850,0.000004,0.000004,0.999992
control_cut,57.900,0.000004,0.000004,0.999992
control_cut,57.950,0.000004,0.000004,0.999992
control_cut,58.000,0.000004,0.000004,0.999992
control_cut,58.050,0.000004,0.000004,0.999992
control_cut,58.100,0.000004,0.000004,0.999992
control_cut,58.150,0.000004,0.000004,0.999993
control_cut,58.200,0.000004,0.000004,0.999993
control_cut,58.250,0.000004,0.000004,0.999993
control_cut,58.300,0.000004,0.000004,0.999993
control_cut,58.350,0.000004,0.000004,0.999993
control_cut,58.400,0.000004,0.000004,0.999993
control_cut,58.450,0.000004,0.000004,0.999993
control_cut,58.500,0.000003,0.000003,0.999993
control_cut,58.550,0.000003,0.000003,0.999993
control_cut,58.600,0.000003,0.000003,0.999993
control_cut,58.650,0.000003,0.000003,0.999993
control_cut,58.700,0.000003,0.000003,0.999993
control_cut,58.750,0.000003,0.000003,0.999993
control_cut,58.800,0.000003,0.000003,0.999993
control_cut,58.850,0.000003,0.000003,0.999993
control_cut,58.900,0.000003,0.000003,0.999994
control_cut,58.950,0.000003,0.000003,0.999994
control_cut,59.000,0.000003,0.000003,0.999994
control_cut,59.050,0.000003,0.000003,0.999994
control_cut,59.100,0.000003,0.000003,0.999994
control_cut,59.150,0.000003,0.000003,0.999994
control_cut,59.200,0.000003,0.000003,0.999994
control_cut,59.250,0.000003,0.000003,0.999994
control_cut,59.300,0.000003,0.000003,0.999994
control_cut,59.350,0.000003,0.000003,0.999994
control_cut,59.400,0.000003,0.000003,0.999994
control_cut,59.450,0.000003,0.000003,0.999994
control_cut,59.500,0.000003,0.000003,0.999994
control_cut,59.550,0.000003,0.000003,0.999994
control_cut,59.600,0.000003,0.000003,0.999994
control_cut,59.650,0.000003,0.000003,0.999994
control_cut,59.700,0.000003,0.000003,0.999995
control_cut,59.750,0.000003,0.000003,0.999995
control_cut,59.800,0.000003,0.000003,0.999995
control_cut,59.850,0.000003,0.000003,0.999995
control_cut,59.900,0.000003,0.000003,0.999995
control_cut,59.950,0.000003,0.000003,0.999995
control_cut,60.000,0.000003,0.000003,0.999995
control_cut,60.050,0.000003,0.000003,0.999995
control_cut,60.100,0.000003,0.000003,0.999995
control_cut,60.150,0.000003,0.000003,0.999995
control_cut,60.200,0.000002,0.000002,0.999995
control_cut,60.250,0.000002,0.000002,0.999995
control_cut,60.300,0.000002,0.000002,0.999995
control_cut,60.350,0.000002,0.000002,0.999995
control_cut,60.400,0.000002,0.000002,0.999995
control_cut,60.450,0.000002,0.000002,0.999995
control_cut,60.500,0.000002,0.000002,0.999995
control_cut,60.550,0.000002,0.000002,0.999995
control_cut,60.600,0.000002,0.000002,0.999995
control_cut,60.650,0.000002,0.000002,0.999995
control_cut,60.700,0.000002,0.000002,0.999996
control_cut,60.750,0.000002,0.000002,0.999996
control_cut,60.800,0.000002,0.000002,0.999996
control_cut,60.850,0.000002,0.000002,0.999996
control_cut,60.900,0.000002,0.000002,0.999996
control_cut,60.950,0.000002,0.000002,0.999996
control_cut,61.000,0.000002,0.000002,0.999996
control_cut,61.050,0.000002,0.000002,0.999996
control_cut,61.100,0.000002,0.000002,0.999996
control_cut,61.150,0.000002,0.000002,0.999996
control_cut,61.200,0.000002,0.000002,0.999996
control_cut,61.250,0.000002,0.000002,0.999996
control_cut,61.300,0.000002,0.000002,0.999996
control_cut,61.350,0.000002,0.000002,0.999996
control_cut,61.400,0.000002,0.000002,0.999996
control_cut,61.450,0.000002,0.000002,0.999996
control_cut,61.500,0.000002,0.000002,0.999996
control_cut,61.550,0.000002,0.000002,0.999996
control_cut,61.600,0.000002,0.000002,0.999996
control_cut,61.650,0.000002,0.000002,0.999996
control_cut,61.700,0.000002,0.000002,0.999996
control_cut,61.750,0.000002,0.000002,0.999996
control_cut,61.800,0.000002,0.000002,0.999996
control_cut,61.850,0.000002,0.000002,0.999996
control_cut,61.900,0.000002,0.000002,0.999996
control_cut,61.950,0.000002,0.000002,0.999996
control_cut,62.000,0.000002,0.000002,0.999997
control_cut,62.050,0.000002,0.000002,0.999997
control_cut,62.100,0.000002,0.000002,0.999997
control_cut,62.150,0.000002,0.000002,0.999997
control_cut,62.200,0.000002,0.000002,0.999997
control_cut,62.250,0.000002,0.000002,0.999997
control_cut,62.300,0.000002,0.000002,0.999997
control_cut,62.350,0.000002,0.000002,0.999997
control_cut,62.400,0.000002,0.000002,0.999997
control_cut,62.450,0.000002,0.000002,0.999997
control_cut,62.500,0.000002,0.000002,0.999997
control_cut,62.550,0.000002,0.000002,0.999997
control_cut,62.600,0.000002,0.000002,0.999997
control_cut,62.650,0.000002,0.000002,0.999997
control_cut,62.700,0.000002,0.000002,0.999997
control_cut,62.750,0.000001,0.000001,0.999997
control_cut,62.800,0.000001,0.000001,0.999997
control_cut,62.850,0.000001,0.000001,0.999997
control_cut,62.900,0.000001,0.000001,0.999997
control_cut,62.950,0.000001,0.000001,0.999997
control_cut,63.000,0.000001,0.000001,0.999997
control_cut,63.050,0.000001,0.000001,0.999997
control_cut,63.100,0.000001,0.000001,0.999997
control_cut,63.150,0.000001,0.000001,0.999997
control_cut,63.200,0.000001,0.000001,0.999997
control_cut,63.250,0.000001,0.000001,0.999997
control_cut,63.300,0.000001,0.000001,0.999997
control_cut,63.350,0.000001,0.000001,0.999997
control_cut,63.400,0.000001,0.000001,0.999997
control_cut,63.450,0.000001,0.000001,0.999997
control_cut,63.500,0.000001,0.000001,0.999997
control_cut,63.550,0.000001,0.000001,0.999997
control_cut,63.600,0.000001,0.000001,0.999997
control_cut,63.650,0.000001,0.000001,0.999998
control_cut,63.700,0.000001,0.000001,0.999998
control_cut,63.750,0.000001,0.000001,0.999998
control_cut,63.800,0.000001,0.000001,0.999998
control_cut,63.850,0.000001,0.000001,0.999998
control_cut,63.900,0.000001,0.000001,0.999998
control_cut,63.950,0.000001,0.000001,0.999998
control_cut,64.000,0.000001,0.000001,0.999998
control_cut,64.050,0.000001,0.000001,0.999998
control_cut,64.100,0.000001,0.000001,0.999998
control_cut,64.150,0.000001,0.000001,0.999998
control_cut,64.200,0.000001,0.000001,0.999998
control_cut,64.250,0.000001,0.000001,0.999998
control_cut,64.300,0.000001,0.000001,0.999998
control_cut,64.350,0.000001,0.000001,0.999998
control_cut,64.400,0.000001,0.000001,0.999998
control_cut,64.450,0.000001,0.000001,0.999998
control_cut,64.500,0.000001,0.000001,0.999998
control_cut,64.550,0.000001,0.000001,0.999998
control_cut,64.600,0.000001,0.000001,0.999998
control_cut,64.650,0.000001,0.000001,0.999998
control_cut,64.700,0.000001,0.000001,0.999998
control_cut,64.750,0.000001,0.000001,0.999998
control_cut,64.800,0.000001,0.000001,0.999998
control_cut,64.850,0.000001,0.000001,0.999998
control_cut,64.900,0.000001,0.000001,0.999998
control_cut,64.950,0.000001,0.000001,0.999998
control_cut,65.000,0.000001,0.000001,0.999998
control_cut,65.050,0.000001,0.000001,0.999998
control_cut,65.100,0.000001,0.000001,0.999998
control_cut,65.150,0.000001,0.000001,0.999998
control_cut,65.200,0.000001,0.000001,0.999998
control_cut,65.250,0.000001,0.000001,0.999998
control_cut,65.300,0.000001,0.000001,0.999998
control_cut,65.350,0.000001,0.000001,0.999998
control_cut,65.400,0.000001,0.000001,0.999998
control_cut,65.450,0.000001,0.000001,0.999998
control_cut,65.500,0.000001,0.000001,0.999998
control_cut,65.550,0.000001,0.000001,0.999998
control_cut,65.600,0.000001,0.000001,0.999998
control_cut,65.650,0.000001,0.000001,0.999998
control_cut,65.700,0.000001,0.000001,0.999998
control_cut,65.750,0.000001,0.000001,0.999998
control_cut,65.800,0.000001,0.000001,0.999998
control_cut,65.850,0.000001,0.000001,0.999998
control_cut,65.900,0.000001,0.000001,0.999998
control_cut,65.950,0.000001,0.000001,0.999998
control_cut,66.000,0.000001,0.000001,0.999998
control_cut,66.050,0.000001,0.000001,0.999998
control_cut,66.100,0.000001,0.000001,0.999998
control_cut,66.150,0.000001,0.000001,0.999998
control_cut,66.200,0.000001,0.000001,0.999999
control_cut,66.250,0.000001,0.000001,0.999999
control_cut,66.300,0.000001,0.000001,0.999999
control_cut,66.350,0.000001,0.000001,0.999999
control_cut,66.400,0.000001,0.000001,0.999999
control_cut,66.450,0.000001,0.000001,0.999999
control_cut,66.500,0.000001,0.000001,0.999999
control_cut,66.550,0.000001,0.000001,0.999999
control_cut,66.600,0.000001,0.000001,0.999999
control_cut,66.650,0.000001,0.000001,0.999999
control_cut,66.700,0.000001,0.000001,0.999999
control_cut,66.750,0.000001,0.000001,0.999999
control_cut,66.800,0.000001,0.000001,0.999999
control_cut,66.850,0.000001,0.000001,0.999999
control_cut,66.900,0.000001,0.000001,0.999999
control_cut,66.950,0.000001,0.000001,0.999999
control_cut,67.000,0.000001,0.000001,0.999999
control_cut,67.050,0.000001,0.000001,0.999999
control_cut,67.100,0.000001,0.000001,0.999999
control_cut,67.150,0.000001,0.000001,0.999999
control_cut,67.200,0.000001,0.000001,0.999999
control_cut,67.250,0.000001,0.000001,0.999999
control_cut,67.300,0.000001,0.000001,0.999999
control_cut,67.350,0.000001,0.000001,0.999999
control_cut,67.400,0.000001,0.000001,0.999999
control_cut,67.450,0.000001,0.000001,0.999999
control_cut,67.500,0.000001,0.000001,0.999999
control_cut,67.550,0.000001,0.000001,0.999999
control_cut,67.600,0.000001,0.000001,0.999999
control_cut,67.650,0.000001,0.000001,0.999999
control_cut,67.700,0.000001,0.000001,0.999999
control_cut,67.750,0.000001,0.000001,0.999999
control_cut,67.800,0.000001,0.000001,0.999999
control_cut,67.850,0.000001,0.000001,0.999999
control_cut,67.900,0.000001,0.000001,0.999999
control_cut,67.950,0.000001,0.000001,0.999999
control_cut,68.000,0.000001,0.000001,0.999999
control_cut,68.050,0.000001,0.000001,0.999999
control_cut,68.100,0.000001,0.000001,0.999999
control_cut,68.150,0.000001,0.000001,0.999999
control_cut,68.200,0.000001,0.000001,0.999999
control_cut,68.250,0.000000,0.000000,0.999999
control_cut,68.300,0.000000,0.000000,0.999999
control_cut,68.350,0.000000,0.000000,0.999999
control_cut,68.400,0.000000,0.000000,0.999999
control_cut,68.450,0.000000,0.000000,0.999999
control_cut,68.500,0.000000,0.000000,0.999999
control_cut,68.550,0.000000,0.000000,0.999999
control_cut,68.600,0.000000,0.000000,0.999999
control_cut,68.650,0.000000,0.000000,0.999999
control_cut,68.700,0.000000,0.000000,0.999999
control_cut,68.750,0.000000,0.000000,0.999999
control_cut,68.800,0.000000,0.000000,0.999999
control_cut,68.850,0.000000,0.000000,0.999999
control_cut,68.900,0.000000,0.000000,0.999999
control_cut,68.950,0.000000,0.000000,0.999999
control_cut,69.000,0.000000,0.000000,0.999999
control_cut,69.050,0.000000,0.000000,0.999999
control_cut,69.100,0.000000,0.000000,0.999999
control_cut,69.150,0.000000,0.000000,0.999999
control_cut,69.200,0.000000,0.000000,0.999999
control_cut,69.250,0.000000,0.000000,0.999999
control_cut,69.300,0.000000,0.000000,0.999999
control_cut,69.350,0.000000,0.000000,0.999999
control_cut,69.400,0.000000,0.000000,0.999999
control_cut,69.450,0.000000,0.000000,0.999999
control_cut,69.500,0.000000,0.000000,0.999999
control_cut,69.550,0.000000,0.000000,0.999999
control_cut,69.600,0.000000,0.000000,0.999999
control_cut,69.650,0.000000,0.000000,0.999999
control_cut,69.700,0.000000,0.000000,0.999999
control_cut,69.750,0.000000,0.000000,0.999999
control_cut,69.800,0.000000,0.000000,0.999999
control_cut,69.850,0.000000,0.000000,0.999999
control_cut,69.900,0.000000,0.000000,0.999999
control_cut,69.950,0.000000,0.000000,0.999999
control_cut,70.000,0.000000,0.000000,0.999999
control_cut,70.050,0.000000,0.000000,0.999999
control_cut,70.100,0.000000,0.000000,0.999999
control_cut,70.150,0.000000,0.000000,0.999999
control_cut,70.200,0.000000,0.000000,0.999999
control_cut,70.250,0.000000,0.000000,0.999999
control_cut,70.300,0.000000,0.000000,0.999999
control_cut,70.350,0.000000,0.000000,0.999999
control_cut,70.400,0.000000,0.000000,0.999999
control_cut,70.450,0.000000,0.000000,0.999999
control_cut,70.500,0.000000,0.000000,0.999999
control_cut,70.550,0.000000,0.000000,0.999999
control_cut,70.600,0.000000,0.000000,0.999999
control_cut,70.650,0.000000,0.000000,0.999999
control_cut,70.700,0.000000,0.000000,0.999999
control_cut,70.750,0.000000,0.000000,0.999999
control_cut,70.800,0.000000,0.000000,0.999999
control_cut,70.850,0.000000,0.000000,0.999999
control_cut,70.900,0.000000,0.000000,0.999999
control_cut,70.950,0.000000,0.000000,0.999999
control_cut,71.000,0.000000,0.000000,0.999999
control_cut,71.050,0.000000,0.000000,0.999999
control_cut,71.100,0.000000,0.000000,0.999999
control_cut,71.150,0.000000,0.000000,0.999999
control_cut,71.200,0.000000,0.000000,0.999999
control_cut,71.250,0.000000,0.000000,0.999999
control_cut,71.300,0.000000,0.000000,0.999999
control_cut,71.350,0.000000,0.000000,0.999999
control_cut,71.400,0.000000,0.000000,0.999999
control_cut,71.450,0.000000,0.000000,0.999999
control_cut,71.500,0.000000,0.000000,0.999999
control_cut,71.550,0.000000,0.000000,0.999999
control_cut,71.600,0.000000,0.000000,0.999999
control_cut,71.650,0.000000,0.000000,0.999999
control_cut,71.700,0.000000,0.000000,1.000000
control_cut,71.750,0.000000,0.000000,1.000000
control_cut,71.800,0.000000,0.000000,1.000000
control_cut,71.850,0.000000,0.000000,1.000000
control_cut,71.900,0.000000,0.000000,1.000000
control_cut,71.950,0.000000,0.000000,1.000000
control_cut,72.000,0.000000,0.000000,1.000000
control_cut,72.050,0.000000,0.000000,1.000000
control_cut,72.100,0.000000,0.000000,1.000000
control_cut,72.150,0.000000,0.000000,1.000000
control_cut,72.200,0.000000,0.000000,1.000000
control_cut,72.250,0.000000,0.000000,1.000000
control_cut,72.300,0.000000,0.000000,1.000000
control_cut,72.350,0.000000,0.000000,1.000000
control_cut,72.400,0.000000,0.000000,1.000000
control_cut,72.450,0.000000,0.000000,1.000000
control_cut,72.500,0.000000,0.000000,1.000000
control_cut,72.550,0.000000,0.000000,1.000000
control_cut,72.600,0.000000,0.000000,1.000000
control_cut,72.650,0.000000,0.000000,1.000000
control_cut,72.700,0.000000,0.000000,1.000000
control_cut,72.750,0.000000,0.000000,1.000000
control_cut,72.800,0.000000,0.000000,1.000000
control_cut,72.850,0.000000,0.000000,1.000000
control_cut,72.900,0.000000,0.000000,1.000000
control_cut,72.950,0.000000,0.000000,1.000000
control_cut,73.000,0.000000,0.000000,1.000000
control_cut,73.050,0.000000,0.000000,1.000000
control_cut,73.100,0.000000,0.000000,1.000000
control_cut,73.150,0.000000,0.000000,1.000000
control_cut,73.200,0.000000,0.000000,1.000000
control_cut,73.250,0.000000,0.000000,1.000000
control_cut,73.300,0.000000,0.000000,1.000000
control_cut,73.350,0.000000,0.000000,1.000000
control_cut,73.400,0.000000,0.000000,1.000000
control_cut,73.450,0.000000,0.000000,1.000000
control_cut,73.500,0.000000,0.000000,1.000000
control_cut,73.550,0.000000,0.000000,1.000000
control_cut,73.600,0.000000,0.000000,1.000000
control_cut,73.650,0.000000,0.000000,1.000000
control_cut,73.700,0.000000,0.000000,1.000000
control_cut,73.750,0.000000,0.000000,1.000000
control_cut,73.800,0.000000,0.000000,1.000000
control_cut,73.850,0.000000,0.000000,1.000000
control_cut,73.900,0.000000,0.000000,1.000000
control_cut,73.950,0.000000,0.000000,1.000000
control_cut,74.000,0.000000,0.000000,1.000000
control_cut,74.050,0.000000,0.000000,1.000000
control_cut,74.100,0.000000,0.000000,1.000000
control_cut,74.150,0.000000,0.000000,1.000000
control_cut,74.200,0.000000,0.000000,1.000000
control_cut,74.250,0.000000,0.000000,1.000000
control_cut,74.300,0.000000,0.000000,1.000000
control_cut,74.350,0.000000,0.000000,1.000000
control_cut,74.400,0.000000,0.000000,1.000000
control_cut,74.450,0.000000,0.000000,1.000000
control_cut,74.500,0.000000,0.000000,1.000000
control_cut,74.550,0.000000,0.000000,1.000000
control_cut,74.600,0.000000,0.000000,1.000000
control_cut,74.650,0.000000,0.000000,1.000000
control_cut,74.700,0.000000,0.000000,1.000000
control_cut,74.750,0.000000,0.000000,1.000000
control_cut,74.800,0.000000,0.000000,1.000000
control_cut,74.850,0.000000,0.000000,1.000000
control_cut,74.900,0.000000,0.000000,1.000000
control_cut,74.950,0.000000,0.000000,1.000000
control_cut,75.000,0.000000,0.000000,1.000000
control_cut,75.050,0.000000,0.000000,1.000000
control_cut,75.100,0.000000,0.000000,1.000000
control_cut,75.150,0.000000,0.000000,1.000000
control_cut,75.200,0.000000,0.000000,1.000000
control_cut,75.250,0.000000,0.000000,1.000000
control_cut,75.300,0.000000,0.000000,1.000000
control_cut,75.350,0.000000,0.000000,1.000000
control_cut,75.400,0.000000,0.000000,1.000000
control_cut,75.450,0.000000,0.000000,1.000000
control_cut,75.500,0.000000,0.000000,1.000000
control_cut,75.550,0.000000,0.000000,1.000000
control_cut,75.600,0.000000,0.000000,1.000000
control_cut,75.650,0.000000,0.000000,1.000000
control_cut,75.700,0.000000,0.000000,1.000000
control_cut,75.750,0.000000,0.000000,1.000000
control_cut,75.800,0.000000,0.000000,1.000000
control_cut,75.850,0.000000,0.000000,1.000000
control_cut,75.900,0.000000,0.000000,1.000000
control_cut,75.950,0.000000,0.000000,1.000000
control_cut,76.000,0.000000,0.000000,1.000000
control_cut,76.050,0.000000,0.000000,1.000000
control_cut,76.100,0.000000,0.000000,1.000000
control_cut,76.150,0.000000,0.000000,1.000000
control_cut,76.200,0.000000,0.000000,1.000000
control_cut,76.250,0.000000,0.000000,1.000000
control_cut,76.300,0.000000,0.000000,1.000000
control_cut,76.350,0.000000,0.000000,1.000000
control_cut,76.400,0.000000,0.000000,1.000000
control_cut,76.450,0.000000,0.000000,1.000000
control_cut,76.500,0.000000,0.000000,1.000000
control_cut,76.550,0.000000,0.000000,1.000000
control_cut,76.600,0.000000,0.000000,1.000000
control_cut,76.650,0.000000,0.000000,1.000000
control_cut,76.700,0.000000,0.000000,1.000000
control_cut,76.750,0.000000,0.000000,1.000000
control_cut,76.800,0.000000,0.000000,1.000000
control_cut,76.850,0.000000,0.000000,1.000000
control_cut,76.900,0.000000,0.000000,1.000000
control_cut,76.950,0.000000,0.000000,1.000000
control_cut,77.000,0.000000,0.000000,1.000000
control_cut,77.050,0.000000,0.000000,1.000000
control_cut,77.100,0.000000,0.000000,1.000000
control_cut,77.150,0.000000,0.000000,1.000000
control_cut,77.200,0.000000,0.000000,1.000000
control_cut,77.250,0.000000,0.000000,1.000000
control_cut,77.300,0.000000,0.000000,1.000000
control_cut,77.350,0.000000,0.000000,1.000000
control_cut,77.400,0.000000,0.000000,1.000000
control_cut,77.450,0.000000,0.000000,1.000000
control_cut,77.500,0.000000,0.000000,1.000000
control_cut,77.550,0.000000,0.000000,1.000000
control_cut,77.600,0.000000,0.000000,1.000000
control_cut,77.650,0.000000,0.000000,1.000000
control_cut,77.700,0.000000,0.000000,1.000000
control_cut,77.750,0.000000,0.000000,1.000000
control_cut,77.800,0.000000,0.000000,1.000000
control_cut,77.850,0.000000,0.000000,1.000000
control_cut,77.900,0.000000,0.000000,1.000000
control_cut,77.950,0.000000,0.000000,1.000000
control_cut,78.000,0.000000,0.000000,1.000000
control_cut,78.050,0.000000,0.000000,1.000000
control_cut,78.100,0.000000,0.000000,1.000000
control_cut,78.150,0.000000,0.000000,1.000000
control_cut,78.200,0.000000,0.000000,1.000000
control_cut,78.250,0.000000,0.000000,1.000000
control_cut,78.300,0.000000,0.000000,1.000000
control_cut,78.350,0.000000,0.000000,1.000000
control_cut,78.400,0.000000,0.000000,1.000000
control_cut,78.450,0.000000,0.000000,1.000000
control_cut,78.500,0.000000,0.000000,1.000000
control_cut,78.550,0.000000,0.000000,1.000000
control_cut,78.600,0.000000,0.000000,1.000000
control_cut,78.650,0.000000,0.000000,1.000000
control_cut,78.700,0.000000,0.000000,1.000000
control_cut,78.750,0.000000,0.000000,1.000000
control_cut,78.800,0.000000,0.000000,1.000000
control_cut,78.850,0.000000,0.000000,1.000000
control_cut,78.900,0.000000,0.000000,1.000000
control_cut,78.950,0.000000,0.000000,1.000000
control_cut,79.000,0.000000,0.000000,1.000000
control_cut,79.050,0.000000,0.000000,1.000000
control_cut,79.100,0.000000,0.000000,1.000000
control_cut,79.150,0.000000,0.000000,1.000000
control_cut,79.200,0.000000,0.000000,1.000000
control_cut,79.250,0.000000,0.000000,1.000000
control_cut,79.300,0.000000,0.000000,1.000000
control_cut,79.350,0.000000,0.000000,1.000000
control_cut,79.400,0.000000,0.000000,1.000000
control_cut,79.450,0.000000,0.000000,1.000000
control_cut,79.500,0.000000,0.000000,1.000000
control_cut,79.550,0.000000,0.000000,1.000000
control_cut,79.600,0.000000,0.000000,1.000000
control_cut,79.650,0.000000,0.000000,1.000000
control_cut,79.700,0.000000,0.000000,1.000000
control_cut,79.750,0.000000,0.000000,1.000000
control_cut,79.800,0.000000,0.000000,1.000000
control_cut,79.850,0.000000,0.000000,1.000000
control_cut,79.900,0.000000,0.000000,1.000000
control_cut,79.950,0.000000,0.000000,1.000000
control_cut,80.000,0.000000,0.000000,1.000000
control_half,0.000,0.420782,0.420782,0.158436
control_half,0.080,0.420868,0.414103,0.165029
control_half,0.160,0.421114,0.407530,0.171356
control_half,0.240,0.421503,0.401062,0.177436
control_half,0.320,0.422019,0.394696,0.183286
control_half,0.400,0.422648,0.388431,0.188922
control_half,0.480,0.423377,0.382265,0.194358
control_half,0.560,0.424194,0.376198,0.199608
control_half,0.640,0.425089,0.370226,0.204685
control_half,0.720,0.426051,0.364350,0.209599
control_half,0.800,0.427070,0.358567,0.214363
control_half,0.880,0.428138,0.352875,0.218987
control_half,0.960,0.429247,0.347274,0.223478
control_half,1.040,0.430390,0.341762,0.227848
control_half,1.120,0.431560,0.336337,0.232103
control_half,1.200,0.432749,0.330999,0.236252
control_half,1.280,0.433953,0.325745,0.240302
control_half,1.360,0.435166,0.320575,0.244260
control_half,1.440,0.436382,0.315486,0.248132
control_half,1.520,0.437597,0.310479,0.251924
control_half,1.600,0.438807,0.305550,0.255643
control_half,1.680,0.440007,0.300701,0.259293
control_half,1.760,0.441193,0.295928,0.262880
control_half,1.840,0.442362,0.291230,0.266408
control_half,1.920,0.443510,0.286608,0.269882
control_half,2.000,0.444635,0.282059,0.273306
control_half,2.080,0.445734,0.277582,0.276685
control_half,2.160,0.446803,0.273176,0.280021
control_half,2.240,0.447841,0.268840,0.283320
control_half,2.320,0.448845,0.264572,0.286583
control_half,2.400,0.449812,0.260373,0.289815
control_half,2.480,0.450742,0.256240,0.293017
control_half,2.560,0.451633,0.252173,0.296194
control_half,2.640,0.452482,0.248170,0.299348
control_half,2.720,0.453288,0.244231,0.302481
control_half,2.800,0.454050,0.240354,0.305596
control_half,2.880,0.454766,0.236539,0.308694
control_half,2.960,0.455436,0.232785,0.311779
control_half,3.040,0.456058,0.229090,0.314852
control_half,3.120,0.456631,0.225454,0.317915
control_half,3.200,0.457155,0.221875,0.320969
control_half,3.280,0.457629,0.218353,0.324017
control_half,3.360,0.458052,0.214888,0.327060
control_half,3.440,0.458424,0.211477,0.330099
control_half,3.520,0.458743,0.208120,0.333137
control_half,3.600,0.459011,0.204817,0.336173
control_half,3.680,0.459225,0.201566,0.339209
control_half,3.760,0.459387,0.198366,0.342247
control_half,3.840,0.459495,0.195218,0.345287
control_half,3.920,0.459550,0.192119,0.348331
control_half,4.000,0.459551,0.189070,0.351379
control_half,4.080,0.459499,0.186068,0.354433
control_half,4.160,0.459393,0.183115,0.357492
control_half,4.240,0.459233,0.180209,0.360558
control_half,4.320,0.459020,0.177348,0.363632
control_half,4.400,0.458753,0.174533,0.366713
control_half,4.480,0.458434,0.171763,0.369803
control_half,4.560,0.458061,0.169037,0.372903
control_half,4.640,0.457635,0.166353,0.376011
control_half,4.720,0.457157,0.163713,0.379130
control_half,4.800,0.456626,0.161114,0.382259
control_half,4.880,0.456044,0.158557,0.385399
control_half,4.960,0.455409,0.156040,0.388550
control_half,5.040,0.454724,0.153564,0.391712
control_half,5.120,0.453988,0.151126,0.394886
control_half,5.200,0.453201,0.148727,0.398071
control_half,5.280,0.452365,0.146367,0.401269
control_half,5.360,0.451479,0.144043,0.404478
control_half,5.440,0.450543,0.141757,0.407699
control_half,5.520,0.449560,0.139507,0.410933
control_half,5.600,0.448528,0.137293,0.414179
control_half,5.680,0.447450,0.135113,0.417437
control_half,5.760,0.446324,0.132969,0.420707
control_half,5.840,0.445152,0.130858,0.423990
control_half,5.920,0.443934,0.128781,0.427284
control_half,6.000,0.442672,0.126737,0.430591
control_half,6.080,0.441365,0.124725,0.433910
control_half,6.160,0.440014,0.122746,0.437240
control_half,6.240,0.438620,0.120797,0.440583
control_half,6.320,0.437183,0.118880,0.443937
control_half,6.400,0.435705,0.116993,0.447302
control_half,6.480,0.434185,0.115136,0.450679
control_half,6.560,0.432625,0.113309,0.454066
control_half,6.640,0.431026,0.111510,0.457464
control_half,6.720,0.429387,0.109740,0.460873
control_half,6.800,0.427710,0.107998,0.464292
control_half,6.880,0.425995,0.106284,0.467721
control_half,6.960,0.424243,0.104597,0.471160
control_half,7.040,0.422455,0.102937,0.474609
control_half,7.120,0.420631,0.101303,0.478066
control_half,7.200,0.418773,0.099695,0.481532
control_half,7.280,0.416880,0.098113,0.485007
control_half,7.360,0.414955,0.096555,0.488490
control_half,7.440,0.412997,0.095023,0.491981
control_half,7.520,0.411007,0.093514,0.495479
control_half,7.600,0.408986,0.092030,0.498984
control_half,7.680,0.406934,0.090569,0.502496
control_half,7.760,0.404854,0.089132,0.506015
control_half,7.840,0.402744,0.087717,0.509539
control_half,7.920,0.400606,0.086325,0.513069
control_half,8.000,0.398442,0.084954,0.516604
control_half,8.080,0.396250,0.083606,0.520144
control_half,8.160,0.394033,0.082279,0.523688
control_half,8.240,0.391791,0.080973,0.527236
control_half,8.320,0.389525,0.079688,0.530788
control_half,8.400,0.387235,0.078423,0.534342
control_half,8.480,0.384922,0.077178,0.537900
control_half,8.560,0.382588,0.075953,0.541459
control_half,8.640,0.380232,0.074747,0.545021
control_half,8.720,0.377856,0.073561,0.548583
control_half,8.800,0.375460,0.072393,0.552147
control_half,8.880,0.373045,0.071244,0.555711
control_half,8.960,0.370612,0.070113,0.559274
control_half,9.040,0.368161,0.069001,0.562838
control_half,9.120,0.365694,0.067905,0.566400
control_half,9.200,0.363211,0.066828,0.569962
control_half,9.280,0.360712,0.065767,0.573521
control_half,9.360,0.358199,0.064723,0.577078
control_half,9.440,0.355672,0.063696,0.580633
control_half,9.520,0.353132,0.062685,0.584184
control_half,9.600,0.350579,0.061690,0.587731
control_half,9.680,0.348015,0.060710,0.591275
control_half,9.760,0.345439,0.059747,0.594814
control_half,9.840,0.342853,0.058798,0.598348
control_half,9.920,0.340258,0.057865,0.601877
control_half,10.000,0.337654,0.056947,0.605400
control_half,10.080,0.335041,0.056043,0.608916
control_half,10.160,0.332420,0.055153,0.612426
control_half,10.240,0.329793,0.054278,0.615929
control_half,10.320,0.327160,0.053416,0.619424
control_half,10.400,0.324520,0.052568,0.622911
control_half,10.480,0.321876,0.051734,0.626390
control_half,10.560,0.319227,0.050913,0.629860
control_half,10.640,0.316574,0.050105,0.633321
control_half,10.720,0.313919,0.049309,0.636772
control_half,10.800,0.311261,0.048527,0.640213
control_half,10.880,0.308600,0.047756,0.643643
control_half,10.960,0.305939,0.046998,0.647063
control_half,11.040,0.303276,0.046252,0.650471
control_half,11.120,0.300614,0.045518,0.653868
control_half,11.200,0.297951,0.044796,0.657253
control_half,11.280,0.295290,0.044085,0.660625
control_half,11.360,0.292630,0.043385,0.663985
control_half,11.440,0.289972,0.042696,0.667331
control_half,11.520,0.287317,0.042019,0.670664
control_half,11.600,0.284665,0.041352,0.673983
control_half,11.680,0.282016,0.040695,0.677288
control_half,11.760,0.279372,0.040049,0.680579
control_half,11.840,0.276732,0.039414,0.683855
control_half,11.920,0.274097,0.038788,0.687115
control_half,12.000,0.271467,0.038172,0.690360
control_half,12.080,0.268844,0.037567,0.693590
control_half,12.160,0.266227,0.036970,0.696803
control_half,12.240,0.263617,0.036383,0.700000
control_half,12.320,0.261014,0.035806,0.703180
control_half,12.400,0.258419,0.035238,0.706344
control_half,12.480,0.255832,0.034678,0.709490
control_half,12.560,0.253254,0.034128,0.712618
control_half,12.640,0.250684,0.033586,0.715729
control_half,12.720,0.248124,0.033053,0.718823
control_half,12.800,0.245574,0.032528,0.721897
control_half,12.880,0.243034,0.032012,0.724954
control_half,12.960,0.240504,0.031504,0.727991
control_half,13.040,0.237986,0.031004,0.731010
control_half,13.120,0.235478,0.030512,0.734010
control_half,13.200,0.232982,0.030028,0.736991
control_half,13.280,0.230498,0.029551,0.739952
control_half,13.360,0.228025,0.029082,0.742893
control_half,13.440,0.225566,0.028620,0.745814
control_half,13.520,0.223118,0.028166,0.748716
control_half,13.600,0.220684,0.027719,0.751597
control_half,13.680,0.218263,0.027279,0.754458
control_half,13.760,0.215856,0.026846,0.757298
control_half,13.840,0.213463,0.026420,0.760118
control_half,13.920,0.211083,0.026000,0.762916
control_half,14.000,0.208718,0.025588,0.765694
control_half,14.080,0.206367,0.025182,0.768451
control_half,14.160,0.204031,0.024782,0.771187
control_half,14.240,0.201710,0.024389,0.773902
control_half,14.320,0.199404,0.024001,0.776595
control_half,14.400,0.197113,0.023620,0.779266
control_half,14.480,0.194838,0.023246,0.781917
control_half,14.560,0.192578,0.022877,0.784545
control_half,14.640,0.190334,0.022513,0.787152
control_half,14.720,0.188107,0.022156,0.789737
control_half,14.800,0.185895,0.021804,0.792301
control_half,14.880,0.183699,0.021458,0.794842
control_half,14.960,0.181520,0.021118,0.797362
control_half,15.040,0.179358,0.020783,0.799859
control_half,15.120,0.177212,0.020453,0.802335
control_half,15.200,0.175083,0.020128,0.804789
control_half,15.280,0.172971,0.019809,0.807221
control_half,15.360,0.170876,0.019494,0.809630
control_half,15.440,0.168797,0.019185,0.812018
control_half,15.520,0.166736,0.018880,0.814383
control_half,15.600,0.164692,0.018581,0.816727
control_half,15.680,0.162666,0.018286,0.819049
control_half,15.760,0.160657,0.017995,0.821348
control_half,15.840,0.158665,0.017710,0.823626
control_half,15.920,0.156690,0.017429,0.825881
control_half,16.000,0.154733,0.017152,0.828115
control_half,16.080,0.152794,0.016880,0.830327
control_half,16.160,0.150872,0.016612,0.832516
control_half,16.240,0.148967,0.016348,0.834685
control_half,16.320,0.147080,0.016089,0.836831
control_half,16.400,0.145211,0.015833,0.838955
control_half,16.480,0.143360,0.015582,0.841058
control_half,16.560,0.141526,0.015335,0.843140
control_half,16.640,0.139709,0.015091,0.845200
control_half,16.720,0.137910,0.014852,0.847238
control_half,16.800,0.136129,0.014616,0.849255
control_half,16.880,0.134365,0.014384,0.851251
control_half,16.960,0.132619,0.014156,0.853225
control_half,17.040,0.130890,0.013931,0.855179
control_half,17.120,0.129179,0.013710,0.857111
control_half,17.200,0.127485,0.013492,0.859023
control_half,17.280,0.125809,0.013278,0.860913
control_half,17.360,0.124149,0.013067,0.862783
control_half,17.440,0.122508,0.012860,0.864632
control_half,17.520,0.120883,0.012656,0.866461
control_half,17.600,0.119276,0.012455,0.868269
control_half,17.680,0.117685,0.012257,0.870057
control_half,17.760,0.116112,0.012063,0.871825
control_half,17.840,0.114556,0.011871,0.873573
control_half,17.920,0.113017,0.011683,0.875301
control_half,18.000,0.111494,0.011497,0.877009
control_half,18.080,0.109988,0.011315,0.878697
control_half,18.160,0.108499,0.011135,0.880365
control_half,18.240,0.107027,0.010958,0.882015
control_half,18.320,0.105571,0.010785,0.883644
control_half,18.400,0.104131,0.010613,0.885255
control_half,18.480,0.102708,0.010445,0.886847
control_half,18.560,0.101301,0.010279,0.888419
control_half,18.640,0.099911,0.010116,0.889973
control_half,18.720,0.098536,0.009955,0.891509
control_half,18.800,0.097177,0.009797,0.893025
control_half,18.880,0.095834,0.009642,0.894524
control_half,18.960,0.094507,0.009489,0.896004
control_half,19.040,0.093196,0.009338,0.897466
control_half,19.120,0.091900,0.009190,0.898910
control_half,19.200,0.090619,0.009044,0.900336
control_half,19.280,0.089354,0.008901,0.901745
control_half,19.360,0.088104,0.008759,0.903136
control_half,19.440,0.086869,0.008620,0.904510
control_half,19.520,0.085650,0.008483,0.905867
control_half,19.600,0.084445,0.008349,0.907207
control_half,19.680,0.083254,0.008216,0.908529
control_half,19.760,0.082079,0.008086,0.909836
control_half,19.840,0.080918,0.007958,0.911125
control_half,19.920,0.079771,0.007831,0.912398
control_half,20.000,0.078638,0.007707,0.913655
control_half,20.080,0.077520,0.007585,0.914895
control_half,20.160,0.076416,0.007464,0.916120
control_half,20.240,0.075326,0.007346,0.917329
control_half,20.320,0.074249,0.007229,0.918522
control_half,20.400,0.073186,0.007114,0.919699
control_half,20.480,0.072137,0.007001,0.920862
control_half,20.560,0.071101,0.006890,0.922009
control_half,20.640,0.070079,0.006781,0.923141
control_half,20.720,0.069069,0.006673,0.924258
control_half,20.800,0.068073,0.006567,0.925360
control_half,20.880,0.067089,0.006463,0.926448
control_half,20.960,0.066119,0.006361,0.927521
control_half,21.040,0.065161,0.006260,0.928580
control_half,21.120,0.064215,0.006160,0.929624
control_half,21.200,0.063282,0.006062,0.930655
control_half,21.280,0.062362,0.005966,0.931672
control_half,21.360,0.061453,0.005872,0.932675
control_half,21.440,0.060557,0.005778,0.933665
control_half,21.520,0.059672,0.005687,0.934641
control_half,21.600,0.058799,0.005596,0.935604
control_half,21.680,0.057938,0.005508,0.936554
control_half,21.760,0.057089,0.005420,0.937491
control_half,21.840,0.056251,0.005334,0.938415
control_half,21.920,0.055424,0.005249,0.939327
control_half,22.000,0.054608,0.005166,0.940226
control_half,22.080,0.053804,0.005084,0.941112
control_half,22.160,0.053010,0.005003,0.941987
control_half,22.240,0.052227,0.004924,0.942849
control_half,22.320,0.051455,0.004846,0.943699
control_half,22.400,0.050693,0.004769,0.944538
control_half,22.480,0.049942,0.004693,0.945364
control_half,22.560,0.049202,0.004619,0.946180
control_half,22.640,0.048471,0.004545,0.946983
control_half,22.720,0.047751,0.004473,0.947776
control_half,22.800,0.047040,0.004402,0.948558
control_half,22.880,0.046340,0.004332,0.949328
control_half,22.960,0.045649,0.004264,0.950088
control_half,23.040,0.044968,0.004196,0.950836
control_half,23.120,0.044296,0.004129,0.951575
control_half,23.200,0.043634,0.004064,0.952303
control_half,23.280,0.042981,0.003999,0.953020
control_half,23.360,0.042337,0.003936,0.953727
control_half,23.440,0.041702,0.003873,0.954425
control_half,23.520,0.041076,0.003812,0.955112
control_half,23.600,0.040459,0.003751,0.955789
control_half,23.680,0.039851,0.003692,0.956457
control_half,23.760,0.039252,0.003633,0.957115
control_half,23.840,0.038661,0.003576,0.957764
control_half,23.920,0.038078,0.003519,0.958403
control_half,24.000,0.037504,0.003463,0.959033
control_half,24.080,0.036938,0.003408,0.959654
control_half,24.160,0.036380,0.003354,0.960266
control_half,24.240,0.035830,0.003301,0.960870
control_half,24.320,0.035288,0.003248,0.961464
control_half,24.400,0.034753,0.003197,0.962050
control_half,24.480,0.034227,0.003146,0.962627
control_half,24.560,0.033708,0.003096,0.963196
control_half,24.640,0.033196,0.003047,0.963757
control_half,24.720,0.032692,0.002999,0.964309
control_half,24.800,0.032196,0.002951,0.964853
control_half,24.880,0.031706,0.002904,0.965390
control_half,24.960,0.031224,0.002858,0.965918
control_half,25.040,0.030748,0.002813,0.966439
control_half,25.120,0.030280,0.002768,0.966952
control_half,25.200,0.029818,0.002724,0.967458
control_half,25.280,0.029363,0.002681,0.967956
control_half,25.360,0.028915,0.002638,0.968447
control_half,25.440,0.028473,0.002596,0.968930
control_half,25.520,0.028038,0.002555,0.969407
control_half,25.600,0.027610,0.002515,0.969876
control_half,25.680,0.027187,0.002475,0.970338
control_half,25.760,0.026771,0.002435,0.970794
control_half,25.840,0.026361,0.002397,0.971242
control_half,25.920,0.025957,0.002359,0.971685
control_half,26.000,0.025559,0.002321,0.972120
control_half,26.080,0.025166,0.002284,0.972549
control_half,26.160,0.024780,0.002248,0.972972
control_half,26.240,0.024400,0.002212,0.973388
control_half,26.320,0.024025,0.002177,0.973798
control_half,26.400,0.023655,0.002143,0.974202
control_half,26.480,0.023291,0.002109,0.974600
control_half,26.560,0.022933,0.002075,0.974992
control_half,26.640,0.022580,0.002042,0.975378
control_half,26.720,0.022232,0.002010,0.975758
control_half,26.800,0.021889,0.001978,0.976133
control_half,26.880,0.021552,0.001947,0.976502
control_half,26.960,0.021219,0.001916,0.976865
control_half,27.040,0.020892,0.001885,0.977223
control_half,27.120,0.020569,0.001855,0.977576
control_half,27.200,0.020251,0.001826,0.977923
control_half,27.280,0.019938,0.001797,0.978265
control_half,27.360,0.019630,0.001768,0.978601
control_half,27.440,0.019326,0.001740,0.978933
control_half,27.520,0.019027,0.001713,0.979260
control_half,27.600,0.018733,0.001686,0.979582
control_half,27.680,0.018443,0.001659,0.979898
control_half,27.760,0.018157,0.001633,0.980210
control_half,27.840,0.017876,0.001607,0.980518
control_half,27.920,0.017599,0.001581,0.980820
control_half,28.000,0.017326,0.001556,0.981118
control_half,28.080,0.017057,0.001531,0.981412
control_half,28.160,0.016792,0.001507,0.981701
control_half,28.240,0.016531,0.001483,0.981986
control_half,28.320,0.016275,0.001460,0.982266
control_half,28.400,0.016022,0.001436,0.982542
control_half,28.480,0.015773,0.001414,0.982814
control_half,28.560,0.015528,0.001391,0.983081
control_half,28.640,0.015286,0.001369,0.983345
control_half,28.720,0.015048,0.001347,0.983604
control_half,28.800,0.014814,0.001326,0.983860
control_half,28.880,0.014583,0.001305,0.984112
control_half,28.960,0.014356,0.001284,0.984359
control_half,29.040,0.014133,0.001264,0.984603
control_half,29.120,0.013913,0.001244,0.984844
control_half,29.200,0.013696,0.001224,0.985080
control_half,29.280,0.013482,0.001205,0.985313
control_half,29.360,0.013272,0.001185,0.985543
control_half,29.440,0.013065,0.001167,0.985768
control_half,29.520,0.012861,0.001148,0.985991
control_half,29.600,0.012660,0.001130,0.986210
control_half,29.680,0.012463,0.001112,0.986425
control_half,29.760,0.012268,0.001094,0.986638
control_half,29.840,0.012076,0.001077,0.986847
control_half,29.920,0.011888,0.001060,0.987052
control_half,30.000,0.011702,0.001043,0.987255
control_half,30.080,0.011519,0.001026,0.987454
control_half,30.160,0.011339,0.001010,0.987651
control_half,30.240,0.011162,0.000994,0.987844
control_half,30.320,0.010987,0.000978,0.988035
control_half,30.400,0.010815,0.000963,0.988222
control_half,30.480,0.010646,0.000948,0.988407
control_half,30.560,0.010479,0.000933,0.988588
control_half,30.640,0.010315,0.000918,0.988767
control_half,30.720,0.010154,0.000903,0.988943
control_half,30.800,0.009995,0.000889,0.989117
control_half,30.880,0.009838,0.000875,0.989287
control_half,30.960,0.009684,0.000861,0.989455
control_half,31.040,0.009532,0.000847,0.989621
control_half,31.120,0.009383,0.000834,0.989784
control_half,31.200,0.009236,0.000820,0.989944
control_half,31.280,0.009091,0.000807,0.990102
control_half,31.360,0.008948,0.000795,0.990257
control_half,31.440,0.008808,0.000782,0.990410
control_half,31.520,0.008670,0.000770,0.990561
control_half,31.600,0.008533,0.000757,0.990709
control_half,31.680,0.008400,0.000745,0.990855
control_half,31.760,0.008268,0.000734,0.990999
control_half,31.840,0.008138,0.000722,0.991140
control_half,31.920,0.008010,0.000710,0.991280
control_half,32.000,0.007884,0.000699,0.991417
control_half,32.080,0.007760,0.000688,0.991552
control_half,32.160,0.007638,0.000677,0.991684
control_half,32.240,0.007518,0.000666,0.991815
control_half,32.320,0.007400,0.000656,0.991944
control_half,32.400,0.007284,0.000645,0.992071
control_half,32.480,0.007169,0.000635,0.992195
control_half,32.560,0.007057,0.000625,0.992318
control_half,32.640,0.006946,0.000615,0.992439
control_half,32.720,0.006836,0.000605,0.992558
control_half,32.800,0.006729,0.000596,0.992675
control_half,32.880,0.006623,0.000586,0.992791
control_half,32.960,0.006519,0.000577,0.992904
control_half,33.040,0.006416,0.000568,0.993016
control_half,33.120,0.006315,0.000559,0.993126
control_half,33.200,0.006216,0.000550,0.993234
control_half,33.280,0.006118,0.000541,0.993341
control_half,33.360,0.006022,0.000533,0.993446
control_half,33.440,0.005927,0.000524,0.993549
control_half,33.520,0.005833,0.000516,0.993651
control_half,33.600,0.005741,0.000508,0.993751
control_half,33.680,0.005651,0.000500,0.993849
control_half,33.760,0.005562,0.000492,0.993946
control_half,33.840,0.005474,0.000484,0.994042
control_half,33.920,0.005388,0.000476,0.994136
control_half,34.000,0.005303,0.000469,0.994228
control_half,34.080,0.005220,0.000461,0.994319
control_half,34.160,0.005137,0.000454,0.994409
control_half,34.240,0.005056,0.000447,0.994497
control_half,34.320,0.004977,0.000440,0.994584
control_half,34.400,0.004898,0.000433,0.994669
control_half,34.480,0.004821,0.000426,0.994753
control_half,34.560,0.004745,0.000419,0.994836
control_half,34.640,0.004670,0.000412,0.994918
control_half,34.720,0.004596,0.000406,0.994998
control_half,34.800,0.004524,0.000399,0.995077
control_half,34.880,0.004452,0.000393,0.995155
control_half,34.960,0.004382,0.000387,0.995231
control_half,35.040,0.004313,0.000381,0.995306
control_half,35.120,0.004245,0.000375,0.995381
control_half,35.200,0.004178,0.000369,0.995454
control_half,35.280,0.004112,0.000363,0.995525
control_half,35.360,0.004047,0.000357,0.995596
control_half,35.440,0.003983,0.000351,0.995666
control_half,35.520,0.003920,0.000346,0.995734
control_half,35.600,0.003858,0.000340,0.995801
control_half,35.680,0.003797,0.000335,0.995868
control_half,35.760,0.003737,0.000330,0.995933
control_half,35.840,0.003678,0.000324,0.995997
control_half,35.920,0.003620,0.000319,0.996061
control_half,36.000,0.003563,0.000314,0.996123
control_half,36.080,0.003507,0.000309,0.996184
control_half,36.160,0.003451,0.000304,0.996244
control_half,36.240,0.003397,0.000299,0.996304
control_half,36.320,0.003343,0.000295,0.996362
control_half,36.400,0.003290,0.000290,0.996420
control_half,36.480,0.003238,0.000285,0.996476
control_half,36.560,0.003187,0.000281,0.996532
control_half,36.640,0.003137,0.000276,0.996587
control_half,36.720,0.003087,0.000272,0.996641
control_half,36.800,0.003038,0.000268,0.996694
control_half,36.880,0.002990,0.000263,0.996746
control_half,36.960,0.002943,0.000259,0.996798
control_half,37.040,0.002896,0.000255,0.996848
control_half,37.120,0.002851,0.000251,0.996898
control_half,37.200,0.002806,0.000247,0.996947
control_half,37.280,0.002761,0.000243,0.996996
control_half,37.360,0.002718,0.000239,0.997043
control_half,37.440,0.002675,0.000236,0.997090
control_half,37.520,0.002632,0.000232,0.997136
control_half,37.600,0.002591,0.000228,0.997181
control_half,37.680,0.002550,0.000224,0.997226
control_half,37.760,0.002509,0.000221,0.997270
control_half,37.840,0.002470,0.000217,0.997313
control_half,37.920,0.002431,0.000214,0.997356
control_half,38.000,0.002392,0.000211,0.997397
control_half,38.080,0.002354,0.000207,0.997439
control_half,38.160,0.002317,0.000204,0.997479
control_half,38.240,0.002280,0.000201,0.997519
control_half,38.320,0.002244,0.000198,0.997558
control_half,38.400,0.002209,0.000194,0.997597
control_half,38.480,0.002174,0.000191,0.997635
control_half,38.560,0.002139,0.000188,0.997672
control_half,38.640,0.002105,0.000185,0.997709
control_half,38.720,0.002072,0.000182,0.997746
control_half,38.800,0.002039,0.000179,0.997781
control_half,38.880,0.002007,0.000177,0.997816
control_half,38.960,0.001975,0.000174,0.997851
control_half,39.040,0.001944,0.000171,0.997885
control_half,39.120,0.001913,0.000168,0.997918
control_half,39.200,0.001883,0.000166,0.997951
control_half,39.280,0.001853,0.000163,0.997984
control_half,39.360,0.001824,0.000160,0.998016
control_half,39.440,0.001795,0.000158,0.998047
control_half,39.520,0.001766,0.000155,0.998078
control_half,39.600,0.001738,0.000153,0.998109
control_half,39.680,0.001711,0.000150,0.998139
control_half,39.760,0.001684,0.000148,0.998168
control_half,39.840,0.001657,0.000146,0.998197
control_half,39.920,0.001631,0.000143,0.998226
control_half,40.000,0.001605,0.000141,0.998254
control_half,40.080,0.001580,0.000139,0.998281
control_half,40.160,0.001555,0.000137,0.998309
control_half,40.240,0.001530,0.000135,0.998335
control_half,40.320,0.001506,0.000132,0.998362
control_half,40.400,0.001482,0.000130,0.998388
control_half,40.480,0.001458,0.000128,0.998413
control_half,40.560,0.001435,0.000126,0.998438
control_half,40.640,0.001413,0.000124,0.998463
control_half,40.720,0.001390,0.000122,0.998488
control_half,40.800,0.001368,0.000120,0.998512
control_half,40.880,0.001347,0.000118,0.998535
control_half,40.960,0.001325,0.000116,0.998558
control_half,41.040,0.001304,0.000115,0.998581
control_half,41.120,0.001284,0.000113,0.998604
control_half,41.200,0.001263,0.000111,0.998626
control_half,41.280,0.001243,0.000109,0.998648
control_half,41.360,0.001223,0.000108,0.998669
control_half,41.440,0.001204,0.000106,0.998690
control_half,41.520,0.001185,0.000104,0.998711
control_half,41.600,0.001166,0.000103,0.998731
control_half,41.680,0.001148,0.000101,0.998751
control_half,41.760,0.001130,0.000099,0.998771
control_half,41.840,0.001112,0.000098,0.998791
control_half,41.920,0.001094,0.000096,0.998810
control_half,42.000,0.001077,0.000095,0.998829
control_half,42.080,0.001060,0.000093,0.998847
control_half,42.160,0.001043,0.000092,0.998866
control_half,42.240,0.001026,0.000090,0.998884
control_half,42.320,0.001010,0.000089,0.998901
control_half,42.400,0.000994,0.000087,0.998919
control_half,42.480,0.000978,0.000086,0.998936
control_half,42.560,0.000963,0.000085,0.998953
control_half,42.640,0.000947,0.000083,0.998969
control_half,42.720,0.000932,0.000082,0.998986
control_half,42.800,0.000918,0.000081,0.999002
control_half,42.880,0.000903,0.000079,0.999018
control_half,42.960,0.000889,0.000078,0.999033
control_half,43.040,0.000875,0.000077,0.999048
control_half,43.120,0.000861,0.000076,0.999064
control_half,43.200,0.000847,0.000074,0.999078
control_half,43.280,0.000834,0.000073,0.999093
control_half,43.360,0.000821,0.000072,0.999107
control_half,43.440,0.000808,0.000071,0.999122
control_half,43.520,0.000795,0.000070,0.999135
control_half,43.600,0.000782,0.000069,0.999149
control_half,43.680,0.000770,0.000068,0.999163
control_half,43.760,0.000758,0.000067,0.999176
control_half,43.840,0.000746,0.000065,0.999189
control_half,43.920,0.000734,0.000064,0.999202
control_half,44.000,0.000722,0.000063,0.999215
control_half,44.080,0.000711,0.000062,0.999227
control_half,44.160,0.000699,0.000061,0.999239
control_half,44.240,0.000688,0.000060,0.999251
control_half,44.320,0.000677,0.000059,0.999263
control_half,44.400,0.000667,0.000059,0.999275
control_half,44.480,0.000656,0.000058,0.999286
control_half,44.560,0.000646,0.000057,0.999298
control_half,44.640,0.000635,0.000056,0.999309
control_half,44.720,0.000625,0.000055,0.999320
control_half,44.800,0.000615,0.000054,0.999331
control_half,44.880,0.000606,0.000053,0.999341
control_half,44.960,0.000596,0.000052,0.999352
control_half,45.040,0.000587,0.000052,0.999362
control_half,45.120,0.000577,0.000051,0.999372
control_half,45.200,0.000568,0.000050,0.999382
control_half,45.280,0.000559,0.000049,0.999392
control_half,45.360,0.000550,0.000048,0.999401
control_half,45.440,0.000542,0.000048,0.999411
control_half,45.520,0.000533,0.000047,0.999420
control_half,45.600,0.000524,0.000046,0.999429
control_half,45.680,0.000516,0.000045,0.999439
control_half,45.760,0.000508,0.000045,0.999447
control_half,45.840,0.000500,0.000044,0.999456
control_half,45.920,0.000492,0.000043,0.999465
control_half,46.000,0.000484,0.000043,0.999473
control_half,46.080,0.000476,0.000042,0.999482
control_half,46.160,0.000469,0.000041,0.999490
control_half,46.240,0.000461,0.000041,0.999498
control_half,46.320,0.000454,0.000040,0.999506
control_half,46.400,0.000447,0.000039,0.999514
control_half,46.480,0.000440,0.000039,0.999522
control_half,46.560,0.000433,0.000038,0.999529
control_half,46.640,0.000426,0.000037,0.999537
control_half,46.720,0.000419,0.000037,0.999544
control_half,46.800,0.000413,0.000036,0.999551
control_half,46.880,0.000406,0.000036,0.999558
control_half,46.960,0.000400,0.000035,0.999565
control_half,47.040,0.000393,0.000035,0.999572
control_half,47.120,0.000387,0.000034,0.999579
control_half,47.200,0.000381,0.000033,0.999586
control_half,47.280,0.000375,0.000033,0.999592
control_half,47.360,0.000369,0.000032,0.999599
control_half,47.440,0.000363,0.000032,0.999605
control_half,47.520,0.000357,0.000031,0.999611
control_half,47.600,0.000352,0.000031,0.999617
control_half,47.680,0.000346,0.000030,0.999624
control_half,47.760,0.000341,0.000030,0.999630
control_half,47.840,0.000335,0.000029,0.999635
control_half,47.920,0.000330,0.000029,0.999641
control_half,48.000,0.000325,0.000028,0.999647
control_half,48.080,0.000319,0.000028,0.999652
control_half,48.160,0.000314,0.000028,0.999658
control_half,48.240,0.000309,0.000027,0.999663
control_half,48.320,0.000304,0.000027,0.999669
control_half,48.400,0.000300,0.000026,0.999674
control_half,48.480,0.000295,0.000026,0.999679
control_half,48.560,0.000290,0.000025,0.999684
control_half,48.640,0.000286,0.000025,0.999689
control_half,48.720,0.000281,0.000025,0.999694
control_half,48.800,0.000277,0.000024,0.999699
control_half,48.880,0.000272,0.000024,0.999704
control_half,48.960,0.000268,0.000024,0.999709
control_half,49.040,0.000264,0.000023,0.999713
control_half,49.120,0.000259,0.000023,0.999718
control_half,49.200,0.000255,0.000022,0.999722
control_half,49.280,0.000251,0.000022,0.999727
control_half,49.360,0.000247,0.000022,0.999731
control_half,49.440,0.000243,0.000021,0.999735
control_half,49.520,0.000240,0.000021,0.999739
control_half,49.600,0.000236,0.000021,0.999744
control_half,49.680,0.000232,0.000020,0.999748
control_half,49.760,0.000228,0.000020,0.999752
control_half,49.840,0.000225,0.000020,0.999756
control_half,49.920,0.000221,0.000019,0.999759
control_half,50.000,0.000218,0.000019,0.999763
control_half,50.080,0.000214,0.000019,0.999767
control_half,50.160,0.000211,0.000019,0.999771
control_half,50.240,0.000207,0.000018,0.999774
control_half,50.320,0.000204,0.000018,0.999778
control_half,50.400,0.000201,0.000018,0.999781
control_half,50.480,0.000198,0.000017,0.999785
control_half,50.560,0.000195,0.000017,0.999788
control_half,50.640,0.000191,0.000017,0.999792
control_half,50.720,0.000188,0.000017,0.999795
control_half,50.800,0.000185,0.000016,0.999798
control_half,50.880,0.000183,0.000016,0.999801
control_half,50.960,0.000180,0.000016,0.999805
control_half,51.040,0.000177,0.000016,0.999808
control_half,51.120,0.000174,0.000015,0.999811
control_half,51.200,0.000171,0.000015,0.999814
control_half,51.280,0.000168,0.000015,0.999817
control_half,51.360,0.000166,0.000015,0.999820
control_half,51.440,0.000163,0.000014,0.999822
control_half,51.520,0.000161,0.000014,0.999825
control_half,51.600,0.000158,0.000014,0.999828
control_half,51.680,0.000156,0.000014,0.999831
control_half,51.760,0.000153,0.000013,0.999834
control_half,51.840,0.000151,0.000013,0.999836
control_half,51.920,0.000148,0.000013,0.999839
control_half,52.000,0.000146,0.000013,0.999841
control_half,52.080,0.000144,0.000013,0.999844
control_half,52.160,0.000141,0.000012,0.999846
control_half,52.240,0.000139,0.000012,0.999849
control_half,52.320,0.000137,0.000012,0.999851
control_half,52.400,0.000135,0.000012,0.999854
control_half,52.480,0.000133,0.000012,0.999856
control_half,52.560,0.000130,0.000011,0.999858
control_half,52.640,0.000128,0.000011,0.999860
control_half,52.720,0.000126,0.000011,0.999863
control_half,52.800,0.000124,0.000011,0.999865
control_half,52.880,0.000122,0.000011,0.999867
control_half,52.960,0.000120,0.000011,0.999869
control_half,53.040,0.000118,0.000010,0.999871
control_half,53.120,0.000117,0.000010,0.999873
control_half,53.200,0.000115,0.000010,0.999875
control_half,53.280,0.000113,0.000010,0.999877
control_half,53.360,0.000111,0.000010,0.999879
control_half,53.440,0.000109,0.000010,0.999881
control_half,53.520,0.000108,0.000009,0.999883
control_half,53.600,0.000106,0.000009,0.999885
control_half,53.680,0.000104,0.000009,0.999887
control_half,53.760,0.000103,0.000009,0.999888
control_half,53.840,0.000101,0.000009,0.999890
control_half,53.920,0.000099,0.000009,0.999892
control_half,54.000,0.000098,0.000009,0.999894
control_half,54.080,0.000096,0.000008,0.999895
control_half,54.160,0.000095,0.000008,0.999897
control_half,54.240,0.000093,0.000008,0.999899
control_half,54.320,0.000092,0.000008,0.999900
control_half,54.400,0.000090,0.000008,0.999902
control_half,54.480,0.000089,0.000008,0.999903
control_half,54.560,0.000087,0.000008,0.999905
control_half,54.640,0.000086,0.000008,0.999906
control_half,54.720,0.000085,0.000007,0.999908
control_half,54.800,0.000083,0.000007,0.999909
control_half,54.880,0.000082,0.000007,0.999911
control_half,54.960,0.000081,0.000007,0.999912
control_half,55.040,0.000079,0.000007,0.999914
control_half,55.120,0.000078,0.000007,0.999915
control_half,55.200,0.000077,0.000007,0.999916
control_half,55.280,0.000076,0.000007,0.999918
control_half,55.360,0.000075,0.000007,0.999919
control_half,55.440,0.000073,0.000006,0.999920
control_half,55.520,0.000072,0.000006,0.999922
control_half,55.600,0.000071,0.000006,0.999923
control_half,55.680,0.000070,0.000006,0.999924
control_half,55.760,0.000069,0.000006,0.999925
control_half,55.840,0.000068,0.000006,0.999926
control_half,55.920,0.000067,0.000006,0.999928
control_half,56.000,0.000066,0.000006,0.999929
control_half,56.080,0.000065,0.000006,0.999930
control_half,56.160,0.000063,0.000006,0.999931
control_half,56.240,0.000062,0.000005,0.999932
control_half,56.320,0.000061,0.000005,0.999933
control_half,56.400,0.000061,0.000005,0.999934
control_half,56.480,0.000060,0.000005,0.999935
control_half,56.560,0.000059,0.000005,0.999936
control_half,56.640,0.000058,0.000005,0.999937
control_half,56.720,0.000057,0.000005,0.999938
control_half,56.800,0.000056,0.000005,0.999939
control_half,56.880,0.000055,0.000005,0.999940
control_half,56.960,0.000054,0.000005,0.999941
control_half,57.040,0.000053,0.000005,0.999942
control_half,57.120,0.000052,0.000005,0.999943
control_half,57.200,0.000052,0.000005,0.999944
control_half,57.280,0.000051,0.000004,0.999945
control_half,57.360,0.000050,0.000004,0.999946
control_half,57.440,0.000049,0.000004,0.999947
control_half,57.520,0.000048,0.000004,0.999947
control_half,57.600,0.000048,0.000004,0.999948
control_half,57.680,0.000047,0.000004,0.999949
control_half,57.760,0.000046,0.000004,0.999950
control_half,57.840,0.000045,0.000004,0.999951
control_half,57.920,0.000045,0.000004,0.999951
control_half,58.000,0.000044,0.000004,0.999952
control_half,58.080,0.000043,0.000004,0.999953
control_half,58.160,0.000043,0.000004,0.999954
control_half,58.240,0.000042,0.000004,0.999954
control_half,58.320,0.000041,0.000004,0.999955
control_half,58.400,0.000041,0.000004,0.999956
control_half,58.480,0.000040,0.000004,0.999957
control_half,58.560,0.000039,0.000003,0.999957
control_half,58.640,0.000039,0.000003,0.999958
control_half,58.720,0.000038,0.000003,0.999959
control_half,58.800,0.000037,0.000003,0.999959
control_half,58.880,0.000037,0.000003,0.999960
control_half,58.960,0.000036,0.000003,0.999961
control_half,59.040,0.000036,0.000003,0.999961
control_half,59.120,0.000035,0.000003,0.999962
control_half,59.200,0.000035,0.000003,0.999962
control_half,59.280,0.000034,0.000003,0.999963
control_half,59.360,0.000033,0.000003,0.999964
control_half,59.440,0.000033,0.000003,0.999964
control_half,59.520,0.000032,0.000003,0.999965
control_half,59.600,0.000032,0.000003,0.999965
control_half,59.680,0.000031,0.000003,0.999966
control_half,59.760,0.000031,0.000003,0.999966
control_half,59.840,0.000030,0.000003,0.999967
control_half,59.920,0.000030,0.000003,0.999967
control_half,60.000,0.000029,0.000003,0.999968
control_half,60.080,0.000029,0.000003,0.999968
control_half,60.160,0.000029,0.000003,0.999969
control_half,60.240,0.000028,0.000002,0.999969
control_half,60.320,0.000028,0.000002,0.999970
control_half,60.400,0.000027,0.000002,0.999970
control_half,60.480,0.000027,0.000002,0.999971
control_half,60.560,0.000026,0.000002,0.999971
control_half,60.640,0.000026,0.000002,0.999972
control_half,60.720,0.000026,0.000002,0.999972
control_half,60.800,0.000025,0.000002,0.999973
control_half,60.880,0.000025,0.000002,0.999973
control_half,60.960,0.000024,0.000002,0.999974
control_half,61.040,0.000024,0.000002,0.999974
control_half,61.120,0.000024,0.000002,0.999974
control_half,61.200,0.000023,0.000002,0.999975
control_half,61.280,0.000023,0.000002,0.999975
control_half,61.360,0.000022,0.000002,0.999976
control_half,61.440,0.000022,0.000002,0.999976
control_half,61.520,0.000022,0.000002,0.999976
control_half,61.600,0.000021,0.000002,0.999977
control_half,61.680,0.000021,0.000002,0.999977
control_half,61.760,0.000021,0.000002,0.999977
control_half,61.840,0.000020,0.000002,0.999978
control_half,61.920,0.000020,0.000002,0.999978
control_half,62.000,0.000020,0.000002,0.999979
control_half,62.080,0.000019,0.000002,0.999979
control_half,62.160,0.000019,0.000002,0.999979
control_half,62.240,0.000019,0.000002,0.999980
control_half,62.320,0.000019,0.000002,0.999980
control_half,62.400,0.000018,0.000002,0.999980
control_half,62.480,0.000018,0.000002,0.999980
control_half,62.560,0.000018,0.000002,0.999981
control_half,62.640,0.000017,0.000002,0.999981
control_half,62.720,0.000017,0.000002,0.999981
control_half,62.800,0.000017,0.000001,0.999982
control_half,62.880,0.000017,0.000001,0.999982
control_half,62.960,0.000016,0.000001,0.999982
control_half,63.040,0.000016,0.000001,0.999983
control_half,63.120,0.000016,0.000001,0.999983
control_half,63.200,0.000016,0.000001,0.999983
control_half,63.280,0.000015,0.000001,0.999983
control_half,63.360,0.000015,0.000001,0.999984
control_half,63.440,0.000015,0.000001,0.999984
control_half,63.520,0.000015,0.000001,0.999984
control_half,63.600,0.000014,0.000001,0.999984
control_half,63.680,0.000014,0.000001,0.999985
control_half,63.760,0.000014,0.000001,0.999985
control_half,63.840,0.000014,0.000001,0.999985
control_half,63.920,0.000013,0.000001,0.999985
control_half,64.000,0.000013,0.000001,0.999986
control_half,64.080,0.000013,0.000001,0.999986
control_half,64.160,0.000013,0.000001,0.999986
control_half,64.240,0.000013,0.000001,0.999986
control_half,64.320,0.000012,0.000001,0.999986
control_half,64.400,0.000012,0.000001,0.999987
control_half,64.480,0.000012,0.000001,0.999987
control_half,64.560,0.000012,0.000001,0.999987
control_half,64.640,0.000012,0.000001,0.999987
control_half,64.720,0.000011,0.000001,0.999988
control_half,64.800,0.000011,0.000001,0.999988
control_half,64.880,0.000011,0.000001,0.999988
control_half,64.960,0.000011,0.000001,0.999988
control_half,65.040,0.000011,0.000001,0.999988
control_half,65.120,0.000011,0.000001,0.999988
control_half,65.200,0.000010,0.000001,0.999989
control_half,65.280,0.000010,0.000001,0.999989
control_half,65.360,0.000010,0.000001,0.999989
control_half,65.440,0.000010,0.000001,0.999989
control_half,65.520,0.000010,0.000001,0.999989
control_half,65.600,0.000010,0.000001,0.999990
control_half,65.680,0.000009,0.000001,0.999990
control_half,65.760,0.000009,0.000001,0.999990
control_half,65.840,0.000009,0.000001,0.999990
control_half,65.920,0.000009,0.000001,0.999990
control_half,66.000,0.000009,0.000001,0.999990
control_half,66.080,0.000009,0.000001,0.999991
control_half,66.160,0.000009,0.000001,0.999991
control_half,66.240,0.000008,0.000001,0.999991
control_half,66.320,0.000008,0.000001,0.999991
control_half,66.400,0.000008,0.000001,0.999991
control_half,66.480,0.000008,0.000001,0.999991
control_half,66.560,0.000008,0.000001,0.999991
control_half,66.640,0.000008,0.000001,0.999992
control_half,66.720,0.000008,0.000001,0.999992
control_half,66.800,0.000008,0.000001,0.999992
control_half,66.880,0.000007,0.000001,0.999992
control_half,66.960,0.000007,0.000001,0.999992
control_half,67.040,0.000007,0.000001,0.999992
control_half,67.120,0.000007,0.000001,0.999992
control_half,67.200,0.000007,0.000001,0.999992
control_half,67.280,0.000007,0.000001,0.999993
control_half,67.360,0.000007,0.000001,0.999993
control_half,67.440,0.000007,0.000001,0.999993
control_half,67.520,0.000007,0.000001,0.999993
control_half,67.600,0.000006,0.000001,0.999993
control_half,67.680,0.000006,0.000001,0.999993
control_half,67.760,0.000006,0.000001,0.999993
control_half,67.840,0.000006,0.000001,0.999993
control_half,67.920,0.000006,0.000001,0.999993
control_half,68.000,0.000006,0.000001,0.999994
control_half,68.080,0.000006,0.000001,0.999994
control_half,68.160,0.000006,0.000001,0.999994
control_half,68.240,0.000006,0.000000,0.999994
control_half,68.320,0.000006,0.000000,0.999994
control_half,68.400,0.000005,0.000000,0.999994
control_half,68.480,0.000005,0.000000,0.999994
control_half,68.560,0.000005,0.000000,0.999994
control_half,68.640,0.000005,0.000000,0.999994
control_half,68.720,0.000005,0.000000,0.999994
control_half,68.800,0.000005,0.000000,0.999994
control_half,68.880,0.000005,0.000000,0.999995
control_half,68.960,0.000005,0.000000,0.999995
control_half,69.040,0.000005,0.000000,0.999995
control_half,69.120,0.000005,0.000000,0.999995
control_half,69.200,0.000005,0.000000,0.999995
control_half,69.280,0.000005,0.000000,0.999995
control_half,69.360,0.000005,0.000000,0.999995
control_half,69.440,0.000004,0.000000,0.999995
control_half,69.520,0.000004,0.000000,0.999995
control_half,69.600,0.000004,0.000000,0.999995
control_half,69.680,0.000004,0.000000,0.999995
control_half,69.760,0.000004,0.000000,0.999995
control_half,69.840,0.000004,0.000000,0.999996
control_half,69.920,0.000004,0.000000,0.999996
control_half,70.000,0.000004,0.000000,0.999996
control_half,70.080,0.000004,0.000000,0.999996
control_half,70.160,0.000004,0.000000,0.999996
control_half,70.240,0.000004,0.000000,0.999996
control_half,70.320,0.000004,0.000000,0.999996
control_half,70.400,0.000004,0.000000,0.999996
control_half,70.480,0.000004,0.000000,0.999996
control_half,70.560,0.000004,0.000000,0.999996
control_half,70.640,0.000004,0.000000,0.999996
control_half,70.720,0.000003,0.000000,0.999996
control_half,70.800,0.000003,0.000000,0.999996
control_half,70.880,0.000003,0.000000,0.999996
control_half,70.960,0.000003,0.000000,0.999996
control_half,71.040,0.000003,0.000000,0.999996
control_half,71.120,0.000003,0.000000,0.999997
control_half,71.200,0.000003,0.000000,0.999997
control_half,71.280,0.000003,0.000000,0.999997
control_half,71.360,0.000003,0.000000,0.999997
control_half,71.440,0.000003,0.000000,0.999997
control_half,71.520,0.000003,0.000000,0.999997
control_half,71.600,0.000003,0.000000,0.999997
control_half,71.680,0.000003,0.000000,0.999997
control_half,71.760,0.000003,0.000000,0.999997
control_half,71.840,0.000003,0.000000,0.999997
control_half,71.920,0.000003,0.000000,0.999997
control_half,72.000,0.000003,0.000000,0.999997
control_half,72.080,0.000003,0.000000,0.999997
control_half,72.160,0.000003,0.000000,0.999997
control_half,72.240,0.000003,0.000000,0.999997
control_half,72.320,0.000003,0.000000,0.999997
control_half,72.400,0.000002,0.000000,0.999997
control_half,72.480,0.000002,0.000000,0.999997
control_half,72.560,0.000002,0.000000,0.999997
control_half,72.640,0.000002,0.000000,0.999997
control_half,72.720,0.000002,0.000000,0.999997
control_half,72.800,0.000002,0.000000,0.999998
control_half,72.880,0.000002,0.000000,0.999998
control_half,72.960,0.000002,0.000000,0.999998
control_half,73.040,0.000002,0.000000,0.999998
control_half,73.120,0.000002,0.000000,0.999998
control_half,73.200,0.000002,0.000000,0.999998
control_half,73.280,0.000002,0.000000,0.999998
control_half,73.360,0.000002,0.000000,0.999998
control_half,73.440,0.000002,0.000000,0.999998
control_half,73.520,0.000002,0.000000,0.999998
control_half,73.600,0.000002,0.000000,0.999998
control_half,73.680,0.000002,0.000000,0.999998
control_half,73.760,0.000002,0.000000,0.999998
control_half,73.840,0.000002,0.000000,0.999998
control_half,73.920,0.000002,0.000000,0.999998
control_half,74.000,0.000002,0.000000,0.999998
control_half,74.080,0.000002,0.000000,0.999998
control_half,74.160,0.000002,0.000000,0.999998
control_half,74.240,0.000002,0.000000,0.999998
control_half,74.320,0.000002,0.000000,0.999998
control_half,74.400,0.000002,0.000000,0.999998
control_half,74.480,0.000002,0.000000,0.999998
control_half,74.560,0.000002,0.000000,0.999998
control_half,74.640,0.000002,0.000000,0.999998
control_half,74.720,0.000002,0.000000,0.999998
control_half,74.800,0.000002,0.000000,0.999998
control_half,74.880,0.000002,0.000000,0.999998
control_half,74.960,0.000001,0.000000,0.999998
control_half,75.040,0.000001,0.000000,0.999998
control_half,75.120,0.000001,0.000000,0.999998
control_half,75.200,0.000001,0.000000,0.999998
control_half,75.280,0.000001,0.000000,0.999998
control_half,75.360,0.000001,0.000000,0.999999
control_half,75.440,0.000001,0.000000,0.999999
control_half,75.520,0.000001,0.000000,0.999999
control_half,75.600,0.000001,0.000000,0.999999
control_half,75.680,0.000001,0.000000,0.999999
control_half,75.760,0.000001,0.000000,0.999999
control_half,75.840,0.000001,0.000000,0.999999
control_half,75.920,0.000001,0.000000,0.999999
control_half,76.000,0.000001,0.000000,0.999999
control_half,76.080,0.000001,0.000000,0.999999
control_half,76.160,0.000001,0.000000,0.999999
control_half,76.240,0.000001,0.000000,0.999999
control_half,76.320,0.000001,0.000000,0.999999
control_half,76.400,0.000001,0.000000,0.999999
control_half,76.480,0.000001,0.000000,0.999999
control_half,76.560,0.000001,0.000000,0.999999
control_half,76.640,0.000001,0.000000,0.999999
control_half,76.720,0.000001,0.000000,0.999999
control_half,76.800,0.000001,0.000000,0.999999
control_half,76.880,0.000001,0.000000,0.999999
control_half,76.960,0.000001,0.000000,0.999999
control_half,77.040,0.000001,0.000000,0.999999
control_half,77.120,0.000001,0.000000,0.999999
control_half,77.200,0.000001,0.000000,0.999999
control_half,77.280,0.000001,0.000000,0.999999
control_half,77.360,0.000001,0.000000,0.999999
control_half,77.440,0.000001,0.000000,0.999999
control_half,77.520,0.000001,0.000000,0.999999
control_half,77.600,0.000001,0.000000,0.999999
control_half,77.680,0.000001,0.000000,0.999999
control_half,77.760,0.000001,0.000000,0.999999
control_half,77.840,0.000001,0.000000,0.999999
control_half,77.920,0.000001,0.000000,0.999999
control_half,78.000,0.000001,0.000000,0.999999
control_half,78.080,0.000001,0.000000,0.999999
control_half,78.160,0.000001,0.000000,0.999999
control_half,78.240,0.000001,0.000000,0.999999
control_half,78.320,0.000001,0.000000,0.999999
control_half,78.400,0.000001,0.000000,0.999999
control_half,78.480,0.000001,0.000000,0.999999
control_half,78.560,0.000001,0.000000,0.999999
control_half,78.640,0.000001,0.000000,0.999999
control_half,78.720,0.000001,0.000000,0.999999
control_half,78.800,0.000001,0.000000,0.999999
control_half,78.880,0.000001,0.000000,0.999999
control_half,78.960,0.000001,0.000000,0.999999
control_half,79.040,0.000001,0.000000,0.999999
control_half,79.120,0.000001,0.000000,0.999999
control_half,79.200,0.000001,0.000000,0.999999
control_half,79.280,0.000001,0.000000,0.999999
control_half,79.360,0.000001,0.000000,0.999999
control_half,79.440,0.000001,0.000000,0.999999
control_half,79.520,0.000001,0.000000,0.999999
control_half,79.600,0.000001,0.000000,0.999999
control_half,79.680,0.000001,0.000000,0.999999
control_half,79.760,0.000001,0.000000,0.999999
control_half,79.840,0.000001,0.000000,0.999999
control_half,79.920,0.000001,0.000000,0.999999
control_half,80.000,0.000001,0.000000,0.999999
control_half,80.080,0.000001,0.000000,0.999999
control_half,80.160,0.000001,0.000000,0.999999
control_half,80.240,0.000001,0.000000,0.999999
control_half,80.320,0.000001,0.000000,0.999999
control_half,80.400,0.000000,0.000000,0.999999
control_half,80.480,0.000000,0.000000,0.999999
control_half,80.560,0.000000,0.000000,0.999999
control_half,80.640,0.000000,0.000000,0.999999
control_half,80.720,0.000000,0.000000,0.999999
control_half,80.800,0.000000,0.000000,0.999999
control_half,80.880,0.000000,0.000000,1.000000
control_half,80.960,0.000000,0.000000,1.000000
control_half,81.040,0.000000,0.000000,1.000000
control_half,81.120,0.000000,0.000000,1.000000
control_half,81.200,0.000000,0.000000,1.000000
control_half,81.280,0.000000,0.000000,1.000000
control_half,81.360,0.000000,0.000000,1.000000
control_half,81.440,0.000000,0.000000,1.000000
control_half,81.520,0.000000,0.000000,1.000000
control_half,81.600,0.000000,0.000000,1.000000
control_half,81.680,0.000000,0.000000,1.000000
control_half,81.760,0.000000,0.000000,1.000000
control_half,81.840,0.000000,0.000000,1.000000
control_half,81.920,0.000000,0.000000,1.000000
control_half,82.000,0.000000,0.000000,1.000000
control_half,82.080,0.000000,0.000000,1.000000
control_half,82.160,0.000000,0.000000,1.000000
control_half,82.240,0.000000,0.000000,1.000000
control_half,82.320,0.000000,0.000000,1.000000
control_half,82.400,0.000000,0.000000,1.000000
control_half,82.480,0.000000,0.000000,1.000000
control_half,82.560,0.000000,0.000000,1.000000
control_half,82.640,0.000000,0.000000,1.000000
control_half,82.720,0.000000,0.000000,1.000000
control_half,82.800,0.000000,0.000000,1.000000
control_half,82.880,0.000000,0.000000,1.000000
control_half,82.960,0.000000,0.000000,1.000000
control_half,83.040,0.000000,0.000000,1.000000
control_half,83.120,0.000000,0.000000,1.000000
control_half,83.200,0.000000,0.000000,1.000000
control_half,83.280,0.000000,0.000000,1.000000
control_half,83.360,0.000000,0.000000,1.000000
control_half,83.440,0.000000,0.000000,1.000000
control_half,83.520,0.000000,0.000000,1.000000
control_half,83.600,0.000000,0.000000,1.000000
control_half,83.680,0.000000,0.000000,1.000000
control_half,83.760,0.000000,0.000000,1.000000
control_half,83.840,0.000000,0.000000,1.000000
control_half,83.920,0.000000,0.000000,1.000000
control_half,84.000,0.000000,0.000000,1.000000
control_half,84.080,0.000000,0.000000,1.000000
control_half,84.160,0.000000,0.000000,1.000000
control_half,84.240,0.000000,0.000000,1.000000
control_half,84.320,0.000000,0.000000,1.000000
control_half,84.400,0.000000,0.000000,1.000000
control_half,84.480,0.000000,0.000000,1.000000
control_half,84.560,0.000000,0.000000,1.000000
control_half,84.640,0.000000,0.000000,1.000000
control_half,84.720,0.000000,0.000000,1.000000
control_half,84.800,0.000000,0.000000,1.000000
control_half,84.880,0.000000,0.000000,1.000000
control_half,84.960,0.000000,0.000000,1.000000
control_half,85.040,0.000000,0.000000,1.000000
control_half,85.120,0.000000,0.000000,1.000000
control_half,85.200,0.000000,0.000000,1.000000
control_half,85.280,0.000000,0.000000,1.000000
control_half,85.360,0.000000,0.000000,1.000000
control_half,85.440,0.000000,0.000000,1.000000
control_half,85.520,0.000000,0.000000,1.000000
control_half,85.600,0.000000,0.000000,1.000000
control_half,85.680,0.000000,0.000000,1.000000
control_half,85.760,0.000000,0.000000,1.000000
control_half,85.840,0.000000,0.000000,1.000000
control_half,85.920,0.000000,0.000000,1.000000
control_half,86.000,0.000000,0.000000,1.000000
control_half,86.080,0.000000,0.000000,1.000000
control_half,86.160,0.000000,0.000000,1.000000
control_half,86.240,0.000000,0.000000,1.000000
control_half,86.320,0.000000,0.000000,1.000000
control_half,86.400,0.000000,0.000000,1.000000
control_half,86.480,0.000000,0.000000,1.000000
control_half,86.560,0.000000,0.000000,1.000000
control_half,86.640,0.000000,0.000000,1.000000
control_half,86.720,0.000000,0.000000,1.000000
control_half,86.800,0.000000,0.000000,1.000000
control_half,86.880,0.000000,0.000000,1.000000
control_half,86.960,0.000000,0.000000,1.000000
control_half,87.040,0.000000,0.000000,1.000000
control_half,87.120,0.000000,0.000000,1.000000
control_half,87.200,0.000000,0.000000,1.000000
control_half,87.280,0.000000,0.000000,1.000000
control_half,87.360,0.000000,0.000000,1.000000
control_half,87.440,0.000000,0.000000,1.000000
control_half,87.520,0.000000,0.000000,1.000000
control_half,87.600,0.000000,0.000000,1.000000
control_half,87.680,0.000000,0.000000,1.000000
control_half,87.760,0.000000,0.000000,1.000000
control_half,87.840,0.000000,0.000000,1.000000
control_half,87.920,0.000000,0.000000,1.000000
control_half,88.000,0.000000,0.000000,1.000000
control_half,88.080,0.000000,0.000000,1.000000
control_half,88.160,0.000000,0.000000,1.000000
control_half,88.240,0.000000,0.000000,1.000000
control_half,88.320,0.000000,0.000000,1.000000
control_half,88.400,0.000000,0.000000,1.000000
control_half,88.480,0.000000,0.000000,1.000000
control_half,88.560,0.000000,0.000000,1.000000
control_half,88.640,0.000000,0.000000,1.000000
control_half,88.720,0.000000,0.000000,1.000000
control_half,88.800,0.000000,0.000000,1.000000
control_half,88.880,0.000000,0.000000,1.000000
control_half,88.960,0.000000,0.000000,1.000000
control_half,89.040,0.000000,0.000000,1.000000
control_half,89.120,0.000000,0.000000,1.000000
control_half,89.200,0.000000,0.000000,1.000000
control_half,89.280,0.000000,0.000000,1.000000
control_half,89.360,0.000000,0.000000,1.000000
control_half,89.440,0.000000,0.000000,1.000000
control_half,89.520,0.000000,0.000000,1.000000
control_half,89.600,0.000000,0.000000,1.000000
control_half,89.680,0.000000,0.000000,1.000000
control_half,89.760,0.000000,0.000000,1.000000
control_half,89.840,0.000000,0.000000,1.000000
control_half,89.920,0.000000,0.000000,1.000000
control_half,90.000,0.000000,0.000000,1.000000
control_half,90.080,0.000000,0.000000,1.000000
control_half,90.160,0.000000,0.000000,1.000000
control_half,90.240,0.000000,0.000000,1.000000
control_half,90.320,0.000000,0.000000,1.000000
control_half,90.400,0.000000,0.000000,1.000000
control_half,90.480,0.000000,0.000000,1.000000
control_half,90.560,0.000000,0.000000,1.000000
control_half,90.640,0.000000,0.000000,1.000000
control_half,90.720,0.000000,0.000000,1.000000
control_half,90.800,0.000000,0.000000,1.000000
control_half,90.880,0.000000,0.000000,1.000000
control_half,90.960,0.000000,0.000000,1.000000
control_half,91.040,0.000000,0.000000,1.000000
control_half,91.120,0.000000,0.000000,1.000000
control_half,91.200,0.000000,0.000000,1.000000
control_half,91.280,0.000000,0.000000,1.000000
control_half,91.360,0.000000,0.000000,1.000000
control_half,91.440,0.000000,0.000000,1.000000
control_half,91.520,0.000000,0.000000,1.000000
control_half,91.600,0.000000,0.000000,1.000000
control_half,91.680,0.000000,0.000000,1.000000
control_half,91.760,0.000000,0.000000,1.000000
control_half,91.840,0.000000,0.000000,1.000000
control_half,91.920,0.000000,0.000000,1.000000
control_half,92.000,0.000000,0.000000,1.000000
control_half,92.080,0.000000,0.000000,1.000000
control_half,92.160,0.000000,0.000000,1.000000
control_half,92.240,0.000000,0.000000,1.000000
control_half,92.320,0.000000,0.000000,1.000000
control_half,92.400,0.000000,0.000000,1.000000
control_half,92.480,0.000000,0.000000,1.000000
control_half,92.560,0.000000,0.000000,1.000000
control_half,92.640,0.000000,0.000000,1.000000
control_half,92.720,0.000000,0.000000,1.000000
control_half,92.800,0.000000,0.000000,1.000000
control_half,92.880,0.000000,0.000000,1.000000
control_half,92.960,0.000000,0.000000,1.000000
control_half,93.040,0.000000,0.000000,1.000000
control_half,93.120,0.000000,0.000000,1.000000
control_half,93.200,0.000000,0.000000,1.000000
control_half,93.280,0.000000,0.000000,1.000000
control_half,93.360,0.000000,0.000000,1.000000
control_half,93.440,0.000000,0.000000,1.000000
control_half,93.520,0.000000,0.000000,1.000000
control_half,93.600,0.000000,0.000000,1.000000
control_half,93.680,0.000000,0.000000,1.000000
control_half,93.760,0.000000,0.000000,1.000000
control_half,93.840,0.000000,0.000000,1.000000
control_half,93.920,0.000000,0.000000,1.000000
control_half,94.000,0.000000,0.000000,1.000000
control_half,94.080,0.000000,0.000000,1.000000
control_half,94.160,0.000000,0.000000,1.000000
control_half,94.240,0.000000,0.000000,1.000000
control_half,94.320,0.000000,0.000000,1.000000
control_half,94.400,0.000000,0.000000,1.000000
control_half,94.480,0.000000,0.000000,1.000000
control_half,94.560,0.000000,0.000000,1.000000
control_half,94.640,0.000000,0.000000,1.000000
control_half,94.720,0.000000,0.000000,1.000000
control_half,94.800,0.000000,0.000000,1.000000
control_half,94.880,0.000000,0.000000,1.000000
control_half,94.960,0.000000,0.000000,1.000000
control_half,95.040,0.000000,0.000000,1.000000
control_half,95.120,0.000000,0.000000,1.000000
control_half,95.200,0.000000,0.000000,1.000000
control_half,95.280,0.000000,0.000000,1.000000
control_half,95.360,0.000000,0.000000,1.000000
control_half,95.440,0.000000,0.000000,1.000000
control_half,95.520,0.000000,0.000000,1.000000
control_half,95.600,0.000000,0.000000,1.000000
control_half,95.680,0.000000,0.000000,1.000000
control_half,95.760,0.000000,0.000000,1.000000
control_half,95.840,0.000000,0.000000,1.000000
control_half,95.920,0.000000,0.000000,1.000000
control_half,96.000,0.000000,0.000000,1.000000
control_half,96.080,0.000000,0.000000,1.000000
control_half,96.160,0.000000,0.000000,1.000000
control_half,96.240,0.000000,0.000000,1.000000
control_half,96.320,0.000000,0.000000,1.000000
control_half,96.400,0.000000,0.000000,1.000000
control_half,96.480,0.000000,0.000000,1.000000
control_half,96.560,0.000000,0.000000,1.000000
control_half,96.640,0.000000,0.000000,1.000000
control_half,96.720,0.000000,0.000000,1.000000
control_half,96.800,0.000000,0.000000,1.000000
control_half,96.880,0.000000,0.000000,1.000000
control_half,96.960,0.000000,0.000000,1.000000
control_half,97.040,0.000000,0.000000,1.000000
control_half,97.120,0.000000,0.000000,1.000000
control_half,97.200,0.000000,0.000000,1.000000
control_half,97.280,0.000000,0.000000,1.000000
control_half,97.360,0.000000,0.000000,1.000000
control_half,97.440,0.000000,0.000000,1.000000
control_half,97.520,0.000000,0.000000,1.000000
control_half,97.600,0.000000,0.000000,1.000000
control_half,97.680,0.000000,0.000000,1.000000
control_half,97.760,0.000000,0.000000,1.000000
control_half,97.840,0.000000,0.000000,1.000000
control_half,97.920,0.000000,0.000000,1.000000
control_half,98.000,0.000000,0.000000,1.000000
control_half,98.080,0.000000,0.000000,1.000000
control_half,98.160,0.000000,0.000000,1.000000
control_half,98.240,0.000000,0.000000,1.000000
control_half,98.320,0.000000,0.000000,1.000000
control_half,98.400,0.000000,0.000000,1.000000
control_half,98.480,0.000000,0.000000,1.000000
control_half,98.560,0.000000,0.000000,1.000000
control_half,98.640,0.000000,0.000000,1.000000
control_half,98.720,0.000000,0.000000,1.000000
control_half,98.800,0.000000,0.000000,1.000000
control_half,98.880,0.000000,0.000000,1.000000
control_half,98.960,0.000000,0.000000,1.000000
control_half,99.040,0.000000,0.000000,1.000000
control_half,99.120,0.000000,0.000000,1.000000
control_half,99.200,0.000000,0.000000,1.000000
control_half,99.280,0.000000,0.000000,1.000000
control_half,99.360,0.000000,0.000000,1.000000
control_half,99.440,0.000000,0.000000,1.000000
control_half,99.520,0.000000,0.000000,1.000000
control_half,99.600,0.000000,0.000000,1.000000
control_half,99.680,0.000000,0.000000,1.000000
control_half,99.760,0.000000,0.000000,1.000000
control_half,99.840,0.000000,0.000000,1.000000
control_half,99.920,0.000000,0.000000,1.000000
control_half,100.000,0.000000,0.000000,1.000000
control_half,100.080,0.000000,0.000000,1.000000
control_half,100.160,0.000000,0.000000,1.000000
control_half,100.240,0.000000,0.000000,1.000000
control_half,100.320,0.000000,0.000000,1.000000
control_half,100.400,0.000000,0.000000,1.000000
control_half,100.480,0.000000,0.000000,1.000000
control_half,100.560,0.000000,0.000000,1.000000
control_half,100.640,0.000000,0.000000,1.000000
control_half,100.720,0.000000,0.000000,1.000000
control_half,100.800,0.000000,0.000000,1.000000
control_half,100.880,0.000000,0.000000,1.000000
control_half,100.960,0.000000,0.000000,1.000000
control_half,101.040,0.000000,0.000000,1.000000
control_half,101.120,0.000000,0.000000,1.000000
control_half,101.200,0.000000,0.000000,1.000000
control_half,101.280,0.000000,0.000000,1.000000
control_half,101.360,0.000000,0.000000,1.000000
control_half,101.440,0.000000,0.000000,1.000000
control_half,101.520,0.000000,0.000000,1.000000
control_half,101.600,0.000000,0.000000,1.000000
control_half,101.680,0.000000,0.000000,1.000000
control_half,101.760,0.000000,0.000000,1.000000
control_half,101.840,0.000000,0.000000,1.000000
control_half,101.920,0.000000,0.000000,1.000000
control_half,102.000,0.000000,0.000000,1.000000
control_half,102.080,0.000000,0.000000,1.000000
control_half,102.160,0.000000,0.000000,1.000000
control_half,102.240,0.000000,0.000000,1.000000
control_half,102.320,0.000000,0.000000,1.000000
control_half,102.400,0.000000,0.000000,1.000000
control_half,102.480,0.000000,0.000000,1.000000
control_half,102.560,0.000000,0.000000,1.000000
control_half,102.640,0.000000,0.000000,1.000000
control_half,102.720,0.000000,0.000000,1.000000
control_half,102.800,0.000000,0.000000,1.000000
control_half,102.880,0.000000,0.000000,1.000000
control_half,102.960,0.000000,0.000000,1.000000
control_half,103.040,0.000000,0.000000,1.000000
control_half,103.120,0.000000,0.000000,1.000000
control_half,103.200,0.000000,0.000000,1.000000
control_half,103.280,0.000000,0.000000,1.000000
control_half,103.360,0.000000,0.000000,1.000000
control_half,103.440,0.000000,0.000000,1.000000
control_half,103.520,0.000000,0.000000,1.000000
control_half,103.600,0.000000,0.000000,1.000000
control_half,103.680,0.000000,0.000000,1.000000
control_half,103.760,0.000000,0.000000,1.000000
control_half,103.840,0.000000,0.000000,1.000000
control_half,103.920,0.000000,0.000000,1.000000
control_half,104.000,0.000000,0.000000,1.000000
control_half,104.080,0.000000,0.000000,1.000000
control_half,104.160,0.000000,0.000000,1.000000
control_half,104.240,0.000000,0.000000,1.000000
control_half,104.320,0.000000,0.000000,1.000000
control_half,104.400,0.000000,0.000000,1.000000
control_half,104.480,0.000000,0.000000,1.000000
control_half,104.560,0.000000,0.000000,1.000000
control_half,104.640,0.000000,0.000000,1.000000
control_half,104.720,0.000000,0.000000,1.000000
control_half,104.800,0.000000,0.000000,1.000000
control_half,104.880,0.000000,0.000000,1.000000
control_half,104.960,0.000000,0.000000,1.000000
control_half,105.040,0.000000,0.000000,1.000000
control_half,105.120,0.000000,0.000000,1.000000
control_half,105.200,0.000000,0.000000,1.000000
control_half,105.280,0.000000,0.000000,1.000000
control_half,105.360,0.000000,0.000000,1.000000
control_half,105.440,0.000000,0.000000,1.000000
control_half,105.520,0.000000,0.000000,1.000000
control_half,105.600,0.000000,0.000000,1.000000
control_half,105.680,0.000000,0.000000,1.000000
control_half,105.760,0.000000,0.000000,1.000000
control_half,105.840,0.000000,0.000000,1.000000
control_half,105.920,0.000000,0.000000,1.000000
control_half,106.000,0.000000,0.000000,1.000000
control_half,106.080,0.000000,0.000000,1.000000
control_half,106.160,0.000000,0.000000,1.000000
control_half,106.240,0.000000,0.000000,1.000000
control_half,106.320,0.000000,0.000000,1.000000
control_half,106.400,0.000000,0.000000,1.000000
control_half,106.480,0.000000,0.000000,1.000000
control_half,106.560,0.000000,0.000000,1.000000
control_half,106.640,0.000000,0.000000,1.000000
control_half,106.720,0.000000,0.000000,1.000000
control_half,106.800,0.000000,0.000000,1.000000
control_half,106.880,0.000000,0.000000,1.000000
control_half,106.960,0.000000,0.000000,1.000000
control_half,107.040,0.000000,0.000000,1.000000
control_half,107.120,0.000000,0.000000,1.000000
control_half,107.200,0.000000,0.000000,1.000000
control_half,107.280,0.000000,0.000000,1.000000
control_half,107.360,0.000000,0.000000,1.000000
control_half,107.440,0.000000,0.000000,1.000000
control_half,107.520,0.000000,0.000000,1.000000
control_half,107.600,0.000000,0.000000,1.000000
control_half,107.680,0.000000,0.000000,1.000000
control_half,107.760,0.000000,0.000000,1.000000
control_half,107.840,0.000000,0.000000,1.000000
control_half,107.920,0.000000,0.000000,1.000000
control_half,108.000,0.000000,0.000000,1.000000
control_half,108.080,0.000000,0.000000,1.000000
control_half,108.160,0.000000,0.000000,1.000000
control_half,108.240,0.000000,0.000000,1.000000
control_half,108.320,0.000000,0.000000,1.000000
control_half,108.400,0.000000,0.000000,1.000000
control_half,108.480,0.000000,0.000000,1.000000
control_half,108.560,0.000000,0.000000,1.000000
control_half,108.640,0.000000,0.000000,1.000000
control_half,108.720,0.000000,0.000000,1.000000
control_half,108.800,0.000000,0.000000,1.000000
control_half,108.880,0.000000,0.000000,1.000000
control_half,108.960,0.000000,0.000000,1.000000
control_half,109.040,0.000000,0.000000,1.000000
control_half,109.120,0.000000,0.000000,1.000000
control_half,109.200,0.000000,0.000000,1.000000
control_half,109.280,0.000000,0.000000,1.000000
control_half,109.360,0.000000,0.000000,1.000000
control_half,109.440,0.000000,0.000000,1.000000
control_half,109.520,0.000000,0.000000,1.000000
control_half,109.600,0.000000,0.000000,1.000000
control_half,109.680,0.000000,0.000000,1.000000
control_half,109.760,0.000000,0.000000,1.000000
control_half,109.840,0.000000,0.000000,1.000000
control_half,109.920,0.000000,0.000000,1.000000
control_half,110.000,0.000000,0.000000,1.000000
control_half,110.080,0.000000,0.000000,1.000000
control_half,110.160,0.000000,0.000000,1.000000
control_half,110.240,0.000000,0.000000,1.000000
control_half,110.320,0.000000,0.000000,1.000000
control_half,110.400,0.000000,0.000000,1.000000
control_half,110.480,0.000000,0.000000,1.000000
control_half,110.560,0.000000,0.000000,1.000000
control_half,110.640,0.000000,0.000000,1.000000
control_half,110.720,0.000000,0.000000,1.000000
control_half,110.800,0.000000,0.000000,1.000000
control_half,110.880,0.000000,0.000000,1.000000
control_half,110.960,0.000000,0.000000,1.000000
control_half,111.040,0.000000,0.000000,1.000000
control_half,111.120,0.000000,0.000000,1.000000
control_half,111.200,0.000000,0.000000,1.000000
control_half,111.280,0.000000,0.000000,1.000000
control_half,111.360,0.000000,0.000000,1.000000
control_half,111.440,0.000000,0.000000,1.000000
control_half,111.520,0.000000,0.000000,1.000000
control_half,111.600,0.000000,0.000000,1.000000
control_half,111.680,0.000000,0.000000,1.000000
control_half,111.760,0.000000,0.000000,1.000000
control_half,111.840,0.000000,0.000000,1.000000
control_half,111.920,0.000000,0.000000,1.000000
control_half,112.000,0.000000,0.000000,1.000000
control_half,112.080,0.000000,0.000000,1.000000
control_half,112.160,0.000000,0.000000,1.000000
control_half,112.240,0.000000,0.000000,1.000000
control_half,112.320,0.000000,0.000000,1.000000
control_half,112.400,0.000000,0.000000,1.000000
control_half,112.480,0.000000,0.000000,1.000000
control_half,112.560,0.000000,0.000000,1.000000
control_half,112.640,0.000000,0.000000,1.000000
control_half,112.720,0.000000,0.000000,1.000000
control_half,112.800,0.000000,0.000000,1.000000
control_half,112.880,0.000000,0.000000,1.000000
control_half,112.960,0.000000,0.000000,1.000000
control_half,113.040,0.000000,0.000000,1.000000
control_half,113.120,0.000000,0.000000,1.000000
control_half,113.200,0.000000,0.000000,1.000000
control_half,113.280,0.000000,0.000000,1.000000
control_half,113.360,0.000000,0.000000,1.000000
control_half,113.440,0.000000,0.000000,1.000000
control_half,113.520,0.000000,0.000000,1.000000
control_half,113.600,0.000000,0.000000,1.000000
control_half,113.680,0.000000,0.000000,1.000000
control_half,113.760,0.000000,0.000000,1.000000
control_half,113.840,0.000000,0.000000,1.000000
control_half,113.920,0.000000,0.000000,1.000000
control_half,114.000,0.000000,0.000000,1.000000
control_half,114.080,0.000000,0.000000,1.000000
control_half,114.160,0.000000,0.000000,1.000000
control_half,114.240,0.000000,0.000000,1.000000
control_half,114.320,0.000000,0.000000,1.000000
control_half,114.400,0.000000,0.000000,1.000000
control_half,114.480,0.000000,0.000000,1.000000
control_half,114.560,0.000000,0.000000,1.000000
control_half,114.640,0.000000,0.000000,1.000000
control_half,114.720,0.000000,0.000000,1.000000
control_half,114.800,0.000000,0.000000,1.000000
control_half,114.880,0.000000,0.000000,1.000000
control_half,114.960,0.000000,0.000000,1.000000
control_half,115.040,0.000000,0.000000,1.000000
control_half,115.120,0.000000,0.000000,1.000000
control_half,115.200,0.000000,0.000000,1.000000
control_half,115.280,0.000000,0.000000,1.000000
control_half,115.360,0.000000,0.000000,1.000000
control_half,115.440,0.000000,0.000000,1.000000
control_half,115.520,0.000000,0.000000,1.000000
control_half,115.600,0.000000,0.000000,1.000000
control_half,115.680,0.000000,0.000000,1.000000
control_half,115.760,0.000000,0.000000,1.000000
control_half,115.840,0.000000,0.000000,1.000000
control_half,115.920,0.000000,0.000000,1.000000
control_half,116.000,0.000000,0.000000,1.000000
control_half,116.080,0.000000,0.000000,1.000000
control_half,116.160,0.000000,0.000000,1.000000
control_half,116.240,0.000000,0.000000,1.000000
control_half,116.320,0.000000,0.000000,1.000000
control_half,116.400,0.000000,0.000000,1.000000
control_half,116.480,0.000000,0.000000,1.000000
control_half,116.560,0.000000,0.000000,1.000000
control_half,116.640,0.000000,0.000000,1.000000
control_half,116.720,0.000000,0.000000,1.000000
control_half,116.800,0.000000,0.000000,1.000000
control_half,116.880,0.000000,0.000000,1.000000
control_half,116.960,0.000000,0.000000,1.000000
control_half,117.040,0.000000,0.000000,1.000000
control_half,117.120,0.000000,0.000000,1.000000
control_half,117.200,0.000000,0.000000,1.000000
control_half,117.280,0.000000,0.000000,1.000000
control_half,117.360,0.000000,0.000000,1.000000
control_half,117.440,0.000000,0.000000,1.000000
control_half,117.520,0.000000,0.000000,1.000000
control_half,117.600,0.000000,0.000000,1.000000
control_half,117.680,0.000000,0.000000,1.000000
control_half,117.760,0.000000,0.000000,1.000000
control_half,117.840,0.000000,0.000000,1.000000
control_half,117.920,0.000000,0.000000,1.000000
control_half,118.000,0.000000,0.000000,1.000000
control_half,118.080,0.000000,0.000000,1.000000
control_half,118.160,0.000000,0.000000,1.000000
control_half,118.240,0.000000,0.000000,1.000000
control_half,118.320,0.000000,0.000000,1.000000
control_half,118.400,0.000000,0.000000,1.000000
control_half,118.480,0.000000,0.000000,1.000000
control_half,118.560,0.000000,0.000000,1.000000
control_half,118.640,0.000000,0.000000,1.000000
control_half,118.720,0.000000,0.000000,1.000000
control_half,118.800,0.000000,0.000000,1.000000
control_half,118.880,0.000000,0.000000,1.000000
control_half,118.960,0.000000,0.000000,1.000000
control_half,119.040,0.000000,0.000000,1.000000
control_half,119.120,0.000000,0.000000,1.000000
control_half,119.200,0.000000,0.000000,1.000000
control_half,119.280,0.000000,0.000000,1.000000
control_half,119.360,0.000000,0.000000,1.000000
control_half,119.440,0.000000,0.000000,1.000000
control_half,119.520,0.000000,0.000000,1.000000
control_half,119.600,0.000000,0.000000,1.000000
control_half,119.680,0.000000,0.000000,1.000000
control_half,119.760,0.000000,0.000000,1.000000
control_half,119.840,0.000000,0.000000,1.000000
control_half,119.920,0.000000,0.000000,1.000000
control_half,120.000,0.000000,0.000000,1.000000
