tick,maxcos_all,maxcos_old,maxcos_old_rot,n_old
299,1.00000,nan,nan,0
300,1.00000,nan,nan,1
301,1.00000,nan,nan,2
302,1.00000,nan,nan,3
303,1.00000,nan,nan,4
304,1.00000,nan,nan,5
305,1.00000,nan,nan,6
306,1.00000,nan,nan,7
307,1.00000,nan,nan,8
308,1.00000,nan,nan,9
309,1.00000,nan,nan,10
310,1.00000,nan,nan,11
311,1.00000,nan,nan,12
312,1.00000,nan,nan,13
313,1.00000,nan,nan,14
314,1.00000,nan,nan,15
315,1.00000,nan,nan,16
316,1.00000,nan,nan,17
317,1.00000,nan,nan,18
318,1.00000,nan,nan,19
319,1.00000,nan,nan,20
320,1.00000,nan,nan,21
321,1.00000,nan,nan,22
322,1.00000,nan,nan,23
323,1.00000,nan,nan,24
324,1.00000,nan,nan,25
325,1.00000,nan,nan,26
326,1.00000,nan,nan,27
327,1.00000,nan,nan,28
328,1.00000,nan,nan,29
329,1.00000,nan,nan,30
330,1.00000,nan,nan,31
331,1.00000,nan,nan,32
332,1.00000,nan,nan,33
333,1.00000,nan,nan,34
334,1.00000,nan,nan,35
335,1.00000,nan,nan,36
336,1.00000,nan,nan,37
337,1.00000,nan,nan,38
338,1.00000,nan,nan,39
339,1.00000,nan,nan,40
340,1.00000,nan,nan,41
341,1.00000,nan,nan,42
342,1.00000,nan,nan,43
343,1.00000,nan,nan,44
344,1.00000,nan,nan,45
345,1.00000,nan,nan,46
346,1.00000,nan,nan,47
347,1.00000,nan,nan,48
348,1.00000,nan,nan,49
349,1.00000,nan,nan,50
350,1.00000,nan,nan,51
351,1.00000,nan,nan,52
352,1.00000,nan,nan,53
353,1.00000,nan,nan,54
354,1.00000,nan,nan,55
355,1.00000,nan,nan,56
356,1.00000,nan,nan,57
357,1.00000,nan,nan,58
358,1.00000,nan,nan,59
359,1.00000,nan,nan,60
360,1.00000,nan,nan,61
361,1.00000,nan,nan,62
362,1.00000,nan,nan,63
363,1.00000,nan,nan,64
364,1.00000,nan,nan,65
365,1.00000,nan,nan,66
366,1.00000,nan,nan,67
367,1.00000,nan,nan,68
368,1.00000,nan,nan,69
369,1.00000,nan,nan,70
370,1.00000,nan,nan,71
371,1.00000,nan,nan,72
372,1.00000,nan,nan,73
373,1.00000,nan,nan,74
374,1.00000,nan,nan,75
375,1.00000,nan,nan,76
376,1.00000,nan,nan,77
377,1.00000,nan,nan,78
378,1.00000,nan,nan,79
379,1.00000,nan,nan,80
380,1.00000,nan,nan,81
381,1.00000,nan,nan,82
382,1.00000,nan,nan,83
383,1.00000,nan,nan,84
384,1.00000,nan,nan,85
385,1.00000,nan,nan,86
386,1.00000,nan,nan,87
387,1.00000,nan,nan,88
388,1.00000,nan,nan,89
389,1.00000,nan,nan,90
390,1.00000,nan,nan,91
391,1.00000,nan,nan,92
392,1.00000,nan,nan,93
393,1.00000,nan,nan,94
394,1.00000,nan,nan,95
395,1.00000,nan,nan,96
396,1.00000,nan,nan,97
397,1.00000,nan,nan,98
398,1.00000,nan,nan,99
399,1.00000,nan,nan,100
400,1.00000,nan,nan,101
401,1.00000,nan,nan,102
402,1.00000,nan,nan,103
403,1.00000,nan,nan,104
404,1.00000,nan,nan,105
405,1.00000,nan,nan,106
406,1.00000,nan,nan,107
407,1.00000,nan,nan,108
408,1.00000,nan,nan,109
409,1.00000,nan,nan,110
410,1.00000,nan,nan,111
411,1.00000,nan,nan,112
412,1.00000,nan,nan,113
413,1.00000,nan,nan,114
414,1.00000,nan,nan,115
415,1.00000,nan,nan,116
416,1.00000,nan,nan,117
417,1.00000,nan,nan,118
418,1.00000,nan,nan,119
419,1.00000,nan,nan,120
420,1.00000,nan,nan,121
421,1.00000,nan,nan,122
422,1.00000,nan,nan,123
423,1.00000,nan,nan,124
424,1.00000,nan,nan,125
425,1.00000,nan,nan,126
426,1.00000,nan,nan,127
427,1.00000,nan,nan,128
428,1.00000,nan,nan,129
429,1.00000,nan,nan,130
430,1.00000,nan,nan,131
431,1.00000,nan,nan,132
432,1.00000,nan,nan,133
433,1.00000,nan,nan,134
434,1.00000,nan,nan,135
435,1.00000,nan,nan,136
436,1.00000,nan,nan,137
437,1.00000,nan,nan,138
438,1.00000,nan,nan,139
439,1.00000,nan,nan,140
440,1.00000,nan,nan,141
441,1.00000,nan,nan,142
442,1.00000,nan,nan,143
443,1.00000,nan,nan,144
444,1.00000,nan,nan,145
445,1.00000,nan,nan,146
446,1.00000,nan,nan,147
447,1.00000,nan,nan,148
448,1.00000,nan,nan,149
449,1.00000,nan,nan,150
450,1.00000,nan,nan,151
451,1.00000,nan,nan,152
452,1.00000,nan,nan,153
453,1.00000,nan,nan,154
454,1.00000,nan,nan,155
455,1.00000,nan,nan,156
456,1.00000,nan,nan,157
457,1.00000,nan,nan,158
458,1.00000,nan,nan,159
459,1.00000,nan,nan,160
460,1.00000,nan,nan,161
461,1.00000,nan,nan,162
462,1.00000,nan,nan,163
463,1.00000,nan,nan,164
464,1.00000,nan,nan,165
465,1.00000,nan,nan,166
466,1.00000,nan,nan,167
467,1.00000,nan,nan,168
468,1.00000,nan,nan,169
469,1.00000,nan,nan,170
470,1.00000,nan,nan,171
471,1.00000,nan,nan,172
472,1.00000,nan,nan,173
473,1.00000,nan,nan,174
474,1.00000,nan,nan,175
475,1.00000,nan,nan,176
476,1.00000,nan,nan,177
477,1.00000,nan,nan,178
478,1.00000,nan,nan,179
479,1.00000,nan,nan,180
480,1.00000,nan,nan,181
481,1.00000,nan,nan,182
482,1.00000,nan,nan,183
483,1.00000,nan,nan,184
484,1.00000,nan,nan,185
485,1.00000,nan,nan,186
486,1.00000,nan,nan,187
487,1.00000,nan,nan,188
488,1.00000,nan,nan,189
489,1.00000,nan,nan,190
490,1.00000,nan,nan,191
491,1.00000,nan,nan,192
492,1.00000,nan,nan,193
493,1.00000,nan,nan,194
494,1.00000,nan,nan,195
495,1.00000,nan,nan,196
496,1.00000,nan,nan,197
497,1.00000,nan,nan,198
498,1.00000,nan,nan,199
499,1.00000,nan,nan,200
500,1.00000,nan,nan,201
501,1.00000,nan,nan,202
502,1.00000,nan,nan,203
503,1.00000,nan,nan,204
504,1.00000,nan,nan,205
505,1.00000,nan,nan,206
506,1.00000,nan,nan,207
507,1.00000,nan,nan,208
508,1.00000,nan,nan,209
509,1.00000,nan,nan,210
510,1.00000,nan,nan,211
511,1.00000,nan,nan,212
512,1.00000,nan,nan,213
513,1.00000,nan,nan,214
514,1.00000,nan,nan,215
515,1.00000,nan,nan,216
516,1.00000,nan,nan,217
517,1.00000,nan,nan,218
518,1.00000,nan,nan,219
519,1.00000,nan,nan,220
520,1.00000,nan,nan,221
521,1.00000,nan,nan,222
522,1.00000,nan,nan,223
523,1.00000,nan,nan,224
524,1.00000,nan,nan,225
525,1.00000,nan,nan,226
526,1.00000,nan,nan,227
527,1.00000,nan,nan,228
528,1.00000,nan,nan,229
529,1.00000,nan,nan,230
530,1.00000,nan,nan,231
531,1.00000,nan,nan,232
532,1.00000,nan,nan,233
533,1.00000,nan,nan,234
534,1.00000,nan,nan,235
535,1.00000,nan,nan,236
536,1.00000,nan,nan,237
537,1.00000,nan,nan,238
538,1.00000,nan,nan,239
539,1.00000,nan,nan,240
540,1.00000,nan,nan,241
541,1.00000,nan,nan,242
542,1.00000,nan,nan,243
543,1.00000,nan,nan,244
544,1.00000,nan,nan,245
545,1.00000,nan,nan,246
546,1.00000,nan,nan,247
547,1.00000,nan,nan,248
548,1.00000,nan,nan,249
549,1.00000,nan,nan,250
550,1.00000,nan,nan,251
551,1.00000,nan,nan,252
552,1.00000,nan,nan,253
553,1.00000,nan,nan,254
554,1.00000,nan,nan,255
555,1.00000,nan,nan,256
556,1.00000,nan,nan,257
557,1.00000,nan,nan,258
558,1.00000,nan,nan,259
559,1.00000,nan,nan,260
560,1.00000,nan,nan,261
561,1.00000,nan,nan,262
562,1.00000,nan,nan,263
563,1.00000,nan,nan,264
564,1.00000,nan,nan,265
565,1.00000,nan,nan,266
566,1.00000,nan,nan,267
567,1.00000,nan,nan,268
568,1.00000,nan,nan,269
569,1.00000,nan,nan,270
570,1.00000,nan,nan,271
571,1.00000,nan,nan,272
572,1.00000,nan,nan,273
573,1.00000,nan,nan,274
574,1.00000,nan,nan,275
575,1.00000,nan,nan,276
576,1.00000,nan,nan,277
577,1.00000,nan,nan,278
578,1.00000,nan,nan,279
579,1.00000,nan,nan,280
580,1.00000,nan,nan,281
581,1.00000,nan,nan,282
582,1.00000,nan,nan,283
583,1.00000,nan,nan,284
584,1.00000,nan,nan,285
585,1.00000,nan,nan,286
586,1.00000,nan,nan,287
587,1.00000,nan,nan,288
588,1.00000,nan,nan,289
589,1.00000,nan,nan,290
590,1.00000,nan,nan,291
591,1.00000,nan,nan,292
592,1.00000,nan,nan,293
593,1.00000,nan,nan,294
594,1.00000,nan,nan,295
595,1.00000,nan,nan,296
596,1.00000,nan,nan,297
597,1.00000,nan,nan,298
598,1.00000,nan,nan,299
599,1.00000,0.95659,0.01265,300
600,1.00000,0.95421,0.04674,301
601,1.00000,0.93322,-0.07924,302
602,1.00000,0.94682,-0.05628,303
603,1.00000,0.95253,-0.01209,304
604,1.00000,0.96112,-0.08044,305
605,1.00000,0.96380,0.01338,306
606,1.00000,0.97073,-0.11724,307
607,1.00000,0.96596,0.05700,308
608,1.00000,0.96135,-0.12947,309
609,1.00000,0.96869,-0.04277,310
610,1.00000,0.96369,-0.07785,311
611,1.00000,0.96772,0.04442,312
612,1.00000,0.97361,-0.12205,313
613,1.00000,0.97947,-0.03501,314
614,1.00000,0.94826,-0.13716,315
615,1.00000,0.95985,-0.01563,316
616,1.00000,0.93634,-0.04301,317
617,1.00000,0.96243,-0.10257,318
618,1.00000,0.95957,0.04830,319
619,1.00000,0.96509,-0.03260,320
620,1.00000,0.96405,0.01726,321
621,1.00000,0.96956,-0.02930,322
622,1.00000,0.94943,-0.01669,323
623,1.00000,0.95278,-0.12276,324
624,1.00000,0.96105,-0.00650,325
625,1.00000,0.95732,-0.00919,326
626,1.00000,0.96602,-0.01786,327
627,1.00000,0.95457,-0.01936,328
628,1.00000,0.96293,-0.08693,329
629,1.00000,0.97669,-0.04552,330
630,1.00000,0.98413,-0.12172,331
631,1.00000,0.97938,0.03634,332
632,1.00000,0.95843,0.04126,333
633,1.00000,0.95912,0.04391,334
634,1.00000,0.95251,-0.09449,335
635,1.00000,0.95329,-0.06853,336
636,1.00000,0.94007,-0.01827,337
637,1.00000,0.96281,0.02516,338
638,1.00000,0.95112,0.00662,339
639,1.00000,0.95633,-0.07068,340
640,1.00000,0.94304,0.00989,341
641,1.00000,0.96469,-0.15627,342
642,1.00000,0.94013,-0.04770,343
643,1.00000,0.95662,-0.09885,344
644,1.00000,0.94852,0.02246,345
645,1.00000,0.95218,-0.07240,346
646,1.00000,0.96811,-0.01052,347
647,1.00000,0.95764,-0.05881,348
648,1.00000,0.96602,-0.03386,349
649,1.00000,0.96507,-0.14558,350
650,1.00000,0.97610,-0.06059,351
651,1.00000,0.96381,-0.04975,352
652,1.00000,0.96216,0.02538,353
653,1.00000,0.95187,-0.13771,354
654,1.00000,0.96489,-0.02922,355
655,1.00000,0.97331,-0.06511,356
656,1.00000,0.97044,-0.04000,357
657,1.00000,0.96755,-0.05175,358
658,1.00000,0.96891,-0.00704,359
659,1.00000,0.95621,-0.05888,360
660,1.00000,0.96803,-0.04267,361
661,1.00000,0.97718,-0.12202,362
662,1.00000,0.95786,-0.05206,363
663,1.00000,0.97160,-0.01343,364
664,1.00000,0.96789,0.03291,365
665,1.00000,0.97582,-0.01724,366
666,1.00000,0.97363,-0.01417,367
667,1.00000,0.96719,-0.11942,368
668,1.00000,0.96434,-0.04714,369
669,1.00000,0.95484,-0.11820,370
670,1.00000,0.96586,-0.00620,371
671,1.00000,0.95582,0.01221,372
672,1.00000,0.96979,-0.08429,373
673,1.00000,0.96993,-0.02414,374
674,1.00000,0.97892,-0.12392,375
675,1.00000,0.97404,-0.00538,376
676,1.00000,0.94026,-0.13361,377
677,1.00000,0.96485,0.09840,378
678,1.00000,0.93179,-0.16120,379
679,1.00000,0.96284,0.06559,380
680,1.00000,0.96126,-0.04810,381
681,1.00000,0.95045,0.16087,382
682,1.00000,0.96382,-0.16030,383
683,1.00000,0.97559,0.04227,384
684,1.00000,0.95651,-0.22355,385
685,1.00000,0.93262,0.05466,386
686,1.00000,0.93378,-0.10799,387
687,1.00000,0.94892,0.03136,388
688,1.00000,0.94018,-0.10014,389
689,1.00000,0.96922,0.00735,390
690,1.00000,0.96416,-0.13961,391
691,1.00000,0.95939,0.06984,392
692,1.00000,0.94877,-0.04142,393
693,1.00000,0.96709,-0.09822,394
694,1.00000,0.97838,0.00407,395
695,1.00000,0.97425,0.01086,396
696,1.00000,0.97265,-0.02136,397
697,1.00000,0.97357,-0.04942,398
698,1.00000,0.95971,-0.07981,399
699,1.00000,0.95368,-0.02370,400
700,1.00000,0.96557,-0.08154,401
701,1.00000,0.96883,-0.07906,402
702,1.00000,0.96490,0.04939,403
703,1.00000,0.96421,-0.01699,404
704,1.00000,0.97298,0.03449,405
705,1.00000,0.96982,-0.03385,406
706,1.00000,0.96326,0.06125,407
707,1.00000,0.97749,-0.04332,408
708,1.00000,0.97566,0.00524,409
709,1.00000,0.97465,-0.05064,410
710,1.00000,0.96796,0.05473,411
711,1.00000,0.95610,-0.11539,412
712,1.00000,0.94561,-0.04545,413
713,1.00000,0.94917,-0.11158,414
714,1.00000,0.94412,0.05997,415
715,1.00000,0.94747,-0.05976,416
716,1.00000,0.95549,-0.08813,417
717,1.00000,0.95776,-0.03826,418
718,1.00000,0.95798,-0.01552,419
719,1.00000,0.98075,-0.08062,420
720,1.00000,0.96735,-0.12703,421
721,1.00000,0.96724,0.00235,422
722,1.00000,0.97697,-0.07376,423
723,1.00000,0.98157,0.04401,424
724,1.00000,0.97396,-0.06706,425
725,1.00000,0.96862,0.04064,426
726,1.00000,0.97819,-0.06624,427
727,1.00000,0.97060,0.09792,428
728,1.00000,0.97456,-0.12902,429
729,1.00000,0.96319,0.06983,430
730,1.00000,0.96892,-0.08455,431
731,1.00000,0.97431,0.05208,432
732,1.00000,0.96152,-0.10143,433
733,1.00000,0.95915,0.03639,434
734,1.00000,0.97232,-0.03971,435
735,1.00000,0.97121,-0.06056,436
736,1.00000,0.96745,-0.00073,437
737,1.00000,0.95261,-0.11243,438
738,1.00000,0.93216,0.02785,439
739,1.00000,0.96016,-0.07068,440
740,1.00000,0.96621,0.07714,441
741,1.00000,0.98037,-0.12037,442
742,1.00000,0.97814,0.11777,443
743,1.00000,0.96275,-0.09304,444
744,1.00000,0.97049,0.06084,445
745,1.00000,0.97385,-0.13180,446
746,1.00000,0.97264,0.02769,447
747,1.00000,0.96137,-0.10546,448
748,1.00000,0.97163,-0.01656,449
749,1.00000,0.96762,-0.11247,450
750,1.00000,0.95751,-0.03058,451
751,1.00000,0.92151,-0.06855,452
752,1.00000,0.96264,-0.04916,453
753,1.00000,0.95037,-0.02458,454
754,1.00000,0.96953,-0.03876,455
755,1.00000,0.96698,0.01578,456
756,1.00000,0.96017,-0.12210,457
757,1.00000,0.96870,0.07285,458
758,1.00000,0.89957,-0.01986,459
759,1.00000,0.92355,-0.02435,460
760,1.00000,0.94877,-0.08328,461
761,1.00000,0.95479,-0.08247,462
762,1.00000,0.96718,-0.03582,463
763,1.00000,0.96744,-0.03647,464
764,1.00000,0.98091,-0.00547,465
765,1.00000,0.96899,0.06348,466
766,1.00000,0.95936,-0.12495,467
767,1.00000,0.97555,-0.05535,468
768,1.00000,0.97056,-0.06924,469
769,1.00000,0.97227,-0.00010,470
770,1.00000,0.94269,-0.00621,471
771,1.00000,0.96718,-0.07609,472
772,1.00000,0.95492,-0.09778,473
773,1.00000,0.96676,-0.09189,474
774,1.00000,0.96661,0.04173,475
775,1.00000,0.95051,-0.05234,476
776,1.00000,0.96778,-0.04182,477
777,1.00000,0.96314,-0.02221,478
778,1.00000,0.96162,-0.03055,479
779,1.00000,0.97550,0.03889,480
780,1.00000,0.97320,-0.07944,481
781,1.00000,0.95878,0.06333,482
782,1.00000,0.97372,-0.08398,483
783,1.00000,0.96577,-0.02477,484
784,1.00000,0.97130,-0.07821,485
785,1.00000,0.96897,0.00903,486
786,1.00000,0.96119,-0.04913,487
787,1.00000,0.97019,0.02619,488
788,1.00000,0.95338,-0.03774,489
789,1.00000,0.96749,0.04448,490
790,1.00000,0.96774,0.01204,491
791,1.00000,0.95488,-0.06654,492
792,1.00000,0.96103,-0.03766,493
793,1.00000,0.94302,0.02162,494
794,1.00000,0.95521,-0.04557,495
795,1.00000,0.96779,0.02051,496
796,1.00000,0.96511,-0.05633,497
797,1.00000,0.97049,-0.10799,498
798,1.00000,0.93683,-0.02270,499
799,1.00000,0.95843,0.01059,500
800,1.00000,0.96206,0.04427,501
801,1.00000,0.96148,-0.10720,502
802,1.00000,0.96770,-0.01883,503
803,1.00000,0.96357,-0.13952,504
804,1.00000,0.96926,0.00417,505
805,1.00000,0.97030,-0.06500,506
806,1.00000,0.94778,-0.05387,507
807,1.00000,0.95671,-0.10495,508
808,1.00000,0.96815,0.05844,509
809,1.00000,0.96604,-0.17643,510
810,1.00000,0.97485,0.07981,511
811,1.00000,0.95309,-0.08201,512
812,1.00000,0.95743,0.10329,513
813,1.00000,0.96040,-0.07620,514
814,1.00000,0.97144,0.05718,515
815,1.00000,0.95930,-0.12159,516
816,1.00000,0.97781,-0.08551,517
817,1.00000,0.97119,-0.10550,518
818,1.00000,0.95872,0.02606,519
819,1.00000,0.95659,0.06297,520
820,1.00000,0.93070,-0.02532,521
821,1.00000,0.96012,-0.06931,522
822,1.00000,0.93540,-0.14041,523
823,1.00000,0.94868,0.00217,524
824,1.00000,0.96504,0.00009,525
825,1.00000,0.97624,0.06995,526
826,1.00000,0.96277,-0.08897,527
827,1.00000,0.96684,0.13089,528
828,1.00000,0.97912,-0.10942,529
829,1.00000,0.97530,0.08465,530
830,1.00000,0.97434,-0.12609,531
831,1.00000,0.96615,-0.06242,532
832,1.00000,0.96294,-0.04838,533
833,1.00000,0.98062,-0.02518,534
834,1.00000,0.97010,-0.00120,535
835,1.00000,0.96311,-0.10695,536
836,1.00000,0.97164,0.02482,537
837,1.00000,0.98478,-0.10760,538
838,1.00000,0.97853,0.12271,539
839,1.00000,0.96338,-0.11609,540
840,1.00000,0.95607,0.11545,541
841,1.00000,0.94511,-0.08518,542
842,1.00000,0.96580,0.12455,543
843,1.00000,0.94563,-0.15556,544
844,1.00000,0.95845,0.07198,545
845,1.00000,0.96083,-0.06562,546
846,1.00000,0.96198,0.14280,547
847,1.00000,0.95849,0.00506,548
848,1.00000,0.96310,0.10950,549
849,1.00000,0.94924,-0.08200,550
850,1.00000,0.96811,-0.10514,551
851,1.00000,0.97134,-0.04920,552
852,1.00000,0.97662,-0.01472,553
853,1.00000,0.95274,0.04290,554
854,1.00000,0.96164,-0.10350,555
855,1.00000,0.95719,0.14054,556
856,1.00000,0.95212,-0.10801,557
857,1.00000,0.97173,0.10413,558
858,1.00000,0.97180,-0.13078,559
859,1.00000,0.97034,0.06789,560
860,1.00000,0.96726,-0.14223,561
861,1.00000,0.95296,0.08913,562
862,1.00000,0.95538,-0.13859,563
863,1.00000,0.96777,0.01715,564
864,1.00000,0.95035,-0.14488,565
865,1.00000,0.95928,-0.03296,566
866,1.00000,0.96453,-0.01758,567
867,1.00000,0.97536,-0.01646,568
868,1.00000,0.96993,-0.01081,569
869,1.00000,0.97195,-0.01138,570
870,1.00000,0.95023,0.13416,571
871,1.00000,0.96821,-0.08250,572
872,1.00000,0.94103,0.06785,573
873,1.00000,0.95689,-0.11500,574
874,1.00000,0.95807,0.10842,575
875,1.00000,0.93767,-0.16947,576
876,1.00000,0.97179,0.02030,577
877,1.00000,0.95840,-0.19331,578
878,1.00000,0.98227,0.05312,579
879,1.00000,0.97862,-0.04834,580
880,1.00000,0.97186,0.10263,581
881,1.00000,0.97431,-0.12460,582
882,1.00000,0.98621,0.02936,583
883,1.00000,0.97399,-0.17877,584
884,1.00000,0.96133,0.05542,585
885,1.00000,0.94458,-0.01892,586
886,1.00000,0.95027,-0.06649,587
887,1.00000,0.95639,-0.12222,588
888,1.00000,0.94795,0.01044,589
889,1.00000,0.92236,-0.05846,590
890,1.00000,0.94759,-0.03422,591
891,1.00000,0.96129,-0.05724,592
892,1.00000,0.94911,0.00796,593
893,1.00000,0.96060,-0.10205,594
894,1.00000,0.93806,-0.05622,595
895,1.00000,0.94838,0.05224,596
896,1.00000,0.95923,-0.00003,597
897,1.00000,0.96769,-0.01905,598
898,1.00000,0.96714,-0.11180,599
899,1.00000,0.97269,0.02124,600
900,1.00000,0.96084,-0.08061,601
901,1.00000,0.97442,0.02572,602
902,1.00000,0.96354,-0.10477,603
903,1.00000,0.97371,-0.03529,604
904,1.00000,0.97289,-0.05037,605
905,1.00000,0.96423,-0.07574,606
906,1.00000,0.97680,-0.05626,607
907,1.00000,0.97445,-0.05530,608
908,1.00000,0.97025,0.06220,609
909,1.00000,0.96893,-0.07337,610
910,1.00000,0.97896,0.07620,611
911,1.00000,0.95882,0.01945,612
912,1.00000,0.95226,-0.06633,613
913,1.00000,0.97002,-0.08329,614
914,1.00000,0.96574,0.01204,615
915,1.00000,0.95868,-0.09211,616
916,1.00000,0.96756,0.06162,617
917,1.00000,0.94676,0.03117,618
918,1.00000,0.96402,-0.04058,619
919,1.00000,0.95183,-0.10642,620
920,1.00000,0.95885,0.03085,621
921,1.00000,0.93856,0.03056,622
922,1.00000,0.95491,0.07434,623
923,1.00000,0.94993,-0.02001,624
924,1.00000,0.95624,-0.12581,625
925,1.00000,0.95963,-0.07257,626
926,1.00000,0.96415,0.02208,627
927,1.00000,0.94915,0.06820,628
928,1.00000,0.96815,-0.09267,629
929,1.00000,0.95975,0.08550,630
930,1.00000,0.96808,-0.15264,631
931,1.00000,0.97517,0.01001,632
932,1.00000,0.95446,-0.13734,633
933,1.00000,0.96131,0.09378,634
934,1.00000,0.96131,-0.13718,635
935,1.00000,0.97148,0.04481,636
936,1.00000,0.96496,-0.12556,637
937,1.00000,0.97125,0.06562,638
938,1.00000,0.96438,-0.03689,639
939,1.00000,0.97734,0.02048,640
940,1.00000,0.95688,-0.13860,641
941,1.00000,0.97453,-0.04747,642
942,1.00000,0.97564,-0.12339,643
943,1.00000,0.97938,-0.00915,644
944,1.00000,0.96345,0.04939,645
945,1.00000,0.96885,-0.01934,646
946,1.00000,0.97450,0.03823,647
947,1.00000,0.94465,0.05489,648
948,1.00000,0.95238,-0.05409,649
949,1.00000,0.94388,-0.08737,650
950,1.00000,0.95087,-0.01877,651
951,1.00000,0.97698,0.01880,652
952,1.00000,0.97476,0.10844,653
953,1.00000,0.94554,-0.07984,654
954,1.00000,0.95834,0.01300,655
955,1.00000,0.95360,-0.06153,656
956,1.00000,0.95996,0.15301,657
957,1.00000,0.95936,-0.06685,658
958,1.00000,0.97922,0.07407,659
959,1.00000,0.97168,-0.16869,660
960,1.00000,0.97653,0.03432,661
961,1.00000,0.95670,-0.15614,662
962,1.00000,0.95099,-0.01882,663
963,1.00000,0.95893,-0.06657,664
964,1.00000,0.95552,-0.01408,665
965,1.00000,0.93722,-0.04629,666
966,1.00000,0.95799,-0.04737,667
967,1.00000,0.96427,0.05852,668
968,1.00000,0.95251,-0.05304,669
969,1.00000,0.97360,0.05192,670
970,1.00000,0.98480,-0.15455,671
971,1.00000,0.98986,0.05282,672
972,1.00000,0.96842,0.02054,673
973,1.00000,0.97400,0.13457,674
974,1.00000,0.98047,-0.12412,675
975,1.00000,0.98221,-0.00775,676
976,1.00000,0.97576,-0.05456,677
977,1.00000,0.98910,-0.01130,678
978,1.00000,0.97636,-0.13038,679
979,1.00000,0.98629,-0.02038,680
980,1.00000,0.95936,0.05533,681
981,1.00000,0.97938,0.05987,682
982,1.00000,0.95975,0.00029,683
983,1.00000,0.97719,-0.03391,684
984,1.00000,0.96798,0.00575,685
985,1.00000,0.95072,-0.04014,686
986,1.00000,0.95519,0.07800,687
987,1.00000,0.96163,-0.07380,688
988,1.00000,0.97111,0.01030,689
989,1.00000,0.94783,-0.01841,690
990,1.00000,0.95560,0.10342,691
991,1.00000,0.95684,-0.08843,692
992,1.00000,0.97008,0.07668,693
993,1.00000,0.96434,-0.05261,694
994,1.00000,0.98079,0.05532,695
995,1.00000,0.95535,-0.10781,696
996,1.00000,0.95928,0.03374,697
997,1.00000,0.95818,0.05786,698
998,1.00000,0.96133,-0.06655,699
999,1.00000,0.96859,-0.00320,700
1000,1.00000,0.96377,-0.06174,701
1001,1.00000,0.96532,0.07611,702
1002,1.00000,0.96444,0.02061,703
1003,1.00000,0.97202,0.08210,704
1004,1.00000,0.96617,-0.10017,705
1005,1.00000,0.98374,0.04770,706
1006,1.00000,0.95645,-0.11459,707
1007,1.00000,0.95579,0.03983,708
1008,1.00000,0.95258,-0.20589,709
1009,1.00000,0.96889,0.00875,710
1010,1.00000,0.98167,-0.09729,711
1011,1.00000,0.98231,0.10489,712
1012,1.00000,0.95435,-0.10461,713
1013,1.00000,0.96807,-0.02359,714
1014,1.00000,0.95118,-0.08399,715
1015,1.00000,0.96766,0.07387,716
1016,1.00000,0.96094,-0.06438,717
1017,1.00000,0.96923,-0.00342,718
1018,1.00000,0.95461,-0.04268,719
1019,1.00000,0.94199,0.01062,720
1020,1.00000,0.94212,0.05377,721
1021,1.00000,0.96570,0.00784,722
1022,1.00000,0.96714,-0.09123,723
1023,1.00000,0.97283,-0.04981,724
1024,1.00000,0.96766,-0.02106,725
1025,1.00000,0.97561,-0.03344,726
1026,1.00000,0.97146,-0.01149,727
1027,1.00000,0.97474,-0.07809,728
1028,1.00000,0.96515,0.09196,729
1029,1.00000,0.96140,-0.07488,730
1030,1.00000,0.96857,0.02932,731
1031,1.00000,0.97445,-0.12615,732
1032,1.00000,0.97609,0.04715,733
1033,1.00000,0.98450,-0.08865,734
1034,1.00000,0.97275,0.17460,735
1035,1.00000,0.95646,-0.08014,736
1036,1.00000,0.97115,-0.03873,737
1037,1.00000,0.96116,-0.13653,738
1038,1.00000,0.95315,0.07521,739
1039,1.00000,0.93049,-0.09873,740
1040,1.00000,0.95857,-0.01554,741
1041,1.00000,0.97128,-0.02964,742
1042,1.00000,0.96428,0.04096,743
1043,1.00000,0.94630,-0.04517,744
1044,1.00000,0.98224,-0.04593,745
1045,1.00000,0.95484,-0.04416,746
1046,1.00000,0.95758,-0.01933,747
1047,1.00000,0.96490,0.03829,748
1048,1.00000,0.97886,-0.01419,749
1049,1.00000,0.96819,-0.06767,750
1050,1.00000,0.96207,-0.11708,751
1051,1.00000,0.95497,-0.04145,752
1052,1.00000,0.95781,-0.02227,753
1053,1.00000,0.97009,0.01357,754
1054,1.00000,0.95486,-0.08495,755
1055,1.00000,0.95584,-0.06710,756
1056,1.00000,0.96004,-0.00439,757
1057,1.00000,0.94768,0.08892,758
1058,1.00000,0.96188,-0.02916,759
1059,1.00000,0.96846,0.03935,760
1060,1.00000,0.96074,-0.12955,761
1061,1.00000,0.97033,-0.02302,762
1062,1.00000,0.97199,0.04754,763
1063,1.00000,0.94530,0.06548,764
1064,1.00000,0.96069,0.02325,765
1065,1.00000,0.95823,-0.05801,766
1066,1.00000,0.96074,0.03447,767
1067,1.00000,0.95619,-0.12314,768
1068,1.00000,0.97443,0.06541,769
1069,1.00000,0.97078,-0.13168,770
1070,1.00000,0.97610,-0.00405,771
1071,1.00000,0.97250,-0.05877,772
1072,1.00000,0.97754,0.01597,773
1073,1.00000,0.98168,-0.05644,774
1074,1.00000,0.97380,-0.02325,775
1075,1.00000,0.96697,-0.09292,776
1076,1.00000,0.97282,-0.09250,777
1077,1.00000,0.96246,0.07430,778
1078,1.00000,0.97614,-0.02298,779
1079,1.00000,0.98075,0.05904,780
1080,1.00000,0.95813,-0.03124,781
1081,1.00000,0.96271,0.12662,782
1082,1.00000,0.96617,-0.07270,783
1083,1.00000,0.97706,-0.01532,784
1084,1.00000,0.95788,-0.12276,785
1085,1.00000,0.97443,-0.02170,786
1086,1.00000,0.98209,-0.09341,787
1087,1.00000,0.98016,-0.00434,788
1088,1.00000,0.95810,-0.08572,789
1089,1.00000,0.97619,0.00689,790
1090,1.00000,0.96575,-0.08161,791
1091,1.00000,0.97511,-0.05048,792
1092,1.00000,0.97707,-0.02723,793
1093,1.00000,0.98029,0.01874,794
1094,1.00000,0.97080,-0.03131,795
1095,1.00000,0.97805,0.00982,796
1096,1.00000,0.97369,0.03080,797
1097,1.00000,0.98306,-0.00535,798
1098,1.00000,0.98273,-0.09284,799
1099,1.00000,0.98673,-0.04155,800
1100,1.00000,0.97575,-0.01087,801
1101,1.00000,0.98347,-0.03722,802
1102,1.00000,0.96646,-0.01318,803
1103,1.00000,0.97451,-0.03207,804
1104,1.00000,0.97640,-0.04735,805
1105,1.00000,0.98058,-0.06048,806
1106,1.00000,0.97754,-0.01753,807
1107,1.00000,0.98369,-0.06266,808
1108,1.00000,0.98367,-0.01636,809
1109,1.00000,0.97185,0.04548,810
1110,1.00000,0.97738,-0.01005,811
1111,1.00000,0.97232,0.03589,812
1112,1.00000,0.97024,0.04323,813
1113,1.00000,0.97706,0.02724,814
1114,1.00000,0.97152,-0.03048,815
1115,1.00000,0.95145,-0.09188,816
1116,1.00000,0.95429,0.00627,817
1117,1.00000,0.95490,-0.10980,818
1118,1.00000,0.95470,-0.02499,819
1119,1.00000,0.96397,-0.15480,820
1120,1.00000,0.96560,0.11088,821
1121,1.00000,0.95820,-0.02398,822
1122,1.00000,0.94703,0.16918,823
1123,1.00000,0.97241,-0.14259,824
1124,1.00000,0.97688,0.10048,825
1125,1.00000,0.94804,-0.14943,826
1126,1.00000,0.97076,0.18371,827
1127,1.00000,0.93628,-0.15783,828
1128,1.00000,0.96776,0.06090,829
1129,1.00000,0.95296,-0.03524,830
1130,1.00000,0.96777,0.07911,831
1131,1.00000,0.97043,-0.01077,832
1132,1.00000,0.96676,-0.09874,833
1133,1.00000,0.95741,-0.01953,834
1134,1.00000,0.94928,-0.04731,835
1135,1.00000,0.95567,0.11311,836
1136,1.00000,0.94809,0.00890,837
1137,1.00000,0.97427,0.05204,838
1138,1.00000,0.94954,-0.15473,839
1139,1.00000,0.96117,0.08057,840
1140,1.00000,0.95316,-0.11851,841
1141,1.00000,0.98015,0.07061,842
1142,1.00000,0.97638,-0.07699,843
1143,1.00000,0.96862,0.10282,844
1144,1.00000,0.95880,-0.10527,845
1145,1.00000,0.97293,-0.02102,846
1146,1.00000,0.94924,-0.17557,847
1147,1.00000,0.95604,-0.02016,848
1148,1.00000,0.95636,0.03687,849
1149,1.00000,0.96121,-0.03192,850
1150,1.00000,0.95950,-0.03532,851
1151,1.00000,0.96958,-0.04925,852
1152,1.00000,0.95957,0.07222,853
1153,1.00000,0.96957,0.00404,854
1154,1.00000,0.97201,-0.00952,855
1155,1.00000,0.97889,-0.09090,856
1156,1.00000,0.97293,-0.00875,857
1157,1.00000,0.95191,0.04342,858
1158,1.00000,0.95677,0.11593,859
1159,1.00000,0.95311,-0.01435,860
1160,1.00000,0.97762,-0.02362,861
1161,1.00000,0.98371,-0.07956,862
1162,1.00000,0.96413,-0.01123,863
1163,1.00000,0.95849,-0.08632,864
1164,1.00000,0.96236,0.00245,865
1165,1.00000,0.93824,0.04321,866
1166,1.00000,0.93788,-0.04133,867
1167,1.00000,0.95254,-0.02779,868
1168,1.00000,0.92996,-0.06556,869
1169,1.00000,0.92845,0.13145,870
1170,1.00000,0.95917,-0.07606,871
1171,1.00000,0.96109,0.01270,872
1172,1.00000,0.97639,-0.09664,873
1173,1.00000,0.97554,0.03654,874
1174,1.00000,0.97565,-0.11454,875
1175,1.00000,0.97647,0.07677,876
1176,1.00000,0.96080,0.01467,877
1177,1.00000,0.97603,0.07074,878
1178,1.00000,0.96595,-0.05057,879
1179,1.00000,0.95510,0.04712,880
1180,1.00000,0.94487,0.00746,881
1181,1.00000,0.93964,-0.07310,882
1182,1.00000,0.93019,-0.01426,883
1183,1.00000,0.95363,-0.13084,884
1184,1.00000,0.96630,0.07953,885
1185,1.00000,0.97213,-0.09685,886
1186,1.00000,0.96420,0.05237,887
1187,1.00000,0.95358,-0.09386,888
1188,1.00000,0.96816,0.07231,889
1189,1.00000,0.97158,-0.07003,890
1190,1.00000,0.97612,0.00399,891
1191,1.00000,0.97082,-0.09779,892
1192,1.00000,0.97214,0.04715,893
1193,1.00000,0.96652,-0.02065,894
1194,1.00000,0.96699,0.04991,895
1195,1.00000,0.96616,-0.04155,896
1196,1.00000,0.97966,-0.13076,897
1197,1.00000,0.95807,-0.00677,898
1198,1.00000,0.96631,-0.02988,899
1199,1.00000,0.97173,0.00396,900
1200,1.00000,0.97328,-0.08109,901
1201,1.00000,0.96987,-0.03274,902
1202,1.00000,0.97679,-0.13500,903
1203,1.00000,0.96491,-0.00285,904
1204,1.00000,0.96800,-0.02409,905
1205,1.00000,0.97782,0.05404,906
1206,1.00000,0.96945,-0.05992,907
1207,1.00000,0.97291,-0.05953,908
1208,1.00000,0.97091,-0.10219,909
1209,1.00000,0.96764,-0.08194,910
1210,1.00000,0.97435,-0.01192,911
1211,1.00000,0.98132,-0.00062,912
1212,1.00000,0.97342,-0.04000,913
1213,1.00000,0.98226,-0.02071,914
1214,1.00000,0.97214,0.06168,915
1215,1.00000,0.97384,-0.06491,916
1216,1.00000,0.97511,0.07234,917
1217,1.00000,0.97271,-0.10396,918
1218,1.00000,0.97284,0.01563,919
1219,1.00000,0.96916,-0.05354,920
1220,1.00000,0.97316,-0.04864,921
1221,1.00000,0.97972,-0.01867,922
1222,1.00000,0.96696,-0.04269,923
1223,1.00000,0.95986,-0.03600,924
1224,1.00000,0.96756,-0.02940,925
1225,1.00000,0.95601,-0.01839,926
1226,1.00000,0.96665,-0.10360,927
1227,1.00000,0.96945,-0.02660,928
1228,1.00000,0.96948,-0.04248,929
1229,1.00000,0.96920,-0.00460,930
1230,1.00000,0.96759,-0.02688,931
1231,1.00000,0.97930,-0.12121,932
1232,1.00000,0.97731,-0.05454,933
1233,1.00000,0.97806,-0.01408,934
1234,1.00000,0.97557,0.02681,935
1235,1.00000,0.98089,-0.09632,936
1236,1.00000,0.97055,-0.01032,937
1237,1.00000,0.96799,-0.05812,938
1238,1.00000,0.96250,0.08111,939
1239,1.00000,0.97230,-0.02928,940
1240,1.00000,0.98205,0.02498,941
1241,1.00000,0.97654,-0.13232,942
1242,1.00000,0.98463,-0.00431,943
1243,1.00000,0.98220,-0.07577,944
1244,1.00000,0.98440,0.01245,945
1245,1.00000,0.98012,-0.06142,946
1246,1.00000,0.98387,-0.04589,947
1247,1.00000,0.97531,-0.09192,948
1248,1.00000,0.97600,-0.11454,949
1249,1.00000,0.97312,0.00959,950
1250,1.00000,0.96922,0.02700,951
1251,1.00000,0.96995,0.02533,952
1252,1.00000,0.96774,-0.04107,953
1253,1.00000,0.97119,-0.02000,954
1254,1.00000,0.97074,-0.10252,955
1255,1.00000,0.97741,0.05004,956
1256,1.00000,0.97701,-0.13029,957
1257,1.00000,0.97408,0.06103,958
1258,1.00000,0.96689,-0.12390,959
1259,1.00000,0.97827,0.04095,960
1260,1.00000,0.97746,-0.11781,961
1261,1.00000,0.96817,-0.01931,962
1262,1.00000,0.96589,-0.14168,963
1263,1.00000,0.96770,0.01129,964
1264,1.00000,0.96855,-0.08366,965
1265,1.00000,0.97606,0.00585,966
1266,1.00000,0.97600,-0.01723,967
1267,1.00000,0.97914,0.03226,968
1268,1.00000,0.97296,-0.05019,969
1269,1.00000,0.97028,-0.05775,970
1270,1.00000,0.96762,-0.03559,971
1271,1.00000,0.98451,-0.06979,972
1272,1.00000,0.96643,0.07254,973
1273,1.00000,0.97125,-0.02561,974
1274,1.00000,0.96227,0.12665,975
1275,1.00000,0.96870,-0.12374,976
1276,1.00000,0.97549,0.13427,977
1277,1.00000,0.95274,-0.12788,978
1278,1.00000,0.96306,0.06325,979
1279,1.00000,0.96788,-0.06988,980
1280,1.00000,0.98274,-0.02185,981
1281,1.00000,0.97185,-0.10710,982
1282,1.00000,0.97829,-0.01028,983
1283,1.00000,0.96757,-0.07982,984
1284,1.00000,0.98154,-0.01394,985
1285,1.00000,0.96768,-0.02263,986
1286,1.00000,0.97947,-0.01797,987
1287,1.00000,0.98413,-0.07227,988
1288,1.00000,0.97930,-0.05845,989
1289,1.00000,0.98077,0.01066,990
1290,1.00000,0.96368,-0.03644,991
1291,1.00000,0.97140,-0.03681,992
1292,1.00000,0.96809,-0.09769,993
1293,1.00000,0.95788,-0.08177,994
1294,1.00000,0.96947,-0.12921,995
1295,1.00000,0.96922,0.03284,996
1296,1.00000,0.96424,-0.00771,997
1297,1.00000,0.95932,-0.00249,998
1298,1.00000,0.95890,0.04126,999
1299,1.00000,0.95059,-0.01605,1000
1300,1.00000,0.95688,0.07621,1001
1301,1.00000,0.95755,-0.03937,1002
1302,1.00000,0.96727,-0.03334,1003
1303,1.00000,0.96878,-0.00934,1004
1304,1.00000,0.96879,0.02782,1005
1305,1.00000,0.96674,-0.02620,1006
1306,1.00000,0.97327,-0.05137,1007
1307,1.00000,0.95878,-0.01567,1008
1308,1.00000,0.96495,-0.03238,1009
1309,1.00000,0.95825,0.05074,1010
1310,1.00000,0.96071,-0.11718,1011
1311,1.00000,0.97947,-0.09170,1012
1312,1.00000,0.98074,-0.03601,1013
1313,1.00000,0.98279,0.01225,1014
1314,1.00000,0.98112,0.00408,1015
1315,1.00000,0.96647,-0.04231,1016
1316,1.00000,0.97148,-0.08449,1017
1317,1.00000,0.96749,-0.05090,1018
1318,1.00000,0.97473,0.01888,1019
1319,1.00000,0.96943,-0.00212,1020
1320,1.00000,0.96669,0.10090,1021
1321,1.00000,0.97246,-0.08277,1022
1322,1.00000,0.96716,0.11430,1023
1323,1.00000,0.97347,-0.10368,1024
1324,1.00000,0.96978,0.03468,1025
1325,1.00000,0.97113,-0.07483,1026
1326,1.00000,0.98125,0.05643,1027
1327,1.00000,0.98223,-0.07677,1028
1328,1.00000,0.98398,0.07932,1029
1329,1.00000,0.95998,-0.08475,1030
1330,1.00000,0.96527,0.03122,1031
1331,1.00000,0.95980,-0.07500,1032
1332,1.00000,0.95839,-0.09524,1033
1333,1.00000,0.95189,-0.03292,1034
1334,1.00000,0.97911,-0.10732,1035
1335,1.00000,0.95513,-0.00517,1036
1336,1.00000,0.96872,-0.16794,1037
1337,1.00000,0.96836,0.10675,1038
1338,1.00000,0.95477,-0.08058,1039
1339,1.00000,0.94891,0.15479,1040
1340,1.00000,0.93958,-0.08304,1041
1341,1.00000,0.94961,0.04674,1042
1342,1.00000,0.95313,-0.09362,1043
1343,1.00000,0.93899,0.14974,1044
1344,1.00000,0.97488,-0.00147,1045
1345,1.00000,0.95394,0.03544,1046
1346,1.00000,0.95214,0.02619,1047
1347,1.00000,0.95629,-0.01549,1048
1348,1.00000,0.96901,-0.00490,1049
1349,1.00000,0.95106,-0.14572,1050
1350,1.00000,0.94765,0.08867,1051
1351,1.00000,0.96001,-0.08924,1052
1352,1.00000,0.96531,0.02359,1053
1353,1.00000,0.97354,-0.18917,1054
1354,1.00000,0.98123,0.04973,1055
1355,1.00000,0.96260,-0.12713,1056
1356,1.00000,0.97661,-0.00621,1057
1357,1.00000,0.97491,-0.10038,1058
1358,1.00000,0.95776,0.04469,1059
1359,1.00000,0.96014,-0.01935,1060
1360,1.00000,0.97349,0.02623,1061
1361,1.00000,0.97703,-0.02342,1062
1362,1.00000,0.98583,-0.03768,1063
1363,1.00000,0.95709,-0.01996,1064
1364,1.00000,0.97258,-0.10448,1065
1365,1.00000,0.97070,0.11583,1066
1366,1.00000,0.97525,-0.10969,1067
1367,1.00000,0.97012,0.10983,1068
1368,1.00000,0.95996,-0.20842,1069
1369,1.00000,0.96060,0.05270,1070
1370,1.00000,0.94538,-0.15137,1071
1371,1.00000,0.96538,0.08044,1072
1372,1.00000,0.96191,-0.16343,1073
1373,1.00000,0.97520,-0.00962,1074
1374,1.00000,0.96072,-0.06553,1075
1375,1.00000,0.97972,0.06345,1076
1376,1.00000,0.96151,-0.05064,1077
1377,1.00000,0.96552,-0.05402,1078
1378,1.00000,0.96664,-0.04697,1079
1379,1.00000,0.95814,-0.15203,1080
1380,1.00000,0.97141,0.06754,1081
1381,1.00000,0.97708,-0.03129,1082
1382,1.00000,0.97660,0.02265,1083
1383,1.00000,0.97316,-0.09211,1084
1384,1.00000,0.95738,0.05975,1085
1385,1.00000,0.97723,-0.11972,1086
1386,1.00000,0.98036,-0.01335,1087
1387,1.00000,0.97449,-0.06505,1088
1388,1.00000,0.96620,0.13846,1089
1389,1.00000,0.95982,-0.01094,1090
1390,1.00000,0.96647,0.07317,1091
1391,1.00000,0.95143,-0.09519,1092
1392,1.00000,0.96211,0.02796,1093
1393,1.00000,0.95523,-0.10697,1094
1394,1.00000,0.96332,-0.05843,1095
1395,1.00000,0.96187,-0.04637,1096
1396,1.00000,0.98425,-0.04137,1097
1397,1.00000,0.97870,-0.02570,1098
1398,1.00000,0.98102,-0.09078,1099
1399,1.00000,0.97839,0.06202,1100
1400,1.00000,0.96623,-0.11169,1101
1401,1.00000,0.97571,0.03327,1102
1402,1.00000,0.96649,-0.15237,1103
1403,1.00000,0.97881,0.06543,1104
1404,1.00000,0.97215,-0.01719,1105
1405,1.00000,0.95314,0.06296,1106
1406,1.00000,0.96090,-0.09221,1107
1407,1.00000,0.95335,0.03029,1108
1408,1.00000,0.94831,-0.03379,1109
1409,1.00000,0.95929,0.08054,1110
1410,1.00000,0.96497,-0.03818,1111
1411,1.00000,0.97631,-0.08571,1112
1412,1.00000,0.96233,-0.01844,1113
1413,1.00000,0.95871,-0.05371,1114
1414,1.00000,0.97378,0.07691,1115
1415,1.00000,0.97867,-0.12953,1116
1416,1.00000,0.98179,-0.04899,1117
1417,1.00000,0.98573,-0.03847,1118
1418,1.00000,0.98152,0.04882,1119
1419,1.00000,0.98222,0.01651,1120
1420,1.00000,0.97811,-0.04992,1121
1421,1.00000,0.98634,-0.01950,1122
1422,1.00000,0.97174,-0.08440,1123
1423,1.00000,0.98234,-0.07025,1124
1424,1.00000,0.97052,0.00079,1125
1425,1.00000,0.97315,0.01567,1126
1426,1.00000,0.98069,-0.04809,1127
1427,1.00000,0.97138,-0.04215,1128
1428,1.00000,0.96623,-0.07525,1129
1429,1.00000,0.95775,-0.05037,1130
1430,1.00000,0.95498,0.00218,1131
1431,1.00000,0.96465,0.01162,1132
1432,1.00000,0.97240,-0.01996,1133
1433,1.00000,0.98153,-0.08426,1134
1434,1.00000,0.97624,-0.09284,1135
1435,1.00000,0.96323,-0.00813,1136
1436,1.00000,0.93456,0.07609,1137
1437,1.00000,0.95026,0.11900,1138
1438,1.00000,0.94610,-0.09933,1139
1439,1.00000,0.95972,-0.06341,1140
1440,1.00000,0.96539,-0.07436,1141
1441,1.00000,0.95676,0.10193,1142
1442,1.00000,0.95980,0.05352,1143
1443,1.00000,0.96728,0.03566,1144
1444,1.00000,0.96974,-0.04927,1145
1445,1.00000,0.97483,-0.06904,1146
1446,1.00000,0.95596,-0.03665,1147
1447,1.00000,0.96353,0.04189,1148
1448,1.00000,0.96560,-0.06355,1149
1449,1.00000,0.97226,0.04794,1150
1450,1.00000,0.96832,-0.11673,1151
1451,1.00000,0.97676,-0.03204,1152
1452,1.00000,0.97637,-0.04926,1153
1453,1.00000,0.97866,-0.03932,1154
1454,1.00000,0.97865,0.01733,1155
1455,1.00000,0.95303,-0.00138,1156
1456,1.00000,0.96301,-0.01027,1157
1457,1.00000,0.95723,-0.11825,1158
1458,1.00000,0.95516,0.03051,1159
1459,1.00000,0.96766,-0.04541,1160
1460,1.00000,0.96731,0.07449,1161
1461,1.00000,0.96795,-0.13711,1162
1462,1.00000,0.97886,0.06585,1163
1463,1.00000,0.95828,-0.08069,1164
1464,1.00000,0.97486,0.02842,1165
1465,1.00000,0.96883,-0.06056,1166
1466,1.00000,0.96856,-0.01993,1167
1467,1.00000,0.97778,-0.04137,1168
1468,1.00000,0.97888,0.01675,1169
1469,1.00000,0.96655,0.00809,1170
1470,1.00000,0.96829,-0.08704,1171
1471,1.00000,0.96063,-0.04869,1172
1472,1.00000,0.95913,-0.10946,1173
1473,1.00000,0.96345,0.04378,1174
1474,1.00000,0.97926,-0.03733,1175
1475,1.00000,0.97850,0.13038,1176
1476,1.00000,0.96323,-0.13217,1177
1477,1.00000,0.96322,0.06922,1178
1478,1.00000,0.97854,-0.04661,1179
1479,1.00000,0.95994,0.12514,1180
1480,1.00000,0.96476,-0.14439,1181
1481,1.00000,0.97514,0.02185,1182
1482,1.00000,0.94987,-0.11062,1183
1483,1.00000,0.95863,0.15056,1184
1484,1.00000,0.95219,-0.04081,1185
1485,1.00000,0.97010,-0.06772,1186
1486,1.00000,0.96142,-0.09505,1187
1487,1.00000,0.96522,0.01853,1188
1488,1.00000,0.96175,0.04701,1189
1489,1.00000,0.96457,-0.09010,1190
1490,1.00000,0.97910,0.01303,1191
1491,1.00000,0.97355,-0.03263,1192
1492,1.00000,0.97258,0.03686,1193
1493,1.00000,0.97224,-0.02467,1194
1494,1.00000,0.97010,-0.00127,1195
1495,1.00000,0.98107,-0.10651,1196
1496,1.00000,0.96155,0.00525,1197
1497,1.00000,0.95248,-0.04256,1198
1498,1.00000,0.95083,0.14121,1199
1499,1.00000,0.97020,-0.05270,1200
1500,1.00000,0.96615,0.06102,1201
1501,1.00000,0.97350,-0.13285,1202
1502,1.00000,0.97040,-0.05570,1203
1503,1.00000,0.95998,-0.06128,1204
1504,1.00000,0.95853,0.07365,1205
1505,1.00000,0.95538,-0.03381,1206
1506,1.00000,0.94132,0.05145,1207
1507,1.00000,0.97293,-0.07216,1208
1508,1.00000,0.96858,-0.07351,1209
1509,1.00000,0.96725,0.00976,1210
1510,1.00000,0.95623,-0.01188,1211
1511,1.00000,0.95530,0.09899,1212
1512,1.00000,0.97398,-0.02801,1213
1513,1.00000,0.96622,0.06876,1214
1514,1.00000,0.98415,-0.11953,1215
1515,1.00000,0.97123,0.15877,1216
1516,1.00000,0.97565,-0.19937,1217
1517,1.00000,0.97318,0.10162,1218
1518,1.00000,0.96169,-0.14738,1219
1519,1.00000,0.96557,0.10119,1220
1520,1.00000,0.97696,-0.11826,1221
1521,1.00000,0.98124,0.03797,1222
1522,1.00000,0.97806,-0.13767,1223
1523,1.00000,0.96944,-0.00758,1224
1524,1.00000,0.96121,-0.06583,1225
1525,1.00000,0.98323,-0.03485,1226
1526,1.00000,0.97138,-0.03526,1227
1527,1.00000,0.97310,-0.05485,1228
1528,1.00000,0.97553,0.02657,1229
1529,1.00000,0.98023,-0.11861,1230
1530,1.00000,0.98209,0.04368,1231
1531,1.00000,0.97093,-0.07048,1232
1532,1.00000,0.97781,0.04084,1233
1533,1.00000,0.97423,-0.08240,1234
1534,1.00000,0.97744,0.09039,1235
1535,1.00000,0.97204,-0.09419,1236
1536,1.00000,0.97230,0.05063,1237
1537,1.00000,0.97038,-0.07037,1238
1538,1.00000,0.96972,-0.04820,1239
1539,1.00000,0.95442,-0.06865,1240
1540,1.00000,0.97073,-0.13759,1241
1541,1.00000,0.96898,-0.01152,1242
1542,1.00000,0.97524,-0.17691,1243
1543,1.00000,0.97015,0.05823,1244
1544,1.00000,0.97821,-0.08090,1245
1545,1.00000,0.96721,0.05868,1246
1546,1.00000,0.96103,-0.12695,1247
1547,1.00000,0.96696,0.06156,1248
1548,1.00000,0.97000,-0.09944,1249
1549,1.00000,0.97034,-0.00983,1250
1550,1.00000,0.98016,-0.15767,1251
1551,1.00000,0.98190,0.06376,1252
1552,1.00000,0.97390,-0.04729,1253
1553,1.00000,0.97790,0.05199,1254
1554,1.00000,0.97355,-0.02331,1255
1555,1.00000,0.98117,0.02627,1256
1556,1.00000,0.96702,-0.07592,1257
1557,1.00000,0.96684,-0.06688,1258
1558,1.00000,0.96367,-0.01053,1259
1559,1.00000,0.97551,-0.02158,1260
1560,1.00000,0.97784,-0.03714,1261
1561,1.00000,0.98220,-0.12388,1262
1562,1.00000,0.97576,0.02443,1263
1563,1.00000,0.97302,-0.10173,1264
1564,1.00000,0.96749,0.08800,1265
1565,1.00000,0.96261,-0.03986,1266
1566,1.00000,0.97795,0.08440,1267
1567,1.00000,0.98112,-0.05554,1268
1568,1.00000,0.97604,0.02970,1269
1569,1.00000,0.98241,-0.14018,1270
1570,1.00000,0.97761,-0.03326,1271
1571,1.00000,0.97701,-0.08770,1272
1572,1.00000,0.97193,0.01947,1273
1573,1.00000,0.95721,-0.08675,1274
1574,1.00000,0.97538,0.00731,1275
1575,1.00000,0.96778,-0.03587,1276
1576,1.00000,0.96783,0.03425,1277
1577,1.00000,0.96164,0.01803,1278
1578,1.00000,0.96819,-0.12315,1279
1579,1.00000,0.96016,-0.05575,1280
1580,1.00000,0.95279,-0.07344,1281
1581,1.00000,0.97145,0.12541,1282
1582,1.00000,0.97442,-0.11333,1283
1583,1.00000,0.98332,0.03869,1284
1584,1.00000,0.96740,-0.20205,1285
1585,1.00000,0.97376,0.03347,1286
1586,1.00000,0.97079,-0.11976,1287
1587,1.00000,0.97840,0.07786,1288
1588,1.00000,0.97419,-0.08235,1289
1589,1.00000,0.97668,0.04268,1290
1590,1.00000,0.97343,-0.17003,1291
1591,1.00000,0.97285,0.01099,1292
1592,1.00000,0.96915,-0.09067,1293
1593,1.00000,0.97948,0.01691,1294
1594,1.00000,0.97308,-0.08055,1295
1595,1.00000,0.97773,-0.04443,1296
1596,1.00000,0.97588,0.02440,1297
1597,1.00000,0.97321,-0.09658,1298
1598,1.00000,0.97688,-0.04935,1299
1599,1.00000,0.97297,-0.15739,1300
1600,1.00000,0.98016,0.01398,1301
1601,1.00000,0.96966,-0.05560,1302
1602,1.00000,0.97258,0.12915,1303
1603,1.00000,0.96464,-0.03368,1304
1604,1.00000,0.95845,0.04596,1305
1605,1.00000,0.96263,-0.13425,1306
1606,1.00000,0.95597,-0.00552,1307
1607,1.00000,0.96421,-0.04737,1308
1608,1.00000,0.97659,0.12194,1309
1609,1.00000,0.96720,-0.04557,1310
1610,1.00000,0.98366,-0.01774,1311
1611,1.00000,0.97544,-0.08036,1312
1612,1.00000,0.98286,-0.05550,1313
1613,1.00000,0.97365,-0.05109,1314
1614,1.00000,0.97850,-0.11063,1315
1615,1.00000,0.96972,-0.01301,1316
1616,1.00000,0.96884,-0.05260,1317
1617,1.00000,0.96115,0.03231,1318
1618,1.00000,0.96718,0.01475,1319
1619,1.00000,0.95703,0.08056,1320
1620,1.00000,0.97117,-0.04866,1321
1621,1.00000,0.96699,0.12592,1322
1622,1.00000,0.96074,-0.14733,1323
1623,1.00000,0.97494,0.03005,1324
1624,1.00000,0.97150,-0.11313,1325
1625,1.00000,0.94998,0.02826,1326
1626,1.00000,0.95358,-0.13771,1327
1627,1.00000,0.97325,0.02679,1328
1628,1.00000,0.96825,-0.14571,1329
1629,1.00000,0.97283,0.03702,1330
1630,1.00000,0.96844,-0.15475,1331
1631,1.00000,0.97992,0.00679,1332
1632,1.00000,0.97299,-0.16833,1333
1633,1.00000,0.97505,0.02205,1334
1634,1.00000,0.97383,-0.10114,1335
1635,1.00000,0.97721,-0.02763,1336
1636,1.00000,0.97931,-0.02990,1337
1637,1.00000,0.97894,0.04370,1338
1638,1.00000,0.97399,-0.03584,1339
1639,1.00000,0.98317,-0.00468,1340
1640,1.00000,0.97644,-0.05163,1341
1641,1.00000,0.97320,-0.07104,1342
1642,1.00000,0.97586,0.04542,1343
1643,1.00000,0.97966,-0.02964,1344
1644,1.00000,0.97924,0.05925,1345
1645,1.00000,0.97615,-0.09622,1346
1646,1.00000,0.97954,-0.09223,1347
1647,1.00000,0.97680,-0.10939,1348
1648,1.00000,0.97617,-0.10470,1349
1649,1.00000,0.96882,-0.05661,1350
1650,1.00000,0.98144,-0.06333,1351
1651,1.00000,0.97847,-0.01681,1352
1652,1.00000,0.97585,-0.00392,1353
1653,1.00000,0.98435,-0.00432,1354
1654,1.00000,0.96249,-0.10286,1355
1655,1.00000,0.97518,-0.04549,1356
1656,1.00000,0.97060,-0.08215,1357
1657,1.00000,0.97185,-0.00041,1358
1658,1.00000,0.97136,0.02316,1359
1659,1.00000,0.97702,0.06417,1360
1660,1.00000,0.97804,-0.10237,1361
1661,1.00000,0.98117,-0.01010,1362
1662,1.00000,0.98522,-0.09560,1363
1663,1.00000,0.97918,0.00848,1364
1664,1.00000,0.97107,-0.00515,1365
1665,1.00000,0.97465,0.05323,1366
1666,1.00000,0.95650,-0.01870,1367
1667,1.00000,0.96122,0.02198,1368
1668,1.00000,0.94705,0.06115,1369
1669,1.00000,0.97372,-0.04669,1370
1670,1.00000,0.96763,-0.03516,1371
1671,1.00000,0.96554,-0.02939,1372
1672,1.00000,0.95767,0.09362,1373
1673,1.00000,0.95834,0.00249,1374
1674,1.00000,0.96234,0.04803,1375
1675,1.00000,0.97643,-0.12303,1376
1676,1.00000,0.97189,-0.02429,1377
1677,1.00000,0.96729,-0.05571,1378
1678,1.00000,0.95845,0.00362,1379
1679,1.00000,0.94320,0.04798,1380
1680,1.00000,0.95426,-0.07672,1381
1681,1.00000,0.96679,-0.04126,1382
1682,1.00000,0.95749,-0.04072,1383
1683,1.00000,0.96062,0.06998,1384
1684,1.00000,0.97012,0.00970,1385
1685,1.00000,0.96526,0.08552,1386
1686,1.00000,0.97669,-0.13678,1387
1687,1.00000,0.96561,0.03892,1388
1688,1.00000,0.95429,-0.16356,1389
1689,1.00000,0.96850,0.15509,1390
1690,1.00000,0.95420,-0.01335,1391
1691,1.00000,0.97002,0.03675,1392
1692,1.00000,0.97203,-0.14374,1393
1693,1.00000,0.97041,0.02952,1394
1694,1.00000,0.96734,-0.07863,1395
1695,1.00000,0.98804,-0.00743,1396
1696,1.00000,0.96247,-0.04358,1397
1697,1.00000,0.96672,0.09858,1398
1698,1.00000,0.95978,-0.02537,1399
1699,1.00000,0.97372,-0.00969,1400
1700,1.00000,0.97179,0.03993,1401
1701,1.00000,0.97987,-0.08650,1402
1702,1.00000,0.97393,-0.01407,1403
1703,1.00000,0.97222,-0.06070,1404
1704,1.00000,0.97213,0.05243,1405
1705,1.00000,0.97576,-0.09711,1406
1706,1.00000,0.96415,-0.00206,1407
1707,1.00000,0.96543,-0.06988,1408
1708,1.00000,0.97536,-0.04361,1409
1709,1.00000,0.97575,0.00046,1410
1710,1.00000,0.97239,-0.03024,1411
1711,1.00000,0.96658,-0.00528,1412
1712,1.00000,0.96710,-0.02839,1413
1713,1.00000,0.97674,0.02251,1414
1714,1.00000,0.96205,-0.01763,1415
1715,1.00000,0.98372,-0.00866,1416
1716,1.00000,0.97510,-0.11178,1417
1717,1.00000,0.96482,0.13890,1418
1718,1.00000,0.96108,-0.09995,1419
1719,1.00000,0.97924,0.04495,1420
1720,1.00000,0.96074,-0.02713,1421
1721,1.00000,0.96691,-0.02814,1422
1722,1.00000,0.97043,-0.09708,1423
1723,1.00000,0.96135,-0.07882,1424
1724,1.00000,0.96805,-0.03621,1425
1725,1.00000,0.97078,-0.01151,1426
1726,1.00000,0.98445,0.03970,1427
1727,1.00000,0.97514,-0.04521,1428
1728,1.00000,0.94802,0.07452,1429
1729,1.00000,0.95775,-0.11066,1430
1730,1.00000,0.96545,0.07870,1431
1731,1.00000,0.96579,-0.11197,1432
1732,1.00000,0.96101,0.14020,1433
1733,1.00000,0.95428,-0.10077,1434
1734,1.00000,0.97313,0.00711,1435
1735,1.00000,0.97071,-0.10418,1436
1736,1.00000,0.97285,0.01688,1437
1737,1.00000,0.97447,0.02455,1438
1738,1.00000,0.94795,0.10045,1439
1739,1.00000,0.95730,-0.05158,1440
1740,1.00000,0.95991,-0.04920,1441
1741,1.00000,0.96205,-0.01468,1442
1742,1.00000,0.95412,-0.00147,1443
1743,1.00000,0.95843,0.07659,1444
1744,1.00000,0.97091,-0.05796,1445
1745,1.00000,0.98034,-0.03223,1446
1746,1.00000,0.97446,-0.10564,1447
1747,1.00000,0.96841,0.11727,1448
1748,1.00000,0.97393,-0.06839,1449
1749,1.00000,0.97281,0.15671,1450
1750,1.00000,0.97422,-0.08422,1451
1751,1.00000,0.97929,0.07971,1452
1752,1.00000,0.97127,-0.14715,1453
1753,1.00000,0.97033,0.03296,1454
1754,1.00000,0.96352,-0.00318,1455
1755,1.00000,0.98234,-0.08618,1456
1756,1.00000,0.97343,-0.02309,1457
1757,1.00000,0.95648,-0.07214,1458
1758,1.00000,0.97462,0.00567,1459
1759,1.00000,0.96783,0.00438,1460
1760,1.00000,0.94178,0.01971,1461
1761,1.00000,0.93939,-0.08518,1462
1762,1.00000,0.96790,0.03357,1463
1763,1.00000,0.94519,-0.05882,1464
1764,1.00000,0.96172,0.07980,1465
1765,1.00000,0.96150,-0.01865,1466
1766,1.00000,0.96746,0.00566,1467
1767,1.00000,0.97548,-0.00668,1468
1768,1.00000,0.97455,-0.04951,1469
1769,1.00000,0.97534,-0.08631,1470
1770,1.00000,0.97783,-0.06643,1471
1771,1.00000,0.97270,0.00536,1472
1772,1.00000,0.97377,-0.06671,1473
1773,1.00000,0.97126,0.04356,1474
1774,1.00000,0.98001,-0.08443,1475
1775,1.00000,0.97605,0.09840,1476
1776,1.00000,0.97366,-0.12932,1477
1777,1.00000,0.97227,0.13094,1478
1778,1.00000,0.96028,-0.10235,1479
1779,1.00000,0.97588,-0.04908,1480
1780,1.00000,0.96423,-0.17538,1481
1781,1.00000,0.96128,0.08777,1482
1782,1.00000,0.95209,-0.02934,1483
1783,1.00000,0.97060,0.00093,1484
1784,1.00000,0.97330,-0.06236,1485
1785,1.00000,0.97708,0.07966,1486
1786,1.00000,0.95369,-0.03730,1487
1787,1.00000,0.97180,0.01743,1488
1788,1.00000,0.96515,-0.08002,1489
1789,1.00000,0.97255,0.01458,1490
1790,1.00000,0.97752,-0.02481,1491
1791,1.00000,0.97674,0.14186,1492
1792,1.00000,0.97223,0.00123,1493
1793,1.00000,0.97629,0.04076,1494
1794,1.00000,0.97068,-0.13465,1495
1795,1.00000,0.98176,0.01888,1496
1796,1.00000,0.98074,-0.09550,1497
1797,1.00000,0.97645,-0.02021,1498
1798,1.00000,0.97714,-0.10335,1499
1799,1.00000,0.97105,-0.09012,1500
1800,1.00000,0.98537,-0.04441,1501
1801,1.00000,0.97234,0.00550,1502
1802,1.00000,0.98550,0.01255,1503
1803,1.00000,0.98343,-0.03145,1504
1804,1.00000,0.97348,-0.03607,1505
1805,1.00000,0.97819,-0.06327,1506
1806,1.00000,0.96474,0.10014,1507
1807,1.00000,0.95187,-0.11265,1508
1808,1.00000,0.97073,-0.00923,1509
1809,1.00000,0.96992,-0.12541,1510
1810,1.00000,0.96620,0.05115,1511
1811,1.00000,0.95683,-0.09499,1512
1812,1.00000,0.97110,0.13413,1513
1813,1.00000,0.97599,-0.13740,1514
1814,1.00000,0.97434,0.05647,1515
1815,1.00000,0.98307,-0.09349,1516
1816,1.00000,0.97817,0.03366,1517
1817,1.00000,0.97216,-0.13066,1518
1818,1.00000,0.98032,0.07171,1519
1819,1.00000,0.95905,-0.02512,1520
1820,1.00000,0.98246,0.06142,1521
1821,1.00000,0.97466,-0.03182,1522
1822,1.00000,0.97153,0.01308,1523
1823,1.00000,0.97434,-0.04055,1524
1824,1.00000,0.97508,0.09111,1525
1825,1.00000,0.96086,-0.04633,1526
1826,1.00000,0.97207,-0.06779,1527
1827,1.00000,0.98592,-0.11453,1528
1828,1.00000,0.98163,-0.06697,1529
1829,1.00000,0.97834,-0.02415,1530
1830,1.00000,0.98487,0.07922,1531
1831,1.00000,0.98210,-0.03845,1532
1832,1.00000,0.98238,-0.07263,1533
1833,1.00000,0.97716,-0.09906,1534
1834,1.00000,0.98692,0.00882,1535
1835,1.00000,0.97506,0.06637,1536
1836,1.00000,0.97784,-0.07272,1537
1837,1.00000,0.96678,-0.07586,1538
1838,1.00000,0.96762,-0.06549,1539
1839,1.00000,0.96344,-0.04576,1540
1840,1.00000,0.96398,-0.06324,1541
1841,1.00000,0.96205,0.08285,1542
1842,1.00000,0.95745,0.11919,1543
1843,1.00000,0.97500,0.02861,1544
1844,1.00000,0.97481,-0.06315,1545
1845,1.00000,0.96939,-0.03048,1546
1846,1.00000,0.97081,-0.03358,1547
1847,1.00000,0.95943,0.08115,1548
1848,1.00000,0.96092,0.02059,1549
1849,1.00000,0.96251,-0.02640,1550
1850,1.00000,0.97809,-0.00606,1551
1851,1.00000,0.97122,-0.05001,1552
1852,1.00000,0.97086,-0.04707,1553
1853,1.00000,0.96799,0.04334,1554
1854,1.00000,0.96687,-0.03855,1555
1855,1.00000,0.97348,-0.02072,1556
1856,1.00000,0.97086,-0.01390,1557
1857,1.00000,0.97358,-0.00802,1558
1858,1.00000,0.97646,-0.03969,1559
1859,1.00000,0.97013,0.04335,1560
1860,1.00000,0.97367,-0.04665,1561
1861,1.00000,0.96936,-0.09902,1562
1862,1.00000,0.96563,-0.11718,1563
1863,1.00000,0.97350,-0.09170,1564
1864,1.00000,0.97564,-0.02378,1565
1865,1.00000,0.97446,-0.01835,1566
1866,1.00000,0.97074,-0.06085,1567
1867,1.00000,0.96869,-0.11613,1568
1868,1.00000,0.97947,-0.08783,1569
1869,1.00000,0.97923,0.03681,1570
1870,1.00000,0.97446,-0.01475,1571
1871,1.00000,0.95976,0.01839,1572
1872,1.00000,0.96525,-0.08161,1573
1873,1.00000,0.96977,-0.00748,1574
1874,1.00000,0.96992,-0.07225,1575
1875,1.00000,0.97175,-0.02706,1576
1876,1.00000,0.97827,0.08089,1577
1877,1.00000,0.97092,-0.05267,1578
1878,1.00000,0.97848,0.01580,1579
1879,1.00000,0.97021,-0.09225,1580
1880,1.00000,0.97364,0.04986,1581
1881,1.00000,0.97503,-0.03992,1582
1882,1.00000,0.97505,0.01918,1583
1883,1.00000,0.97868,-0.04943,1584
1884,1.00000,0.97674,-0.06517,1585
1885,1.00000,0.97716,-0.01513,1586
1886,1.00000,0.96492,-0.01111,1587
1887,1.00000,0.96100,0.00241,1588
1888,1.00000,0.96928,-0.06601,1589
1889,1.00000,0.97792,0.06966,1590
1890,1.00000,0.97730,-0.13134,1591
1891,1.00000,0.97350,-0.05825,1592
1892,1.00000,0.98232,-0.07341,1593
1893,1.00000,0.98132,0.03205,1594
1894,1.00000,0.96443,-0.08350,1595
1895,1.00000,0.97825,-0.04852,1596
1896,1.00000,0.96880,-0.09088,1597
1897,1.00000,0.98193,-0.02750,1598
1898,1.00000,0.98916,0.08626,1599
1899,1.00000,0.99181,-0.09081,1600
1900,1.00000,0.98991,-0.06311,1601
1901,1.00000,0.99324,-0.03458,1602
1902,1.00000,0.97537,0.00482,1603
1903,1.00000,0.97784,-0.00407,1604
1904,1.00000,0.97784,-0.06576,1605
1905,1.00000,0.98183,-0.07174,1606
1906,1.00000,0.98717,-0.01063,1607
1907,1.00000,0.98054,-0.01576,1608
1908,1.00000,0.97655,-0.04626,1609
1909,1.00000,0.98638,-0.02468,1610
1910,1.00000,0.96982,0.05829,1611
1911,1.00000,0.96580,-0.06433,1612
1912,1.00000,0.96637,0.01382,1613
1913,1.00000,0.96554,-0.02682,1614
1914,1.00000,0.97072,0.02963,1615
1915,1.00000,0.97139,-0.07868,1616
1916,1.00000,0.98137,0.00592,1617
1917,1.00000,0.97676,-0.04401,1618
1918,1.00000,0.96480,0.03039,1619
1919,1.00000,0.97199,-0.11196,1620
1920,1.00000,0.97933,0.00971,1621
1921,1.00000,0.97833,-0.01224,1622
1922,1.00000,0.97658,-0.01166,1623
1923,1.00000,0.97679,-0.04906,1624
1924,1.00000,0.97721,0.02613,1625
1925,1.00000,0.97458,-0.03728,1626
1926,1.00000,0.98125,-0.06181,1627
1927,1.00000,0.97562,-0.08883,1628
1928,1.00000,0.97989,-0.03113,1629
1929,1.00000,0.98244,-0.04219,1630
1930,1.00000,0.98361,-0.02342,1631
1931,1.00000,0.98297,-0.05643,1632
1932,1.00000,0.98544,-0.08065,1633
1933,1.00000,0.97701,-0.06698,1634
1934,1.00000,0.98541,-0.04433,1635
1935,1.00000,0.98175,0.04984,1636
1936,1.00000,0.97431,-0.02380,1637
1937,1.00000,0.98426,-0.01488,1638
1938,1.00000,0.97648,-0.00570,1639
1939,1.00000,0.98047,-0.02294,1640
1940,1.00000,0.98429,-0.06760,1641
1941,1.00000,0.97891,-0.01480,1642
1942,1.00000,0.97325,-0.13927,1643
1943,1.00000,0.97928,-0.03132,1644
1944,1.00000,0.97768,-0.11388,1645
1945,1.00000,0.98218,-0.01672,1646
1946,1.00000,0.97511,-0.09373,1647
1947,1.00000,0.97035,-0.02908,1648
1948,1.00000,0.97948,-0.06307,1649
1949,1.00000,0.96656,0.01808,1650
1950,1.00000,0.97149,-0.12714,1651
1951,1.00000,0.97979,0.00415,1652
1952,1.00000,0.97741,-0.03114,1653
1953,1.00000,0.97625,0.06792,1654
1954,1.00000,0.97833,-0.00933,1655
1955,1.00000,0.94859,-0.03476,1656
1956,1.00000,0.95616,-0.10198,1657
1957,1.00000,0.96125,-0.07226,1658
1958,1.00000,0.96116,-0.01322,1659
1959,1.00000,0.97611,-0.07183,1660
1960,1.00000,0.97362,0.08360,1661
1961,1.00000,0.97328,-0.13277,1662
1962,1.00000,0.97595,0.03013,1663
1963,1.00000,0.97581,-0.17771,1664
1964,1.00000,0.97071,0.12468,1665
1965,1.00000,0.97559,-0.06278,1666
1966,1.00000,0.98270,0.12550,1667
1967,1.00000,0.97151,-0.16563,1668
1968,1.00000,0.97910,0.08471,1669
1969,1.00000,0.97268,0.03534,1670
1970,1.00000,0.97346,0.03542,1671
1971,1.00000,0.96835,-0.10368,1672
1972,1.00000,0.97056,-0.08288,1673
1973,1.00000,0.93883,-0.03649,1674
1974,1.00000,0.96913,-0.08142,1675
1975,1.00000,0.97236,0.00208,1676
1976,1.00000,0.97722,-0.15994,1677
1977,1.00000,0.97044,0.03631,1678
1978,1.00000,0.96907,-0.10080,1679
1979,1.00000,0.98088,0.01955,1680
1980,1.00000,0.97687,-0.05920,1681
1981,1.00000,0.95809,0.06449,1682
1982,1.00000,0.96244,0.03710,1683
1983,1.00000,0.96898,-0.05022,1684
1984,1.00000,0.97304,-0.09554,1685
1985,1.00000,0.96804,0.00123,1686
1986,1.00000,0.96833,-0.05743,1687
1987,1.00000,0.97425,-0.06971,1688
1988,1.00000,0.97570,-0.02893,1689
1989,1.00000,0.98349,-0.01442,1690
1990,1.00000,0.97963,0.03666,1691
1991,1.00000,0.97680,-0.07141,1692
1992,1.00000,0.97574,-0.02533,1693
1993,1.00000,0.98005,-0.05675,1694
1994,1.00000,0.97157,0.05852,1695
1995,1.00000,0.97525,0.01954,1696
1996,1.00000,0.97701,-0.11074,1697
1997,1.00000,0.98761,-0.06093,1698
1998,1.00000,0.97365,-0.05379,1699
1999,1.00000,0.96728,0.02769,1700
2000,1.00000,0.96829,-0.07593,1701
2001,1.00000,0.96453,-0.06131,1702
2002,1.00000,0.96294,-0.09604,1703
2003,1.00000,0.97010,-0.05649,1704
2004,1.00000,0.97070,-0.10999,1705
2005,1.00000,0.97295,0.00790,1706
2006,1.00000,0.97047,-0.05282,1707
2007,1.00000,0.97740,-0.01192,1708
2008,1.00000,0.97819,-0.09391,1709
2009,1.00000,0.97803,0.01717,1710
2010,1.00000,0.97983,-0.07372,1711
2011,1.00000,0.98725,0.01512,1712
2012,1.00000,0.98292,-0.04407,1713
2013,1.00000,0.97443,0.01140,1714
2014,1.00000,0.97439,-0.01757,1715
2015,1.00000,0.96137,-0.02282,1716
2016,1.00000,0.96196,-0.08612,1717
2017,1.00000,0.96946,-0.02358,1718
2018,1.00000,0.95951,-0.05782,1719
2019,1.00000,0.97495,-0.04481,1720
2020,1.00000,0.96325,0.10501,1721
2021,1.00000,0.96714,-0.00736,1722
2022,1.00000,0.97043,-0.02807,1723
2023,1.00000,0.97525,-0.13158,1724
2024,1.00000,0.97844,-0.05439,1725
2025,1.00000,0.93878,0.04426,1726
2026,1.00000,0.97079,-0.02370,1727
2027,1.00000,0.97258,-0.03274,1728
2028,1.00000,0.97148,-0.08994,1729
2029,1.00000,0.97795,0.04305,1730
2030,1.00000,0.96018,-0.00234,1731
2031,1.00000,0.96306,-0.03617,1732
2032,1.00000,0.97371,-0.05201,1733
2033,1.00000,0.95766,0.08404,1734
2034,1.00000,0.96974,0.00609,1735
2035,1.00000,0.96873,-0.03069,1736
2036,1.00000,0.97594,-0.04537,1737
2037,1.00000,0.95879,-0.03887,1738
2038,1.00000,0.95781,0.05254,1739
2039,1.00000,0.96051,-0.00446,1740
2040,1.00000,0.96477,-0.02846,1741
2041,1.00000,0.97471,-0.01904,1742
2042,1.00000,0.97754,-0.12727,1743
2043,1.00000,0.98152,0.01367,1744
2044,1.00000,0.96787,0.02387,1745
2045,1.00000,0.97085,0.00145,1746
2046,1.00000,0.96892,-0.09614,1747
2047,1.00000,0.97818,-0.02916,1748
2048,1.00000,0.96306,-0.03908,1749
2049,1.00000,0.97232,-0.02117,1750
2050,1.00000,0.96416,-0.02691,1751
2051,1.00000,0.97291,-0.14955,1752
2052,1.00000,0.98394,-0.04059,1753
2053,1.00000,0.97613,-0.08287,1754
2054,1.00000,0.97704,0.03553,1755
2055,1.00000,0.97688,-0.03369,1756
2056,1.00000,0.97347,0.10607,1757
2057,1.00000,0.96876,-0.13328,1758
2058,1.00000,0.97317,0.02828,1759
2059,1.00000,0.97496,-0.09678,1760
2060,1.00000,0.98008,0.03794,1761
2061,1.00000,0.98543,-0.04584,1762
2062,1.00000,0.96993,0.11299,1763
2063,1.00000,0.96240,-0.05493,1764
2064,1.00000,0.96123,0.06417,1765
2065,1.00000,0.97315,-0.12357,1766
2066,1.00000,0.95765,0.08138,1767
2067,1.00000,0.95869,0.00548,1768
2068,1.00000,0.97637,-0.01772,1769
2069,1.00000,0.97450,0.00781,1770
2070,1.00000,0.97735,-0.10880,1771
2071,1.00000,0.98163,0.07664,1772
2072,1.00000,0.97171,0.02993,1773
2073,1.00000,0.96289,0.08082,1774
2074,1.00000,0.97134,-0.07747,1775
2075,1.00000,0.98403,-0.00657,1776
2076,1.00000,0.97366,-0.06800,1777
2077,1.00000,0.97793,-0.05512,1778
2078,1.00000,0.97425,-0.03218,1779
2079,1.00000,0.97088,-0.14922,1780
2080,1.00000,0.97270,-0.02685,1781
2081,1.00000,0.97891,-0.09647,1782
2082,1.00000,0.97280,0.02849,1783
2083,1.00000,0.97551,-0.03583,1784
2084,1.00000,0.97163,0.08473,1785
2085,1.00000,0.95614,-0.13089,1786
2086,1.00000,0.97882,0.06964,1787
2087,1.00000,0.97155,-0.04187,1788
2088,1.00000,0.96179,0.08943,1789
2089,1.00000,0.96877,-0.11874,1790
2090,1.00000,0.97185,-0.06654,1791
2091,1.00000,0.97286,-0.05134,1792
2092,1.00000,0.97864,-0.02108,1793
2093,1.00000,0.95798,0.05482,1794
2094,1.00000,0.97395,0.02259,1795
2095,1.00000,0.96232,-0.01810,1796
2096,1.00000,0.97140,-0.08730,1797
2097,1.00000,0.96261,0.01393,1798
2098,1.00000,0.95753,-0.12776,1799
2099,1.00000,0.96795,0.00827,1800
2100,1.00000,0.96210,-0.14852,1801
2101,1.00000,0.97062,0.13612,1802
2102,1.00000,0.96599,-0.12895,1803
2103,1.00000,0.96313,0.08616,1804
2104,1.00000,0.96965,-0.19874,1805
2105,1.00000,0.96764,-0.01373,1806
2106,1.00000,0.96788,-0.15247,1807
2107,1.00000,0.97733,0.07513,1808
2108,1.00000,0.96275,-0.11002,1809
2109,1.00000,0.97237,-0.02473,1810
2110,1.00000,0.96510,-0.10307,1811
2111,1.00000,0.98381,-0.11288,1812
2112,1.00000,0.96768,0.06661,1813
2113,1.00000,0.96790,-0.03253,1814
2114,1.00000,0.96548,-0.00099,1815
2115,1.00000,0.96384,-0.04927,1816
2116,1.00000,0.97138,0.12891,1817
2117,1.00000,0.95812,-0.05357,1818
2118,1.00000,0.97602,0.04574,1819
2119,1.00000,0.98037,-0.14017,1820
2120,1.00000,0.98056,-0.02119,1821
2121,1.00000,0.97243,-0.04779,1822
2122,1.00000,0.98224,-0.03097,1823
2123,1.00000,0.97534,-0.04811,1824
2124,1.00000,0.97581,0.00663,1825
2125,1.00000,0.97939,-0.02433,1826
2126,1.00000,0.98089,-0.06511,1827
2127,1.00000,0.98951,0.01395,1828
2128,1.00000,0.97191,-0.05379,1829
2129,1.00000,0.96269,0.03075,1830
2130,1.00000,0.96375,-0.02876,1831
2131,1.00000,0.97524,0.03325,1832
2132,1.00000,0.97937,-0.14159,1833
2133,1.00000,0.98559,-0.00103,1834
2134,1.00000,0.98768,-0.07243,1835
2135,1.00000,0.96420,0.00345,1836
2136,1.00000,0.96335,0.00830,1837
2137,1.00000,0.97019,0.05932,1838
2138,1.00000,0.96684,0.03869,1839
2139,1.00000,0.97144,-0.02565,1840
2140,1.00000,0.98455,-0.02056,1841
2141,1.00000,0.97307,-0.08982,1842
2142,1.00000,0.95150,0.08122,1843
2143,1.00000,0.95567,0.09135,1844
2144,1.00000,0.96713,0.06573,1845
2145,1.00000,0.97660,-0.14466,1846
2146,1.00000,0.97748,0.02241,1847
2147,1.00000,0.96807,-0.13212,1848
2148,1.00000,0.96798,0.01116,1849
2149,1.00000,0.96178,-0.10788,1850
2150,1.00000,0.96936,-0.04946,1851
2151,1.00000,0.97122,-0.14234,1852
2152,1.00000,0.97752,0.00796,1853
2153,1.00000,0.96246,-0.01916,1854
2154,1.00000,0.97824,-0.03845,1855
2155,1.00000,0.97744,-0.04460,1856
2156,1.00000,0.96808,-0.03052,1857
2157,1.00000,0.95736,0.08134,1858
2158,1.00000,0.96193,-0.00089,1859
2159,1.00000,0.95888,-0.05913,1860
2160,1.00000,0.95259,-0.15962,1861
2161,1.00000,0.96932,-0.00429,1862
2162,1.00000,0.96074,-0.01535,1863
2163,1.00000,0.96810,0.03660,1864
2164,1.00000,0.97005,-0.09091,1865
2165,1.00000,0.97753,-0.08064,1866
2166,1.00000,0.96405,-0.08128,1867
2167,1.00000,0.97371,-0.09480,1868
2168,1.00000,0.97605,0.02852,1869
2169,1.00000,0.97684,-0.01587,1870
2170,1.00000,0.97822,-0.01962,1871
2171,1.00000,0.97977,-0.04574,1872
2172,1.00000,0.95103,0.14288,1873
2173,1.00000,0.97094,0.02583,1874
2174,1.00000,0.97762,0.08662,1875
2175,1.00000,0.96802,-0.12335,1876
2176,1.00000,0.96791,-0.08537,1877
2177,1.00000,0.96776,-0.03932,1878
2178,1.00000,0.97178,-0.07561,1879
2179,1.00000,0.97667,-0.06432,1880
2180,1.00000,0.98459,-0.05043,1881
2181,1.00000,0.96510,-0.03588,1882
2182,1.00000,0.96846,-0.08661,1883
2183,1.00000,0.98231,0.02447,1884
2184,1.00000,0.97982,-0.01339,1885
2185,1.00000,0.97731,0.02621,1886
2186,1.00000,0.96097,0.06443,1887
2187,1.00000,0.97039,-0.03597,1888
2188,1.00000,0.97020,-0.01407,1889
2189,1.00000,0.97208,-0.10615,1890
2190,1.00000,0.97524,0.04866,1891
2191,1.00000,0.97939,0.02652,1892
2192,1.00000,0.96466,-0.01550,1893
2193,1.00000,0.97266,-0.09371,1894
2194,1.00000,0.97121,-0.04585,1895
2195,1.00000,0.98066,-0.08249,1896
2196,1.00000,0.98613,0.05233,1897
2197,1.00000,0.97422,0.08789,1898
2198,1.00000,0.97756,-0.02896,1899
2199,1.00000,0.97742,-0.03775,1900
2200,1.00000,0.97309,-0.11951,1901
2201,1.00000,0.97753,0.01554,1902
2202,1.00000,0.96871,-0.04424,1903
2203,1.00000,0.96746,-0.02898,1904
2204,1.00000,0.97398,-0.05891,1905
2205,1.00000,0.97581,0.01260,1906
2206,1.00000,0.98146,-0.10239,1907
2207,1.00000,0.98642,-0.05493,1908
2208,1.00000,0.98844,-0.10523,1909
2209,1.00000,0.98231,-0.03920,1910
2210,1.00000,0.98509,-0.02524,1911
2211,1.00000,0.98641,0.01005,1912
2212,1.00000,0.97709,-0.01748,1913
2213,1.00000,0.97995,-0.06836,1914
2214,1.00000,0.96360,0.04074,1915
2215,1.00000,0.97702,-0.06237,1916
2216,1.00000,0.97029,0.07187,1917
2217,1.00000,0.98263,-0.06414,1918
2218,1.00000,0.96881,0.10841,1919
2219,1.00000,0.97586,-0.08347,1920
2220,1.00000,0.97007,0.10452,1921
2221,1.00000,0.97632,-0.18919,1922
2222,1.00000,0.97903,-0.02725,1923
2223,1.00000,0.96885,-0.04621,1924
2224,1.00000,0.96558,0.11906,1925
2225,1.00000,0.95582,-0.01386,1926
2226,1.00000,0.97514,0.04808,1927
2227,1.00000,0.97602,-0.07389,1928
2228,1.00000,0.96559,-0.02947,1929
2229,1.00000,0.95830,0.08061,1930
2230,1.00000,0.95928,-0.01749,1931
2231,1.00000,0.98254,0.00527,1932
2232,1.00000,0.97846,-0.15630,1933
2233,1.00000,0.96932,-0.00470,1934
2234,1.00000,0.95021,-0.15217,1935
2235,1.00000,0.95946,0.10684,1936
2236,1.00000,0.96413,-0.13550,1937
2237,1.00000,0.97886,0.04789,1938
2238,1.00000,0.96077,-0.15905,1939
2239,1.00000,0.96808,0.07851,1940
2240,1.00000,0.96927,-0.13782,1941
2241,1.00000,0.97199,0.11660,1942
2242,1.00000,0.96565,-0.15424,1943
2243,1.00000,0.96782,0.03707,1944
2244,1.00000,0.96415,-0.12549,1945
2245,1.00000,0.96659,-0.01611,1946
2246,1.00000,0.95940,-0.11135,1947
2247,1.00000,0.96659,-0.08320,1948
2248,1.00000,0.97393,-0.08051,1949
2249,1.00000,0.98027,-0.02865,1950
2250,1.00000,0.95988,0.01247,1951
2251,1.00000,0.96777,-0.06409,1952
2252,1.00000,0.96863,-0.02036,1953
2253,1.00000,0.95875,0.01696,1954
2254,1.00000,0.96511,0.03738,1955
2255,1.00000,0.97437,-0.08467,1956
2256,1.00000,0.97683,-0.01776,1957
2257,1.00000,0.96923,-0.15300,1958
2258,1.00000,0.97090,0.13397,1959
2259,1.00000,0.97358,-0.06543,1960
2260,1.00000,0.97681,0.09214,1961
2261,1.00000,0.95913,-0.15983,1962
2262,1.00000,0.95286,-0.01795,1963
2263,1.00000,0.96933,-0.11720,1964
2264,1.00000,0.97137,0.04708,1965
2265,1.00000,0.97103,-0.08843,1966
2266,1.00000,0.97113,0.00331,1967
2267,1.00000,0.97128,-0.08036,1968
2268,1.00000,0.97386,-0.05416,1969
2269,1.00000,0.97066,-0.02023,1970
2270,1.00000,0.97190,0.00316,1971
2271,1.00000,0.97455,0.07321,1972
2272,1.00000,0.97394,-0.10622,1973
2273,1.00000,0.96895,0.05612,1974
2274,1.00000,0.96841,-0.08042,1975
2275,1.00000,0.97629,0.02232,1976
2276,1.00000,0.96998,-0.08728,1977
2277,1.00000,0.97823,-0.03712,1978
2278,1.00000,0.97556,-0.04315,1979
2279,1.00000,0.97393,-0.04805,1980
2280,1.00000,0.96772,-0.07539,1981
2281,1.00000,0.97847,-0.00786,1982
2282,1.00000,0.96942,0.09620,1983
2283,1.00000,0.98093,-0.00518,1984
2284,1.00000,0.97463,-0.00795,1985
2285,1.00000,0.97968,-0.15222,1986
2286,1.00000,0.96877,0.06956,1987
2287,1.00000,0.96647,-0.07459,1988
2288,1.00000,0.97775,-0.01247,1989
2289,1.00000,0.97151,-0.08553,1990
2290,1.00000,0.97368,0.02671,1991
2291,1.00000,0.97192,0.01147,1992
2292,1.00000,0.97619,0.04789,1993
2293,1.00000,0.97486,-0.10191,1994
2294,1.00000,0.97356,0.05361,1995
2295,1.00000,0.97679,0.00226,1996
2296,1.00000,0.97752,0.06246,1997
2297,1.00000,0.96741,-0.03751,1998
2298,1.00000,0.96883,-0.03489,1999
2299,1.00000,0.97236,-0.12045,2000
2300,1.00000,0.94829,0.10919,2001
2301,1.00000,0.94955,-0.13158,2002
2302,1.00000,0.95964,0.05942,2003
2303,1.00000,0.95681,-0.05234,2004
2304,1.00000,0.95933,0.14039,2005
2305,1.00000,0.97795,-0.02586,2006
2306,1.00000,0.98986,0.13092,2007
2307,1.00000,0.99012,-0.15291,2008
2308,1.00000,0.95918,0.09057,2009
2309,1.00000,0.96461,-0.17321,2010
2310,1.00000,0.95627,0.05855,2011
2311,1.00000,0.95584,-0.09671,2012
2312,1.00000,0.96716,0.06364,2013
2313,1.00000,0.94862,-0.09935,2014
2314,1.00000,0.96602,0.01741,2015
2315,1.00000,0.96481,-0.00204,2016
2316,1.00000,0.97685,-0.11332,2017
2317,1.00000,0.97845,-0.07846,2018
2318,1.00000,0.96978,-0.14792,2019
2319,1.00000,0.96653,0.02509,2020
2320,1.00000,0.96741,-0.09755,2021
2321,1.00000,0.96436,0.08628,2022
2322,1.00000,0.96897,-0.12946,2023
2323,1.00000,0.97698,-0.03689,2024
2324,1.00000,0.97429,-0.08736,2025
2325,1.00000,0.97131,0.00202,2026
2326,1.00000,0.96653,0.02207,2027
2327,1.00000,0.97513,-0.06834,2028
2328,1.00000,0.96779,-0.06370,2029
2329,1.00000,0.97744,-0.04046,2030
2330,1.00000,0.96422,0.09159,2031
2331,1.00000,0.96584,-0.11863,2032
2332,1.00000,0.96676,0.09539,2033
2333,1.00000,0.95989,-0.10174,2034
2334,1.00000,0.97981,-0.01610,2035
2335,1.00000,0.97600,-0.07720,2036
2336,1.00000,0.97614,0.15092,2037
2337,1.00000,0.97154,-0.06920,2038
2338,1.00000,0.96635,0.01615,2039
2339,1.00000,0.97524,-0.15039,2040
2340,1.00000,0.97060,0.05792,2041
2341,1.00000,0.95877,0.01549,2042
2342,1.00000,0.96756,0.03281,2043
2343,1.00000,0.96524,-0.05039,2044
2344,1.00000,0.96225,-0.09688,2045
2345,1.00000,0.96617,-0.08523,2046
2346,1.00000,0.97005,-0.01112,2047
2347,1.00000,0.97366,0.02137,2048
2348,1.00000,0.98328,-0.04366,2049
2349,1.00000,0.98838,0.01726,2050
2350,1.00000,0.97570,0.03238,2051
2351,1.00000,0.97101,-0.01762,2052
2352,1.00000,0.98073,-0.06602,2053
2353,1.00000,0.98720,-0.07606,2054
2354,1.00000,0.97674,-0.04062,2055
2355,1.00000,0.98415,-0.02132,2056
2356,1.00000,0.96972,0.02223,2057
2357,1.00000,0.97457,-0.07713,2058
2358,1.00000,0.97354,-0.02097,2059
2359,1.00000,0.98580,-0.11799,2060
2360,1.00000,0.98027,-0.03342,2061
2361,1.00000,0.97738,-0.03938,2062
2362,1.00000,0.98485,0.02815,2063
2363,1.00000,0.98275,-0.08274,2064
2364,1.00000,0.98147,-0.01496,2065
2365,1.00000,0.97542,0.01308,2066
2366,1.00000,0.97233,-0.01876,2067
2367,1.00000,0.97821,0.03668,2068
2368,1.00000,0.97868,-0.08703,2069
2369,1.00000,0.97356,-0.00791,2070
2370,1.00000,0.97494,-0.08642,2071
2371,1.00000,0.97819,0.01303,2072
2372,1.00000,0.96988,-0.08171,2073
2373,1.00000,0.98536,0.00809,2074
2374,1.00000,0.97898,0.01617,2075
2375,1.00000,0.97877,-0.08985,2076
2376,1.00000,0.95016,0.03209,2077
2377,1.00000,0.95996,-0.05500,2078
2378,1.00000,0.96812,0.00680,2079
2379,1.00000,0.96813,-0.05401,2080
2380,1.00000,0.97594,-0.03646,2081
2381,1.00000,0.97087,-0.01477,2082
2382,1.00000,0.96767,-0.11569,2083
2383,1.00000,0.97954,0.05445,2084
2384,1.00000,0.96620,-0.08691,2085
2385,1.00000,0.96355,0.04943,2086
2386,1.00000,0.95329,-0.10495,2087
2387,1.00000,0.96029,0.06452,2088
2388,1.00000,0.95633,-0.12334,2089
2389,1.00000,0.95238,0.01088,2090
2390,1.00000,0.96743,-0.10638,2091
2391,1.00000,0.98227,0.06744,2092
2392,1.00000,0.95827,-0.10348,2093
2393,1.00000,0.96049,0.10776,2094
2394,1.00000,0.96796,-0.08507,2095
2395,1.00000,0.98025,-0.07663,2096
2396,1.00000,0.93556,-0.05213,2097
2397,1.00000,0.97090,-0.10628,2098
2398,1.00000,0.95409,0.01666,2099
2399,1.00000,0.95824,-0.03955,2100
2400,1.00000,0.96087,0.08114,2101
2401,1.00000,0.95581,-0.01387,2102
2402,1.00000,0.96044,0.12865,2103
2403,1.00000,0.94609,-0.02713,2104
2404,1.00000,0.95711,0.02044,2105
2405,1.00000,0.96147,-0.11466,2106
2406,1.00000,0.96195,0.08118,2107
2407,1.00000,0.94613,0.03809,2108
2408,1.00000,0.95785,0.00255,2109
2409,1.00000,0.96117,-0.07828,2110
2410,1.00000,0.95687,-0.02907,2111
2411,1.00000,0.92447,-0.02044,2112
2412,1.00000,0.94884,-0.08763,2113
2413,1.00000,0.96453,0.03711,2114
2414,1.00000,0.95598,-0.08528,2115
2415,1.00000,0.97056,0.07130,2116
2416,1.00000,0.98065,-0.08569,2117
2417,1.00000,0.97901,-0.03105,2118
2418,1.00000,0.96567,-0.05453,2119
2419,1.00000,0.96563,0.06757,2120
2420,1.00000,0.97112,-0.01603,2121
2421,1.00000,0.97329,0.05269,2122
2422,1.00000,0.97290,-0.05488,2123
2423,1.00000,0.97968,-0.08385,2124
2424,1.00000,0.97606,0.00640,2125
2425,1.00000,0.96732,0.05708,2126
2426,1.00000,0.97907,0.03455,2127
2427,1.00000,0.96676,-0.06386,2128
2428,1.00000,0.97828,-0.04266,2129
2429,1.00000,0.97531,-0.07454,2130
2430,1.00000,0.96447,0.01315,2131
2431,1.00000,0.96357,0.00518,2132
2432,1.00000,0.96647,0.10088,2133
2433,1.00000,0.97586,-0.08271,2134
2434,1.00000,0.97970,-0.07341,2135
2435,1.00000,0.98133,-0.13282,2136
2436,1.00000,0.97995,0.01894,2137
2437,1.00000,0.96499,-0.04129,2138
2438,1.00000,0.97895,-0.05434,2139
2439,1.00000,0.97624,-0.07746,2140
2440,1.00000,0.98066,-0.05011,2141
2441,1.00000,0.98281,-0.01273,2142
2442,1.00000,0.98089,0.01137,2143
2443,1.00000,0.98314,-0.05366,2144
2444,1.00000,0.97009,0.00338,2145
2445,1.00000,0.97770,-0.07623,2146
2446,1.00000,0.97603,0.01901,2147
2447,1.00000,0.98140,-0.07513,2148
2448,1.00000,0.97415,-0.10979,2149
2449,1.00000,0.97969,-0.04761,2150
2450,1.00000,0.96656,-0.01746,2151
2451,1.00000,0.97666,-0.01884,2152
2452,1.00000,0.97595,-0.02440,2153
2453,1.00000,0.97271,-0.01035,2154
2454,1.00000,0.98200,-0.08395,2155
2455,1.00000,0.97701,0.07087,2156
2456,1.00000,0.95901,-0.10194,2157
2457,1.00000,0.97609,0.05547,2158
2458,1.00000,0.96858,-0.09304,2159
2459,1.00000,0.96267,0.00903,2160
2460,1.00000,0.96061,-0.16307,2161
2461,1.00000,0.97134,-0.02046,2162
2462,1.00000,0.96152,-0.04027,2163
2463,1.00000,0.96766,0.04152,2164
2464,1.00000,0.96606,-0.01176,2165
2465,1.00000,0.97771,-0.03107,2166
2466,1.00000,0.97971,-0.01032,2167
2467,1.00000,0.97955,-0.04640,2168
2468,1.00000,0.97404,-0.03907,2169
2469,1.00000,0.98775,-0.06356,2170
2470,1.00000,0.97188,-0.10811,2171
2471,1.00000,0.97700,-0.01590,2172
2472,1.00000,0.96938,-0.06102,2173
2473,1.00000,0.98184,-0.04305,2174
2474,1.00000,0.97283,-0.11970,2175
2475,1.00000,0.97422,-0.06205,2176
2476,1.00000,0.98213,-0.04295,2177
2477,1.00000,0.97943,-0.06331,2178
2478,1.00000,0.96936,-0.07280,2179
2479,1.00000,0.95387,-0.04208,2180
2480,1.00000,0.94007,0.05087,2181
2481,1.00000,0.95822,0.09252,2182
2482,1.00000,0.98003,-0.06471,2183
2483,1.00000,0.97069,-0.08661,2184
2484,1.00000,0.92895,-0.01688,2185
2485,1.00000,0.95934,-0.05680,2186
2486,1.00000,0.96701,-0.09895,2187
2487,1.00000,0.97401,0.01365,2188
2488,1.00000,0.98208,-0.07293,2189
2489,1.00000,0.97790,0.01581,2190
2490,1.00000,0.96818,-0.07453,2191
2491,1.00000,0.97792,0.00905,2192
2492,1.00000,0.98166,-0.02072,2193
2493,1.00000,0.96959,0.04658,2194
2494,1.00000,0.98333,-0.07667,2195
2495,1.00000,0.96898,0.04991,2196
2496,1.00000,0.96867,0.03235,2197
2497,1.00000,0.97459,-0.06903,2198
2498,1.00000,0.98139,-0.00264,2199
2499,1.00000,0.98244,-0.15225,2200
2500,1.00000,0.96038,0.08550,2201
2501,1.00000,0.96862,-0.12911,2202
2502,1.00000,0.97559,0.03338,2203
2503,1.00000,0.96739,-0.18225,2204
2504,1.00000,0.97508,0.05528,2205
2505,1.00000,0.96676,-0.15645,2206
2506,1.00000,0.97552,0.03263,2207
2507,1.00000,0.98127,-0.05296,2208
2508,1.00000,0.97710,0.02599,2209
2509,1.00000,0.95300,-0.06997,2210
2510,1.00000,0.95327,-0.02013,2211
2511,1.00000,0.95905,-0.07866,2212
2512,1.00000,0.97156,0.03157,2213
2513,1.00000,0.96404,0.01260,2214
2514,1.00000,0.98030,-0.06594,2215
2515,1.00000,0.97591,0.10209,2216
2516,1.00000,0.97281,-0.11495,2217
2517,1.00000,0.97180,0.03521,2218
2518,1.00000,0.96553,-0.02635,2219
2519,1.00000,0.96512,0.06313,2220
2520,1.00000,0.97102,-0.09497,2221
2521,1.00000,0.97371,0.01895,2222
2522,1.00000,0.97238,-0.04948,2223
2523,1.00000,0.97509,-0.06741,2224
2524,1.00000,0.96014,-0.02986,2225
2525,1.00000,0.96506,-0.06258,2226
2526,1.00000,0.97639,0.02428,2227
2527,1.00000,0.97630,-0.00531,2228
2528,1.00000,0.96903,0.05947,2229
2529,1.00000,0.96205,-0.07228,2230
2530,1.00000,0.96421,-0.05611,2231
2531,1.00000,0.96274,0.06663,2232
2532,1.00000,0.96409,-0.07118,2233
2533,1.00000,0.96556,-0.02906,2234
2534,1.00000,0.97126,-0.12280,2235
2535,1.00000,0.97483,0.02842,2236
2536,1.00000,0.98042,-0.05231,2237
2537,1.00000,0.96483,0.14911,2238
2538,1.00000,0.97244,-0.10953,2239
2539,1.00000,0.96198,0.05396,2240
2540,1.00000,0.94997,-0.02855,2241
2541,1.00000,0.95851,0.03579,2242
2542,1.00000,0.96575,-0.07500,2243
2543,1.00000,0.96490,-0.00020,2244
2544,1.00000,0.95525,0.02241,2245
2545,1.00000,0.97947,-0.03653,2246
2546,1.00000,0.97514,0.00346,2247
2547,1.00000,0.97648,-0.07679,2248
2548,1.00000,0.97448,0.03806,2249
2549,1.00000,0.96913,-0.00533,2250
2550,1.00000,0.96831,0.07398,2251
2551,1.00000,0.97770,-0.04105,2252
2552,1.00000,0.98331,0.09380,2253
2553,1.00000,0.98566,-0.14669,2254
2554,1.00000,0.98402,0.04574,2255
2555,1.00000,0.96885,-0.02696,2256
2556,1.00000,0.97890,0.05375,2257
2557,1.00000,0.97397,-0.07013,2258
2558,1.00000,0.97647,-0.00482,2259
2559,1.00000,0.97068,-0.09566,2260
2560,1.00000,0.97638,-0.05510,2261
2561,1.00000,0.97517,-0.08186,2262
2562,1.00000,0.97576,0.00508,2263
2563,1.00000,0.96458,-0.04365,2264
2564,1.00000,0.97664,-0.07137,2265
2565,1.00000,0.97818,-0.07744,2266
2566,1.00000,0.96797,0.02900,2267
2567,1.00000,0.97019,0.05068,2268
2568,1.00000,0.96304,0.01021,2269
2569,1.00000,0.97462,-0.09953,2270
2570,1.00000,0.97105,0.03042,2271
2571,1.00000,0.97825,-0.15906,2272
2572,1.00000,0.98088,0.10324,2273
2573,1.00000,0.97701,-0.11957,2274
2574,1.00000,0.98707,0.03934,2275
2575,1.00000,0.97156,-0.13473,2276
2576,1.00000,0.98441,0.03161,2277
2577,1.00000,0.98696,-0.10593,2278
2578,1.00000,0.97995,0.05132,2279
2579,1.00000,0.97041,-0.07608,2280
2580,1.00000,0.97638,0.02984,2281
2581,1.00000,0.98000,-0.03152,2282
2582,1.00000,0.98691,-0.04553,2283
2583,1.00000,0.97936,-0.06331,2284
2584,1.00000,0.97275,-0.08452,2285
2585,1.00000,0.96260,0.00239,2286
2586,1.00000,0.97430,-0.03273,2287
2587,1.00000,0.97835,0.13092,2288
2588,1.00000,0.98228,-0.03739,2289
2589,1.00000,0.97809,0.00739,2290
2590,1.00000,0.97467,-0.12655,2291
2591,1.00000,0.97811,0.02229,2292
2592,1.00000,0.97783,-0.04446,2293
2593,1.00000,0.97631,0.02011,2294
2594,1.00000,0.97523,-0.04860,2295
2595,1.00000,0.98320,-0.05472,2296
2596,1.00000,0.97695,-0.02154,2297
2597,1.00000,0.97472,0.02888,2298
2598,1.00000,0.97932,0.06397,2299
2599,1.00000,0.97539,-0.06530,2300
2600,1.00000,0.98350,-0.04941,2301
2601,1.00000,0.98596,-0.11828,2302
2602,1.00000,0.98006,-0.06402,2303
2603,1.00000,0.97194,-0.14608,2304
2604,1.00000,0.98044,0.00436,2305
2605,1.00000,0.97474,-0.06751,2306
2606,1.00000,0.97916,-0.04146,2307
2607,1.00000,0.97456,-0.09192,2308
2608,1.00000,0.97777,-0.05530,2309
2609,1.00000,0.98588,-0.03435,2310
2610,1.00000,0.98826,-0.07258,2311
2611,1.00000,0.97663,-0.05377,2312
2612,1.00000,0.98324,-0.01684,2313
2613,1.00000,0.97443,-0.07809,2314
2614,1.00000,0.97404,0.02757,2315
2615,1.00000,0.96622,0.04770,2316
2616,1.00000,0.97327,0.00433,2317
2617,1.00000,0.97415,-0.02217,2318
2618,1.00000,0.97448,0.01463,2319
2619,1.00000,0.97116,0.01457,2320
2620,1.00000,0.97303,0.06103,2321
2621,1.00000,0.97825,0.00780,2322
2622,1.00000,0.97278,0.02843,2323
2623,1.00000,0.96473,0.01775,2324
2624,1.00000,0.97127,-0.01563,2325
2625,1.00000,0.95384,-0.05444,2326
2626,1.00000,0.95956,0.02112,2327
2627,1.00000,0.97071,-0.11429,2328
2628,1.00000,0.98598,-0.02480,2329
2629,1.00000,0.97504,-0.15922,2330
2630,1.00000,0.97700,0.02668,2331
2631,1.00000,0.96638,-0.09756,2332
2632,1.00000,0.98076,-0.01916,2333
2633,1.00000,0.97545,-0.03006,2334
2634,1.00000,0.98192,-0.02406,2335
2635,1.00000,0.97357,-0.04314,2336
2636,1.00000,0.96839,0.09220,2337
2637,1.00000,0.95700,-0.02088,2338
2638,1.00000,0.97360,-0.03144,2339
2639,1.00000,0.96032,-0.07243,2340
2640,1.00000,0.95023,0.11906,2341
2641,1.00000,0.97148,-0.11278,2342
2642,1.00000,0.97854,0.03073,2343
2643,1.00000,0.96714,-0.12170,2344
2644,1.00000,0.98238,0.00925,2345
2645,1.00000,0.97595,-0.16011,2346
2646,1.00000,0.97691,0.12950,2347
2647,1.00000,0.94762,-0.10328,2348
2648,1.00000,0.96612,0.10256,2349
2649,1.00000,0.96580,-0.09457,2350
2650,1.00000,0.97530,0.00845,2351
2651,1.00000,0.97456,-0.10010,2352
2652,1.00000,0.98338,0.01762,2353
2653,1.00000,0.97295,-0.06205,2354
2654,1.00000,0.96173,0.06977,2355
2655,1.00000,0.96301,-0.05370,2356
2656,1.00000,0.96666,-0.02386,2357
2657,1.00000,0.97212,-0.04373,2358
2658,1.00000,0.96985,0.05223,2359
2659,1.00000,0.97531,-0.09302,2360
2660,1.00000,0.98082,0.05631,2361
2661,1.00000,0.97662,-0.10351,2362
2662,1.00000,0.98468,0.03349,2363
2663,1.00000,0.95447,-0.09137,2364
2664,1.00000,0.96680,0.12503,2365
2665,1.00000,0.96192,-0.06815,2366
2666,1.00000,0.97005,0.00941,2367
2667,1.00000,0.97748,-0.06282,2368
2668,1.00000,0.97617,0.17398,2369
2669,1.00000,0.97172,-0.09689,2370
2670,1.00000,0.98225,0.03965,2371
2671,1.00000,0.97507,-0.18802,2372
2672,1.00000,0.98189,-0.04534,2373
2673,1.00000,0.98101,-0.10262,2374
2674,1.00000,0.98247,-0.08074,2375
2675,1.00000,0.98250,-0.02492,2376
2676,1.00000,0.97946,0.01485,2377
2677,1.00000,0.97799,-0.02722,2378
2678,1.00000,0.97578,-0.07189,2379
2679,1.00000,0.97480,-0.05531,2380
2680,1.00000,0.97815,-0.10807,2381
2681,1.00000,0.97898,0.05148,2382
2682,1.00000,0.97446,-0.13147,2383
2683,1.00000,0.97772,-0.01054,2384
2684,1.00000,0.97730,-0.11749,2385
2685,1.00000,0.98305,0.07444,2386
2686,1.00000,0.98544,-0.04363,2387
2687,1.00000,0.98698,0.06737,2388
2688,1.00000,0.97920,-0.13879,2389
2689,1.00000,0.98690,-0.04693,2390
2690,1.00000,0.98028,-0.11098,2391
2691,1.00000,0.97258,-0.00031,2392
2692,1.00000,0.96584,0.00622,2393
2693,1.00000,0.96915,0.00158,2394
2694,1.00000,0.97110,0.03711,2395
2695,1.00000,0.97583,-0.03191,2396
2696,1.00000,0.97966,0.04010,2397
2697,1.00000,0.96643,-0.03791,2398
2698,1.00000,0.97506,0.04413,2399
2699,1.00000,0.97069,-0.05646,2400
2700,1.00000,0.96704,0.08691,2401
2701,1.00000,0.96037,-0.12650,2402
2702,1.00000,0.97940,0.03183,2403
2703,1.00000,0.96741,-0.11643,2404
2704,1.00000,0.97890,-0.00131,2405
2705,1.00000,0.96929,-0.03534,2406
2706,1.00000,0.95425,-0.01895,2407
2707,1.00000,0.97984,-0.17991,2408
2708,1.00000,0.98732,0.00817,2409
2709,1.00000,0.97380,-0.01419,2410
2710,1.00000,0.97455,0.08302,2411
2711,1.00000,0.96837,-0.09438,2412
2712,1.00000,0.97669,-0.08679,2413
2713,1.00000,0.97370,-0.04054,2414
2714,1.00000,0.98035,-0.13911,2415
2715,1.00000,0.97799,-0.02207,2416
2716,1.00000,0.98607,-0.11146,2417
2717,1.00000,0.97513,0.05021,2418
2718,1.00000,0.97948,-0.09016,2419
2719,1.00000,0.97289,0.07445,2420
2720,1.00000,0.97133,-0.01255,2421
2721,1.00000,0.97334,0.05102,2422
2722,1.00000,0.96214,-0.00414,2423
2723,1.00000,0.94719,-0.02817,2424
2724,1.00000,0.94318,0.03354,2425
2725,1.00000,0.96826,-0.14222,2426
2726,1.00000,0.97452,0.05198,2427
2727,1.00000,0.96367,-0.15424,2428
2728,1.00000,0.97666,0.03860,2429
2729,1.00000,0.96487,-0.12061,2430
2730,1.00000,0.97163,0.04437,2431
2731,1.00000,0.97308,-0.09439,2432
2732,1.00000,0.97351,0.12445,2433
2733,1.00000,0.95301,-0.06269,2434
2734,1.00000,0.96724,0.10404,2435
2735,1.00000,0.95667,-0.13154,2436
2736,1.00000,0.96180,0.03802,2437
2737,1.00000,0.94057,0.00035,2438
2738,1.00000,0.96471,0.08344,2439
2739,1.00000,0.96542,-0.00285,2440
2740,1.00000,0.97546,-0.07995,2441
2741,1.00000,0.96700,-0.03518,2442
2742,1.00000,0.96605,-0.12817,2443
2743,1.00000,0.96920,0.02550,2444
2744,1.00000,0.96877,-0.11812,2445
2745,1.00000,0.97501,0.03549,2446
2746,1.00000,0.94904,-0.05824,2447
2747,1.00000,0.96134,0.14100,2448
2748,1.00000,0.96671,-0.10752,2449
2749,1.00000,0.97700,0.05399,2450
2750,1.00000,0.96580,0.00176,2451
2751,1.00000,0.95398,0.15897,2452
2752,1.00000,0.94717,-0.07775,2453
2753,1.00000,0.94872,-0.08332,2454
2754,1.00000,0.94094,-0.10652,2455
2755,1.00000,0.95952,-0.04640,2456
2756,1.00000,0.96828,0.01224,2457
2757,1.00000,0.98045,-0.00676,2458
2758,1.00000,0.97583,-0.05007,2459
2759,1.00000,0.98272,-0.01585,2460
2760,1.00000,0.98252,-0.04899,2461
2761,1.00000,0.97264,0.03167,2462
2762,1.00000,0.96194,-0.01817,2463
2763,1.00000,0.96303,-0.01757,2464
2764,1.00000,0.95246,0.01976,2465
2765,1.00000,0.95905,-0.05959,2466
2766,1.00000,0.96748,-0.03230,2467
2767,1.00000,0.96012,-0.06768,2468
2768,1.00000,0.96929,0.08606,2469
2769,1.00000,0.97269,-0.05793,2470
2770,1.00000,0.97694,0.06807,2471
2771,1.00000,0.96507,-0.07877,2472
2772,1.00000,0.98015,-0.08584,2473
2773,1.00000,0.96796,-0.04716,2474
2774,1.00000,0.96457,0.05020,2475
2775,1.00000,0.97552,-0.02998,2476
2776,1.00000,0.97738,0.03551,2477
2777,1.00000,0.97651,-0.09303,2478
2778,1.00000,0.98026,0.04361,2479
2779,1.00000,0.97008,-0.04073,2480
2780,1.00000,0.97458,0.07351,2481
2781,1.00000,0.98288,-0.06430,2482
2782,1.00000,0.97552,-0.00799,2483
2783,1.00000,0.98426,-0.06550,2484
2784,1.00000,0.98154,-0.11171,2485
2785,1.00000,0.96263,-0.02236,2486
2786,1.00000,0.96572,0.00537,2487
2787,1.00000,0.96781,-0.00262,2488
2788,1.00000,0.97663,-0.07800,2489
2789,1.00000,0.97346,0.00201,2490
2790,1.00000,0.96683,-0.00955,2491
2791,1.00000,0.97469,-0.05293,2492
2792,1.00000,0.97493,-0.01212,2493
2793,1.00000,0.98180,-0.01599,2494
2794,1.00000,0.97333,-0.03569,2495
2795,1.00000,0.98293,-0.11067,2496
2796,1.00000,0.98132,-0.01554,2497
2797,1.00000,0.97006,-0.03072,2498
2798,1.00000,0.97198,0.06554,2499
2799,1.00000,0.96988,0.04076,2500
2800,1.00000,0.97906,-0.04464,2501
2801,1.00000,0.98533,-0.09868,2502
2802,1.00000,0.96445,0.05225,2503
2803,1.00000,0.96775,0.00567,2504
2804,1.00000,0.97342,0.05386,2505
2805,1.00000,0.97467,-0.10916,2506
2806,1.00000,0.97792,0.02720,2507
2807,1.00000,0.97071,-0.03067,2508
2808,1.00000,0.97171,-0.04406,2509
2809,1.00000,0.97378,-0.00894,2510
2810,1.00000,0.97732,-0.09349,2511
2811,1.00000,0.96613,-0.03368,2512
2812,1.00000,0.97095,-0.09936,2513
2813,1.00000,0.97844,0.04773,2514
2814,1.00000,0.97758,-0.07082,2515
2815,1.00000,0.98793,-0.03417,2516
2816,1.00000,0.98159,-0.10091,2517
2817,1.00000,0.98192,-0.04970,2518
2818,1.00000,0.95931,-0.01758,2519
2819,1.00000,0.97181,-0.01091,2520
2820,1.00000,0.96871,0.03650,2521
2821,1.00000,0.97066,-0.02245,2522
2822,1.00000,0.97030,0.02202,2523
2823,1.00000,0.96887,-0.08443,2524
2824,1.00000,0.97271,0.00917,2525
2825,1.00000,0.97795,-0.10863,2526
2826,1.00000,0.98206,-0.04823,2527
2827,1.00000,0.98911,-0.05288,2528
2828,1.00000,0.98419,0.03974,2529
2829,1.00000,0.97028,0.04428,2530
2830,1.00000,0.97285,-0.07620,2531
2831,1.00000,0.96300,-0.02192,2532
2832,1.00000,0.95897,-0.08339,2533
2833,1.00000,0.97201,-0.00189,2534
2834,1.00000,0.98133,-0.07127,2535
2835,1.00000,0.96894,0.12705,2536
2836,1.00000,0.96958,-0.08930,2537
2837,1.00000,0.96469,-0.00522,2538
2838,1.00000,0.97218,-0.13237,2539
2839,1.00000,0.97338,-0.03365,2540
2840,1.00000,0.97784,-0.04084,2541
2841,1.00000,0.98204,0.05625,2542
2842,1.00000,0.98193,-0.04714,2543
2843,1.00000,0.98222,0.08029,2544
2844,1.00000,0.96552,-0.05928,2545
2845,1.00000,0.97604,0.00170,2546
2846,1.00000,0.97217,-0.14378,2547
2847,1.00000,0.97668,-0.07925,2548
2848,1.00000,0.98225,-0.02348,2549
2849,1.00000,0.99065,0.00379,2550
2850,1.00000,0.98106,0.02356,2551
2851,1.00000,0.97858,-0.13246,2552
2852,1.00000,0.97751,0.00031,2553
2853,1.00000,0.96898,-0.07746,2554
2854,1.00000,0.96289,0.03212,2555
2855,1.00000,0.96483,-0.16112,2556
2856,1.00000,0.96954,-0.02871,2557
2857,1.00000,0.96440,-0.02481,2558
2858,1.00000,0.97078,0.08778,2559
2859,1.00000,0.97504,-0.04969,2560
2860,1.00000,0.97958,-0.10129,2561
2861,1.00000,0.97572,-0.01148,2562
2862,1.00000,0.97313,-0.00191,2563
2863,1.00000,0.97896,0.05726,2564
2864,1.00000,0.97816,-0.00551,2565
2865,1.00000,0.97468,-0.08574,2566
2866,1.00000,0.97153,-0.03279,2567
2867,1.00000,0.96531,0.01789,2568
2868,1.00000,0.97695,-0.11151,2569
2869,1.00000,0.98283,-0.03820,2570
2870,1.00000,0.95896,-0.05299,2571
2871,1.00000,0.95478,0.10339,2572
2872,1.00000,0.97055,-0.06227,2573
2873,1.00000,0.97537,0.01173,2574
2874,1.00000,0.97545,-0.05716,2575
2875,1.00000,0.97754,-0.11421,2576
2876,1.00000,0.98055,-0.01404,2577
2877,1.00000,0.98178,-0.02162,2578
2878,1.00000,0.97166,-0.00820,2579
2879,1.00000,0.98115,-0.11889,2580
2880,1.00000,0.96017,-0.03486,2581
2881,1.00000,0.96665,-0.05567,2582
2882,1.00000,0.98147,0.05610,2583
2883,1.00000,0.98095,-0.01705,2584
2884,1.00000,0.98174,-0.05219,2585
2885,1.00000,0.97144,-0.03588,2586
2886,1.00000,0.97914,-0.09808,2587
2887,1.00000,0.97797,-0.01581,2588
2888,1.00000,0.97649,-0.02640,2589
2889,1.00000,0.97809,0.06874,2590
2890,1.00000,0.97291,-0.01020,2591
2891,1.00000,0.98240,-0.02451,2592
2892,1.00000,0.98435,-0.12787,2593
2893,1.00000,0.98004,-0.01047,2594
2894,1.00000,0.97792,-0.00289,2595
2895,1.00000,0.96734,-0.00100,2596
2896,1.00000,0.97784,-0.06678,2597
2897,1.00000,0.97219,-0.04819,2598
2898,1.00000,0.98168,-0.14232,2599
2899,1.00000,0.98750,-0.07381,2600
2900,1.00000,0.97866,-0.04151,2601
2901,1.00000,0.99166,-0.03172,2602
2902,1.00000,0.97839,-0.08329,2603
2903,1.00000,0.98649,-0.01736,2604
2904,1.00000,0.97690,0.01788,2605
2905,1.00000,0.97988,-0.07805,2606
2906,1.00000,0.98174,-0.05383,2607
2907,1.00000,0.97729,-0.07034,2608
2908,1.00000,0.98740,-0.08603,2609
2909,1.00000,0.98003,-0.00411,2610
2910,1.00000,0.97639,-0.02777,2611
2911,1.00000,0.98077,0.00020,2612
2912,1.00000,0.97008,-0.00122,2613
2913,1.00000,0.96960,-0.07687,2614
2914,1.00000,0.97597,-0.05760,2615
2915,1.00000,0.97604,-0.08155,2616
2916,1.00000,0.97842,-0.01048,2617
2917,1.00000,0.98210,-0.00537,2618
2918,1.00000,0.97958,-0.00896,2619
2919,1.00000,0.97288,0.00708,2620
2920,1.00000,0.97846,-0.06408,2621
2921,1.00000,0.98025,0.01671,2622
2922,1.00000,0.97675,-0.03857,2623
2923,1.00000,0.98257,-0.08386,2624
2924,1.00000,0.98136,0.00222,2625
2925,1.00000,0.98243,0.05462,2626
2926,1.00000,0.97170,0.02801,2627
2927,1.00000,0.97571,0.00080,2628
2928,1.00000,0.96976,-0.08850,2629
2929,1.00000,0.97697,-0.08292,2630
2930,1.00000,0.97948,-0.04005,2631
2931,1.00000,0.97925,-0.02472,2632
2932,1.00000,0.97363,0.15060,2633
2933,1.00000,0.97147,-0.08099,2634
2934,1.00000,0.98044,0.04079,2635
2935,1.00000,0.97152,-0.12429,2636
2936,1.00000,0.97111,0.00086,2637
2937,1.00000,0.97625,-0.14362,2638
2938,1.00000,0.98014,-0.07023,2639
2939,1.00000,0.98034,-0.12150,2640
2940,1.00000,0.98222,0.00495,2641
2941,1.00000,0.98372,-0.09325,2642
2942,1.00000,0.97204,0.11078,2643
2943,1.00000,0.96934,-0.03753,2644
2944,1.00000,0.98134,0.01813,2645
2945,1.00000,0.97072,0.05352,2646
2946,1.00000,0.97029,0.04233,2647
2947,1.00000,0.96663,0.11247,2648
2948,1.00000,0.98279,-0.10864,2649
2949,1.00000,0.98665,-0.05128,2650
2950,1.00000,0.96891,-0.04169,2651
2951,1.00000,0.97065,0.02041,2652
2952,1.00000,0.98097,-0.04325,2653
2953,1.00000,0.98399,-0.05353,2654
2954,1.00000,0.97693,0.04308,2655
2955,1.00000,0.97481,-0.00539,2656
2956,1.00000,0.98491,0.02679,2657
2957,1.00000,0.96191,-0.03307,2658
2958,1.00000,0.98178,-0.06385,2659
2959,1.00000,0.97218,0.00181,2660
2960,1.00000,0.96200,-0.09712,2661
2961,1.00000,0.98349,0.12819,2662
2962,1.00000,0.97380,0.01909,2663
2963,1.00000,0.97710,-0.03295,2664
2964,1.00000,0.97421,-0.04028,2665
2965,1.00000,0.97874,0.05897,2666
2966,1.00000,0.96984,-0.09452,2667
2967,1.00000,0.96574,-0.00915,2668
2968,1.00000,0.97189,-0.13718,2669
2969,1.00000,0.97329,0.05413,2670
2970,1.00000,0.96398,-0.04506,2671
2971,1.00000,0.97174,0.04851,2672
2972,1.00000,0.96298,-0.06338,2673
2973,1.00000,0.97161,-0.01831,2674
2974,1.00000,0.96333,0.00830,2675
2975,1.00000,0.98236,-0.05540,2676
2976,1.00000,0.98097,-0.03761,2677
2977,1.00000,0.96615,-0.03041,2678
2978,1.00000,0.96764,-0.03820,2679
2979,1.00000,0.96145,-0.00114,2680
2980,1.00000,0.96945,-0.04663,2681
2981,1.00000,0.97219,-0.00253,2682
2982,1.00000,0.97342,0.04287,2683
2983,1.00000,0.97967,-0.05613,2684
2984,1.00000,0.98153,0.00072,2685
2985,1.00000,0.97049,-0.09927,2686
2986,1.00000,0.97456,0.08065,2687
2987,1.00000,0.97478,-0.14930,2688
2988,1.00000,0.98502,0.06973,2689
2989,1.00000,0.97567,-0.03279,2690
2990,1.00000,0.97958,0.06017,2691
2991,1.00000,0.97991,-0.06140,2692
2992,1.00000,0.97777,0.00676,2693
2993,1.00000,0.94843,-0.06922,2694
2994,1.00000,0.96828,-0.08134,2695
2995,1.00000,0.97600,-0.12712,2696
2996,1.00000,0.97043,-0.05029,2697
2997,1.00000,0.97758,-0.03162,2698
2998,1.00000,0.97276,0.10174,2699
2999,1.00000,0.97564,-0.04149,2700
3000,1.00000,0.97686,-0.03939,2700
3001,1.00000,0.97072,-0.10422,2700
3002,1.00000,0.97224,-0.12847,2700
3003,1.00000,0.96938,0.03654,2700
3004,1.00000,0.97008,0.01005,2700
3005,1.00000,0.95941,0.08148,2700
3006,1.00000,0.97084,-0.09839,2700
3007,1.00000,0.95144,-0.04458,2700
3008,1.00000,0.95899,-0.09892,2700
3009,1.00000,0.96947,0.03028,2700
3010,1.00000,0.97175,-0.10015,2700
3011,1.00000,0.97775,-0.01222,2700
3012,1.00000,0.97079,-0.12355,2700
3013,1.00000,0.97894,0.04483,2700
3014,1.00000,0.96759,-0.04910,2700
3015,1.00000,0.98500,-0.05392,2700
3016,1.00000,0.97347,-0.06050,2700
3017,1.00000,0.97915,0.09439,2700
3018,1.00000,0.97576,0.00715,2700
3019,1.00000,0.96039,0.12519,2700
3020,1.00000,0.96156,-0.10341,2700
3021,1.00000,0.96731,0.03124,2700
3022,1.00000,0.98402,-0.13057,2700
3023,1.00000,0.97960,-0.03903,2700
3024,1.00000,0.98184,-0.03049,2700
3025,1.00000,0.97137,0.03800,2700
3026,1.00000,0.96036,0.01077,2700
3027,1.00000,0.97042,0.00058,2700
3028,1.00000,0.96851,0.01958,2700
3029,1.00000,0.97381,-0.03887,2700
3030,1.00000,0.97619,-0.04855,2700
3031,1.00000,0.98232,-0.10906,2700
3032,1.00000,0.96660,-0.00263,2700
3033,1.00000,0.97165,-0.11835,2700
3034,1.00000,0.97251,0.05036,2700
3035,1.00000,0.97268,-0.06471,2700
3036,1.00000,0.97267,0.03032,2700
3037,1.00000,0.97084,-0.15273,2700
3038,1.00000,0.97471,0.00705,2700
3039,1.00000,0.97219,-0.17202,2700
3040,1.00000,0.97725,0.14457,2700
3041,1.00000,0.97038,-0.02280,2700
3042,1.00000,0.97506,0.10283,2700
3043,1.00000,0.96830,-0.10049,2700
3044,1.00000,0.97278,-0.01264,2700
3045,1.00000,0.97624,-0.07982,2700
3046,1.00000,0.97866,0.02609,2700
3047,1.00000,0.97200,-0.01758,2700
3048,1.00000,0.97607,-0.00876,2700
3049,1.00000,0.96893,-0.03797,2700
3050,1.00000,0.97474,0.06924,2700
3051,1.00000,0.96620,0.06284,2700
3052,1.00000,0.97482,-0.01045,2700
3053,1.00000,0.97700,-0.05217,2700
3054,1.00000,0.97998,-0.06166,2700
3055,1.00000,0.97430,0.07107,2700
3056,1.00000,0.98219,-0.10145,2700
3057,1.00000,0.98121,0.06275,2700
3058,1.00000,0.97910,-0.16643,2700
3059,1.00000,0.98412,0.09712,2700
3060,1.00000,0.98246,-0.15241,2700
3061,1.00000,0.98184,0.05044,2700
3062,1.00000,0.98001,-0.12887,2700
3063,1.00000,0.98040,-0.01079,2700
3064,1.00000,0.95367,-0.08037,2700
3065,1.00000,0.97146,-0.05500,2700
3066,1.00000,0.97879,-0.03649,2700
3067,1.00000,0.97652,-0.03081,2700
3068,1.00000,0.96631,-0.06268,2700
3069,1.00000,0.97515,-0.01179,2700
3070,1.00000,0.97130,-0.06163,2700
3071,1.00000,0.98011,-0.04977,2700
3072,1.00000,0.97111,0.07256,2700
3073,1.00000,0.97263,-0.04785,2700
3074,1.00000,0.97183,0.04734,2700
3075,1.00000,0.97630,-0.04476,2700
3076,1.00000,0.97080,0.04844,2700
3077,1.00000,0.97608,-0.11379,2700
3078,1.00000,0.98276,0.00271,2700
3079,1.00000,0.96802,-0.13296,2700
3080,1.00000,0.98038,-0.08932,2700
3081,1.00000,0.98000,-0.07755,2700
3082,1.00000,0.97794,0.00993,2700
3083,1.00000,0.96824,-0.03523,2700
3084,1.00000,0.97087,-0.02814,2700
3085,1.00000,0.95791,-0.01804,2700
3086,1.00000,0.96661,-0.04062,2700
3087,1.00000,0.97474,0.07529,2700
3088,1.00000,0.98173,0.00667,2700
3089,1.00000,0.97855,-0.06601,2700
3090,1.00000,0.97085,-0.05731,2700
3091,1.00000,0.98094,-0.08620,2700
3092,1.00000,0.97518,0.03830,2700
3093,1.00000,0.97055,0.02826,2700
3094,1.00000,0.98035,-0.02257,2700
3095,1.00000,0.97658,-0.05077,2700
3096,1.00000,0.97951,0.01360,2700
3097,1.00000,0.98295,-0.09754,2700
3098,1.00000,0.98695,-0.02641,2700
3099,1.00000,0.98096,-0.03223,2700
3100,1.00000,0.97487,0.01960,2700
3101,1.00000,0.97293,-0.03896,2700
3102,1.00000,0.98286,0.05455,2700
3103,1.00000,0.98061,-0.11077,2700
3104,1.00000,0.97982,0.01002,2700
3105,1.00000,0.97288,-0.12933,2700
3106,1.00000,0.97551,0.11077,2700
3107,1.00000,0.97205,-0.11299,2700
3108,1.00000,0.98160,-0.03670,2700
3109,1.00000,0.97549,-0.09454,2700
3110,1.00000,0.97745,0.01134,2700
3111,1.00000,0.97266,-0.02694,2700
3112,1.00000,0.97865,0.02903,2700
3113,1.00000,0.98083,0.03014,2700
3114,1.00000,0.97999,-0.07978,2700
3115,1.00000,0.97920,0.08368,2700
3116,1.00000,0.98020,-0.05553,2700
3117,1.00000,0.98247,0.02507,2700
3118,1.00000,0.98655,-0.08635,2700
3119,1.00000,0.98234,0.01803,2700
3120,1.00000,0.97914,-0.09085,2700
3121,1.00000,0.98242,0.10321,2700
3122,1.00000,0.98462,-0.06751,2700
3123,1.00000,0.98707,0.05332,2700
3124,1.00000,0.96248,-0.10634,2700
3125,1.00000,0.97614,0.00272,2700
3126,1.00000,0.98318,-0.07277,2700
3127,1.00000,0.97582,-0.07547,2700
3128,1.00000,0.97815,0.06545,2700
3129,1.00000,0.95633,0.08754,2700
3130,1.00000,0.97703,0.04572,2700
3131,1.00000,0.97984,-0.08337,2700
3132,1.00000,0.97196,0.01740,2700
3133,1.00000,0.98112,-0.05126,2700
3134,1.00000,0.97498,0.09209,2700
3135,1.00000,0.97662,-0.09836,2700
3136,1.00000,0.97770,-0.01878,2700
3137,1.00000,0.97658,-0.11014,2700
3138,1.00000,0.97523,0.00743,2700
3139,1.00000,0.97725,-0.13392,2700
3140,1.00000,0.98064,-0.08316,2700
3141,1.00000,0.97865,-0.11129,2700
3142,1.00000,0.97382,-0.03012,2700
3143,1.00000,0.98537,-0.07147,2700
3144,1.00000,0.98500,0.02659,2700
3145,1.00000,0.98884,-0.09230,2700
3146,1.00000,0.98843,-0.04204,2700
3147,1.00000,0.98151,-0.03641,2700
3148,1.00000,0.97602,-0.03974,2700
3149,1.00000,0.98075,0.00988,2700
3150,1.00000,0.97676,-0.07275,2700
3151,1.00000,0.98140,-0.03854,2700
3152,1.00000,0.98499,-0.09547,2700
3153,1.00000,0.97684,-0.04471,2700
3154,1.00000,0.98115,-0.13482,2700
3155,1.00000,0.97475,0.04510,2700
3156,1.00000,0.97038,0.01850,2700
3157,1.00000,0.97474,0.01877,2700
3158,1.00000,0.98255,-0.08901,2700
3159,1.00000,0.97683,-0.01510,2700
3160,1.00000,0.96395,0.03742,2700
3161,1.00000,0.98189,0.02528,2700
3162,1.00000,0.97860,-0.04799,2700
3163,1.00000,0.98438,-0.01936,2700
3164,1.00000,0.98656,-0.03203,2700
3165,1.00000,0.98062,-0.09654,2700
3166,1.00000,0.97641,-0.01941,2700
3167,1.00000,0.97129,-0.09846,2700
3168,1.00000,0.96998,0.02245,2700
3169,1.00000,0.97588,-0.12167,2700
3170,1.00000,0.97933,0.01730,2700
3171,1.00000,0.97432,-0.11736,2700
3172,1.00000,0.98721,-0.02271,2700
3173,1.00000,0.96789,-0.10906,2700
3174,1.00000,0.97781,-0.00641,2700
3175,1.00000,0.97795,0.00828,2700
3176,1.00000,0.97747,-0.05702,2700
3177,1.00000,0.97857,-0.02761,2700
3178,1.00000,0.98043,-0.00964,2700
3179,1.00000,0.97905,-0.04849,2700
3180,1.00000,0.98280,-0.00279,2700
3181,1.00000,0.98644,-0.02971,2700
3182,1.00000,0.98551,-0.04799,2700
3183,1.00000,0.98395,-0.01119,2700
3184,1.00000,0.97625,0.09021,2700
3185,1.00000,0.96993,-0.09525,2700
3186,1.00000,0.97550,-0.07678,2700
3187,1.00000,0.97167,-0.11506,2700
3188,1.00000,0.97510,-0.08095,2700
3189,1.00000,0.97706,-0.05506,2700
3190,1.00000,0.98279,0.07204,2700
3191,1.00000,0.98677,0.08645,2700
3192,1.00000,0.97337,-0.00057,2700
3193,1.00000,0.97229,0.00749,2700
3194,1.00000,0.97135,0.00070,2700
3195,1.00000,0.94954,0.05914,2700
3196,1.00000,0.97182,-0.05867,2700
3197,1.00000,0.98200,-0.03425,2700
3198,1.00000,0.98125,-0.05211,2700
3199,1.00000,0.98279,-0.07451,2700
3200,1.00000,0.98736,0.01418,2700
3201,1.00000,0.97954,-0.10782,2700
3202,1.00000,0.97933,-0.01842,2700
3203,1.00000,0.98272,-0.05975,2700
3204,1.00000,0.98373,0.05762,2700
3205,1.00000,0.98571,-0.06955,2700
3206,1.00000,0.98764,-0.00902,2700
3207,1.00000,0.96352,0.01379,2700
3208,1.00000,0.97575,0.02319,2700
3209,1.00000,0.98512,-0.06112,2700
3210,1.00000,0.98088,-0.04836,2700
3211,1.00000,0.97747,-0.05697,2700
3212,1.00000,0.97887,-0.06204,2700
3213,1.00000,0.97970,-0.00669,2700
3214,1.00000,0.97164,0.02266,2700
3215,1.00000,0.98496,-0.07565,2700
3216,1.00000,0.98464,-0.01744,2700
3217,1.00000,0.98550,-0.04859,2700
3218,1.00000,0.97103,0.08887,2700
3219,1.00000,0.98011,0.02714,2700
3220,1.00000,0.96895,-0.02887,2700
3221,1.00000,0.98166,-0.10626,2700
3222,1.00000,0.97934,-0.03031,2700
3223,1.00000,0.97628,-0.11352,2700
3224,1.00000,0.97576,-0.02453,2700
3225,1.00000,0.98576,-0.02675,2700
3226,1.00000,0.98139,-0.05791,2700
3227,1.00000,0.96311,-0.00775,2700
3228,1.00000,0.96525,0.01580,2700
3229,1.00000,0.97596,-0.01677,2700
3230,1.00000,0.97409,-0.06265,2700
3231,1.00000,0.96278,0.01942,2700
3232,1.00000,0.97983,-0.08296,2700
3233,1.00000,0.97616,0.03547,2700
3234,1.00000,0.97928,-0.08596,2700
3235,1.00000,0.97965,0.02814,2700
3236,1.00000,0.96323,-0.07101,2700
3237,1.00000,0.96272,0.03116,2700
3238,1.00000,0.97233,0.05116,2700
3239,1.00000,0.96683,0.03511,2700
3240,1.00000,0.96507,0.04895,2700
3241,1.00000,0.98448,-0.03909,2700
3242,1.00000,0.98680,-0.03512,2700
3243,1.00000,0.97761,0.01074,2700
3244,1.00000,0.96819,0.03487,2700
3245,1.00000,0.95872,0.10584,2700
3246,1.00000,0.96338,0.10226,2700
3247,1.00000,0.97180,-0.09077,2700
3248,1.00000,0.97736,-0.08201,2700
3249,1.00000,0.96602,-0.10125,2700
3250,1.00000,0.96504,0.01168,2700
3251,1.00000,0.97893,0.04858,2700
3252,1.00000,0.98030,0.00373,2700
3253,1.00000,0.97096,-0.00206,2700
3254,1.00000,0.97320,-0.01013,2700
3255,1.00000,0.97979,-0.10410,2700
3256,1.00000,0.96436,0.12591,2700
3257,1.00000,0.94910,-0.07622,2700
3258,1.00000,0.96586,0.05818,2700
3259,1.00000,0.96587,-0.13330,2700
3260,1.00000,0.97978,-0.05051,2700
3261,1.00000,0.96908,-0.06188,2700
3262,1.00000,0.97633,0.06654,2700
3263,1.00000,0.98258,-0.07083,2700
3264,1.00000,0.97412,0.01093,2700
3265,1.00000,0.97579,-0.04275,2700
3266,1.00000,0.97239,-0.10367,2700
3267,1.00000,0.96043,0.05855,2700
3268,1.00000,0.96588,-0.11952,2700
3269,1.00000,0.98261,0.03503,2700
3270,1.00000,0.97801,-0.07925,2700
3271,1.00000,0.97669,0.04465,2700
3272,1.00000,0.97286,-0.13920,2700
3273,1.00000,0.96988,0.08695,2700
3274,1.00000,0.96552,-0.05483,2700
3275,1.00000,0.97452,0.04267,2700
3276,1.00000,0.98379,-0.15198,2700
3277,1.00000,0.98594,0.00623,2700
3278,1.00000,0.97041,-0.12274,2700
3279,1.00000,0.97473,-0.00753,2700
3280,1.00000,0.97936,-0.11994,2700
3281,1.00000,0.98322,-0.01449,2700
3282,1.00000,0.97181,-0.11002,2700
3283,1.00000,0.98095,-0.06906,2700
3284,1.00000,0.98300,-0.03956,2700
3285,1.00000,0.97531,-0.10506,2700
3286,1.00000,0.98091,-0.05568,2700
3287,1.00000,0.97681,-0.13427,2700
3288,1.00000,0.97164,-0.01033,2700
3289,1.00000,0.97944,-0.07568,2700
3290,1.00000,0.97975,-0.01881,2700
3291,1.00000,0.98371,-0.07668,2700
3292,1.00000,0.97515,0.00088,2700
3293,1.00000,0.97108,-0.06668,2700
3294,1.00000,0.97379,0.06608,2700
3295,1.00000,0.96894,-0.08576,2700
3296,1.00000,0.96748,-0.09394,2700
3297,1.00000,0.95890,-0.03147,2700
3298,1.00000,0.97061,-0.05727,2700
3299,1.00000,0.97527,-0.05237,2700
3300,1.00000,0.96802,-0.02659,2700
3301,1.00000,0.97195,-0.01271,2700
3302,1.00000,0.95960,-0.07337,2700
3303,1.00000,0.97290,-0.00784,2700
3304,1.00000,0.97644,-0.09480,2700
3305,1.00000,0.97621,0.07108,2700
3306,1.00000,0.96406,-0.12986,2700
3307,1.00000,0.96873,0.07377,2700
3308,1.00000,0.96880,-0.17449,2700
3309,1.00000,0.97658,0.07689,2700
3310,1.00000,0.96936,-0.12602,2700
3311,1.00000,0.96955,0.05274,2700
3312,1.00000,0.96435,-0.11937,2700
3313,1.00000,0.96722,0.03401,2700
3314,1.00000,0.97086,-0.12672,2700
3315,1.00000,0.97288,0.05213,2700
3316,1.00000,0.96110,-0.10279,2700
3317,1.00000,0.97499,0.05911,2700
3318,1.00000,0.93689,-0.05172,2700
3319,1.00000,0.96497,-0.01456,2700
3320,1.00000,0.96779,-0.01679,2700
3321,1.00000,0.97912,-0.07445,2700
3322,1.00000,0.98529,0.04724,2700
3323,1.00000,0.98509,-0.04174,2700
3324,1.00000,0.96583,0.08893,2700
3325,1.00000,0.97032,0.03010,2700
3326,1.00000,0.95587,0.02908,2700
3327,1.00000,0.95387,-0.11616,2700
3328,1.00000,0.97439,-0.07064,2700
3329,1.00000,0.98086,-0.08420,2700
3330,1.00000,0.97949,-0.03822,2700
3331,1.00000,0.98634,-0.06181,2700
3332,1.00000,0.98112,0.03973,2700
3333,1.00000,0.97461,-0.09096,2700
3334,1.00000,0.97628,-0.01005,2700
3335,1.00000,0.97545,-0.09985,2700
3336,1.00000,0.98053,-0.00383,2700
3337,1.00000,0.97210,-0.07278,2700
3338,1.00000,0.97870,-0.06486,2700
3339,1.00000,0.97201,0.00126,2700
3340,1.00000,0.97672,-0.08342,2700
3341,1.00000,0.97880,-0.04016,2700
3342,1.00000,0.97836,-0.06303,2700
3343,1.00000,0.98215,0.01306,2700
3344,1.00000,0.98486,-0.01606,2700
3345,1.00000,0.97563,-0.04526,2700
3346,1.00000,0.97687,-0.10714,2700
3347,1.00000,0.97076,0.03442,2700
3348,1.00000,0.97464,-0.02487,2700
3349,1.00000,0.97034,0.05250,2700
3350,1.00000,0.97225,-0.05187,2700
3351,1.00000,0.97650,-0.06643,2700
3352,1.00000,0.96556,-0.01961,2700
3353,1.00000,0.96388,-0.08348,2700
3354,1.00000,0.97724,-0.06085,2700
3355,1.00000,0.98061,-0.07639,2700
3356,1.00000,0.97681,-0.06126,2700
3357,1.00000,0.98071,-0.07810,2700
3358,1.00000,0.98020,-0.03603,2700
3359,1.00000,0.97071,0.00986,2700
3360,1.00000,0.97208,0.02610,2700
3361,1.00000,0.98221,0.03261,2700
3362,1.00000,0.98574,-0.06548,2700
3363,1.00000,0.96721,-0.00628,2700
3364,1.00000,0.97412,-0.10234,2700
3365,1.00000,0.96660,0.09033,2700
3366,1.00000,0.97559,-0.12334,2700
3367,1.00000,0.96686,0.11562,2700
3368,1.00000,0.97096,-0.13327,2700
3369,1.00000,0.96652,-0.01305,2700
3370,1.00000,0.96539,-0.07496,2700
3371,1.00000,0.96969,0.03825,2700
3372,1.00000,0.97337,-0.07849,2700
3373,1.00000,0.98234,0.00299,2700
3374,1.00000,0.97739,-0.11723,2700
3375,1.00000,0.98221,-0.07839,2700
3376,1.00000,0.98005,-0.09087,2700
3377,1.00000,0.98139,-0.07865,2700
3378,1.00000,0.98071,-0.03976,2700
3379,1.00000,0.97438,-0.08632,2700
3380,1.00000,0.97946,0.00356,2700
3381,1.00000,0.98354,-0.06337,2700
3382,1.00000,0.97462,0.05973,2700
3383,1.00000,0.96823,-0.03373,2700
3384,1.00000,0.96360,-0.01605,2700
3385,1.00000,0.96523,-0.02717,2700
3386,1.00000,0.96352,-0.00235,2700
3387,1.00000,0.96238,-0.05408,2700
3388,1.00000,0.96617,0.09818,2700
3389,1.00000,0.95181,-0.02469,2700
3390,1.00000,0.96576,0.19237,2700
3391,1.00000,0.96360,-0.12841,2700
3392,1.00000,0.97237,-0.03421,2700
3393,1.00000,0.96779,-0.12458,2700
3394,1.00000,0.96823,-0.09106,2700
3395,1.00000,0.96565,-0.06085,2700
3396,1.00000,0.96302,-0.07041,2700
3397,1.00000,0.97326,-0.01033,2700
3398,1.00000,0.95939,0.01177,2700
3399,1.00000,0.97358,0.06321,2700
3400,1.00000,0.97771,-0.09664,2700
3401,1.00000,0.96631,0.05406,2700
3402,1.00000,0.96761,-0.08818,2700
3403,1.00000,0.97267,0.02258,2700
3404,1.00000,0.97404,-0.08393,2700
3405,1.00000,0.97471,-0.09079,2700
3406,1.00000,0.97843,-0.13206,2700
3407,1.00000,0.97814,-0.00679,2700
3408,1.00000,0.97986,-0.06000,2700
3409,1.00000,0.96712,0.11714,2700
3410,1.00000,0.95914,-0.05332,2700
3411,1.00000,0.96000,-0.00109,2700
3412,1.00000,0.96450,-0.06595,2700
3413,1.00000,0.97923,-0.02330,2700
3414,1.00000,0.96599,0.07565,2700
3415,1.00000,0.97529,-0.01914,2700
3416,1.00000,0.98042,-0.04874,2700
3417,1.00000,0.98122,-0.00318,2700
3418,1.00000,0.98150,-0.05382,2700
3419,1.00000,0.97776,-0.03421,2700
3420,1.00000,0.97158,-0.09853,2700
3421,1.00000,0.98734,-0.08033,2700
3422,1.00000,0.98227,-0.09246,2700
3423,1.00000,0.97605,-0.02691,2700
3424,1.00000,0.97017,0.01286,2700
3425,1.00000,0.97922,-0.01563,2700
3426,1.00000,0.98270,-0.07167,2700
3427,1.00000,0.99240,-0.08213,2700
3428,1.00000,0.97894,-0.08347,2700
3429,1.00000,0.98570,-0.07974,2700
3430,1.00000,0.98213,-0.02400,2700
3431,1.00000,0.98999,-0.06038,2700
3432,1.00000,0.98647,-0.02461,2700
3433,1.00000,0.97551,-0.06391,2700
3434,1.00000,0.98743,-0.06385,2700
3435,1.00000,0.97855,-0.01224,2700
3436,1.00000,0.98635,-0.09618,2700
3437,1.00000,0.98759,-0.03240,2700
3438,1.00000,0.98981,-0.01957,2700
3439,1.00000,0.98637,-0.05182,2700
3440,1.00000,0.98029,-0.01781,2700
3441,1.00000,0.98501,-0.10097,2700
3442,1.00000,0.97140,-0.08359,2700
3443,1.00000,0.98115,-0.04089,2700
3444,1.00000,0.97473,-0.00928,2700
3445,1.00000,0.96392,0.09341,2700
3446,1.00000,0.98365,-0.13859,2700
3447,1.00000,0.96590,0.00029,2700
3448,1.00000,0.97921,-0.20106,2700
3449,1.00000,0.97992,0.00189,2700
3450,1.00000,0.97523,-0.13616,2700
3451,1.00000,0.96876,0.02652,2700
3452,1.00000,0.97410,-0.14256,2700
3453,1.00000,0.98913,0.01066,2700
3454,1.00000,0.97679,-0.09457,2700
3455,1.00000,0.97169,0.02509,2700
3456,1.00000,0.97874,-0.08560,2700
3457,1.00000,0.98020,-0.03723,2700
3458,1.00000,0.98320,-0.14762,2700
3459,1.00000,0.97675,-0.09376,2700
3460,1.00000,0.98193,-0.07882,2700
3461,1.00000,0.98259,0.04644,2700
3462,1.00000,0.98918,-0.08302,2700
3463,1.00000,0.98839,0.04528,2700
3464,1.00000,0.95460,-0.09304,2700
3465,1.00000,0.97398,-0.06780,2700
3466,1.00000,0.97015,-0.07238,2700
3467,1.00000,0.97316,-0.07508,2700
3468,1.00000,0.97505,-0.05059,2700
3469,1.00000,0.97312,-0.09773,2700
3470,1.00000,0.97563,-0.02897,2700
3471,1.00000,0.97547,-0.10121,2700
3472,1.00000,0.97672,-0.00480,2700
3473,1.00000,0.97615,-0.13526,2700
3474,1.00000,0.97908,-0.04884,2700
3475,1.00000,0.97673,-0.14107,2700
3476,1.00000,0.96995,0.03711,2700
3477,1.00000,0.97917,-0.12822,2700
3478,1.00000,0.98048,-0.08752,2700
3479,1.00000,0.96527,-0.11940,2700
3480,1.00000,0.97625,-0.08959,2700
3481,1.00000,0.97211,-0.03824,2700
3482,1.00000,0.97205,-0.01401,2700
3483,1.00000,0.97300,0.00428,2700
3484,1.00000,0.97418,-0.09419,2700
3485,1.00000,0.97848,0.06850,2700
3486,1.00000,0.97355,-0.09721,2700
3487,1.00000,0.97504,0.05275,2700
3488,1.00000,0.97295,-0.12870,2700
3489,1.00000,0.98126,0.02404,2700
3490,1.00000,0.97799,-0.12698,2700
3491,1.00000,0.97979,0.02743,2700
3492,1.00000,0.96466,-0.03655,2700
3493,1.00000,0.97246,-0.01136,2700
3494,1.00000,0.97519,-0.11101,2700
3495,1.00000,0.97531,-0.07157,2700
3496,1.00000,0.98130,-0.09189,2700
3497,1.00000,0.97235,0.04189,2700
3498,1.00000,0.97319,-0.12931,2700
3499,1.00000,0.97999,0.01159,2700
3500,1.00000,0.98744,-0.17724,2700
3501,1.00000,0.97529,-0.04479,2700
3502,1.00000,0.97996,-0.12169,2700
3503,1.00000,0.98158,-0.05624,2700
3504,1.00000,0.97931,-0.06964,2700
3505,1.00000,0.98062,-0.03557,2700
3506,1.00000,0.97307,-0.06806,2700
3507,1.00000,0.98249,-0.06064,2700
3508,1.00000,0.97929,-0.02278,2700
3509,1.00000,0.97671,-0.02589,2700
3510,1.00000,0.97016,-0.00012,2700
3511,1.00000,0.97309,-0.07456,2700
3512,1.00000,0.97371,-0.04505,2700
3513,1.00000,0.97122,-0.05731,2700
3514,1.00000,0.96925,-0.01358,2700
3515,1.00000,0.97944,-0.11592,2700
3516,1.00000,0.98547,-0.04059,2700
3517,1.00000,0.97593,-0.14142,2700
3518,1.00000,0.97339,-0.06365,2700
3519,1.00000,0.98025,-0.10020,2700
3520,1.00000,0.97498,0.03127,2700
3521,1.00000,0.98223,-0.11245,2700
3522,1.00000,0.96710,0.06192,2700
3523,1.00000,0.95655,-0.10070,2700
3524,1.00000,0.98088,-0.02617,2700
3525,1.00000,0.96380,-0.11522,2700
3526,1.00000,0.97874,-0.02796,2700
3527,1.00000,0.97390,-0.02499,2700
3528,1.00000,0.97924,0.04687,2700
3529,1.00000,0.97013,-0.00445,2700
3530,1.00000,0.97474,-0.07008,2700
3531,1.00000,0.98714,-0.05883,2700
3532,1.00000,0.97221,-0.07843,2700
3533,1.00000,0.97146,0.02156,2700
3534,1.00000,0.97780,-0.11168,2700
3535,1.00000,0.96671,-0.01248,2700
3536,1.00000,0.97427,-0.11257,2700
3537,1.00000,0.96914,-0.05778,2700
3538,1.00000,0.96947,-0.00648,2700
3539,1.00000,0.97963,0.00387,2700
3540,1.00000,0.97674,-0.08384,2700
3541,1.00000,0.96908,0.04042,2700
3542,1.00000,0.96359,-0.07500,2700
3543,1.00000,0.96702,-0.02750,2700
3544,1.00000,0.94551,-0.03793,2700
3545,1.00000,0.96409,-0.01806,2700
3546,1.00000,0.96042,-0.04201,2700
3547,1.00000,0.97395,-0.06623,2700
3548,1.00000,0.96503,0.07071,2700
3549,1.00000,0.97305,-0.05683,2700
3550,1.00000,0.97835,0.00334,2700
3551,1.00000,0.97176,-0.10769,2700
3552,1.00000,0.96942,-0.00337,2700
3553,1.00000,0.97969,-0.08972,2700
3554,1.00000,0.97977,-0.04838,2700
3555,1.00000,0.98096,-0.05780,2700
3556,1.00000,0.98350,-0.09133,2700
3557,1.00000,0.97215,0.02641,2700
3558,1.00000,0.97562,-0.04910,2700
3559,1.00000,0.98195,0.05467,2700
3560,1.00000,0.97385,-0.11958,2700
3561,1.00000,0.96792,0.12673,2700
3562,1.00000,0.94780,0.00821,2700
3563,1.00000,0.97268,-0.02878,2700
3564,1.00000,0.97143,-0.11202,2700
3565,1.00000,0.97148,-0.11032,2700
3566,1.00000,0.98467,-0.12437,2700
3567,1.00000,0.97421,-0.02810,2700
3568,1.00000,0.97534,-0.05840,2700
3569,1.00000,0.97097,0.03441,2700
3570,1.00000,0.97835,-0.07437,2700
3571,1.00000,0.96389,0.02031,2700
3572,1.00000,0.97178,-0.07796,2700
3573,1.00000,0.96439,0.04218,2700
3574,1.00000,0.96889,-0.11543,2700
3575,1.00000,0.97974,0.00664,2700
3576,1.00000,0.97620,-0.06037,2700
3577,1.00000,0.98053,0.02028,2700
3578,1.00000,0.97991,-0.06717,2700
3579,1.00000,0.98231,-0.03631,2700
3580,1.00000,0.95666,-0.05214,2700
3581,1.00000,0.96337,-0.06789,2700
3582,1.00000,0.97633,-0.04786,2700
3583,1.00000,0.97712,-0.09242,2700
3584,1.00000,0.98211,-0.02415,2700
3585,1.00000,0.97737,-0.13843,2700
3586,1.00000,0.97073,0.00543,2700
3587,1.00000,0.97638,-0.17632,2700
3588,1.00000,0.97634,-0.04508,2700
3589,1.00000,0.96539,-0.11948,2700
3590,1.00000,0.97421,0.05144,2700
3591,1.00000,0.96522,-0.01214,2700
3592,1.00000,0.96517,0.01472,2700
3593,1.00000,0.97436,-0.13015,2700
3594,1.00000,0.96815,-0.05033,2700
3595,1.00000,0.97125,-0.11502,2700
3596,1.00000,0.98420,0.09396,2700
3597,1.00000,0.96488,-0.07745,2700
3598,1.00000,0.98780,0.04363,2700
3599,1.00000,0.98417,-0.13910,2700
3600,1.00000,0.96498,0.06314,2700
3601,1.00000,0.96158,-0.06188,2700
3602,1.00000,0.97010,0.00668,2700
3603,1.00000,0.97171,-0.03960,2700
3604,1.00000,0.96645,0.01888,2700
3605,1.00000,0.96055,0.02270,2700
3606,1.00000,0.96880,-0.08010,2700
3607,1.00000,0.96580,-0.05350,2700
3608,1.00000,0.97880,-0.15461,2700
3609,1.00000,0.97586,-0.03905,2700
3610,1.00000,0.97249,-0.07288,2700
3611,1.00000,0.96973,0.08859,2700
3612,1.00000,0.97336,-0.05477,2700
3613,1.00000,0.98210,0.04132,2700
3614,1.00000,0.98041,-0.12577,2700
3615,1.00000,0.98195,-0.02890,2700
3616,1.00000,0.97331,-0.10601,2700
3617,1.00000,0.96743,0.00988,2700
3618,1.00000,0.95898,-0.05864,2700
3619,1.00000,0.97049,0.00888,2700
3620,1.00000,0.96682,-0.03219,2700
3621,1.00000,0.98021,-0.09784,2700
3622,1.00000,0.96711,-0.04158,2700
3623,1.00000,0.97912,-0.14927,2700
3624,1.00000,0.98240,-0.04387,2700
3625,1.00000,0.97702,-0.07335,2700
3626,1.00000,0.98379,-0.03632,2700
3627,1.00000,0.98316,-0.03067,2700
3628,1.00000,0.97807,-0.04447,2700
3629,1.00000,0.98175,-0.04534,2700
3630,1.00000,0.97762,-0.08026,2700
3631,1.00000,0.97135,0.00257,2700
3632,1.00000,0.97205,-0.04075,2700
3633,1.00000,0.97149,-0.03558,2700
3634,1.00000,0.97286,-0.08105,2700
3635,1.00000,0.97731,-0.03899,2700
3636,1.00000,0.97778,-0.09060,2700
3637,1.00000,0.97585,0.00348,2700
3638,1.00000,0.97549,-0.04010,2700
3639,1.00000,0.97771,0.02177,2700
3640,1.00000,0.98356,-0.08505,2700
3641,1.00000,0.98045,-0.03808,2700
3642,1.00000,0.98305,-0.08830,2700
3643,1.00000,0.98581,-0.10094,2700
3644,1.00000,0.98398,-0.05934,2700
3645,1.00000,0.98366,-0.08976,2700
3646,1.00000,0.98151,-0.06702,2700
3647,1.00000,0.97743,-0.03306,2700
3648,1.00000,0.97859,-0.03486,2700
3649,1.00000,0.97958,-0.05797,2700
3650,1.00000,0.97327,-0.04074,2700
3651,1.00000,0.97783,-0.03224,2700
3652,1.00000,0.97668,-0.00613,2700
3653,1.00000,0.97488,0.04034,2700
3654,1.00000,0.97103,-0.07792,2700
3655,1.00000,0.97914,-0.06997,2700
3656,1.00000,0.97824,-0.09804,2700
3657,1.00000,0.96560,-0.03410,2700
3658,1.00000,0.97343,-0.04645,2700
3659,1.00000,0.98377,-0.04079,2700
3660,1.00000,0.97891,0.00043,2700
3661,1.00000,0.97486,-0.07614,2700
3662,1.00000,0.97026,-0.06945,2700
3663,1.00000,0.96845,-0.08505,2700
3664,1.00000,0.97216,-0.06861,2700
3665,1.00000,0.96943,-0.00061,2700
3666,1.00000,0.96554,-0.07357,2700
3667,1.00000,0.97461,-0.06969,2700
3668,1.00000,0.96834,-0.09510,2700
3669,1.00000,0.97786,0.01511,2700
3670,1.00000,0.98089,-0.04373,2700
3671,1.00000,0.98335,-0.02730,2700
3672,1.00000,0.98111,-0.03199,2700
3673,1.00000,0.98122,-0.10453,2700
3674,1.00000,0.98733,-0.09674,2700
3675,1.00000,0.97598,-0.06037,2700
3676,1.00000,0.96904,-0.01181,2700
3677,1.00000,0.97408,0.03243,2700
3678,1.00000,0.97411,-0.02287,2700
3679,1.00000,0.96043,-0.04720,2700
3680,1.00000,0.96645,-0.07420,2700
3681,1.00000,0.96709,-0.03874,2700
3682,1.00000,0.96250,-0.00759,2700
3683,1.00000,0.96152,0.04320,2700
3684,1.00000,0.96397,-0.00178,2700
3685,1.00000,0.96992,-0.10312,2700
3686,1.00000,0.95844,-0.03173,2700
3687,1.00000,0.96272,-0.08022,2700
3688,1.00000,0.94422,0.12265,2700
3689,1.00000,0.96342,-0.08274,2700
3690,1.00000,0.96422,0.03928,2700
3691,1.00000,0.96936,-0.14698,2700
3692,1.00000,0.96058,-0.02352,2700
3693,1.00000,0.95936,-0.14695,2700
3694,1.00000,0.96632,0.04118,2700
3695,1.00000,0.96966,-0.12837,2700
3696,1.00000,0.98084,-0.01506,2700
3697,1.00000,0.97649,-0.07026,2700
3698,1.00000,0.97818,0.01305,2700
3699,1.00000,0.97503,-0.07514,2700
3700,1.00000,0.97909,-0.06587,2700
3701,1.00000,0.98323,-0.05510,2700
3702,1.00000,0.98181,-0.13534,2700
3703,1.00000,0.97736,-0.07185,2700
3704,1.00000,0.98048,-0.10168,2700
3705,1.00000,0.97531,-0.03383,2700
3706,1.00000,0.97568,-0.09533,2700
3707,1.00000,0.96895,-0.01803,2700
3708,1.00000,0.96647,-0.08371,2700
3709,1.00000,0.97205,-0.07323,2700
3710,1.00000,0.97649,-0.08642,2700
3711,1.00000,0.97050,-0.04194,2700
3712,1.00000,0.97756,-0.10081,2700
3713,1.00000,0.97876,0.03035,2700
3714,1.00000,0.97557,-0.04488,2700
3715,1.00000,0.98093,-0.01882,2700
3716,1.00000,0.98031,-0.10367,2700
3717,1.00000,0.97428,-0.00566,2700
3718,1.00000,0.95375,-0.01097,2700
3719,1.00000,0.97548,0.00126,2700
3720,1.00000,0.98018,-0.03174,2700
3721,1.00000,0.97144,-0.07734,2700
3722,1.00000,0.97397,-0.04412,2700
3723,1.00000,0.97513,-0.08987,2700
3724,1.00000,0.97078,0.04506,2700
3725,1.00000,0.97668,-0.12721,2700
3726,1.00000,0.96504,0.06937,2700
3727,1.00000,0.97164,-0.11592,2700
3728,1.00000,0.97676,0.11175,2700
3729,1.00000,0.97097,-0.12640,2700
3730,1.00000,0.96740,0.04991,2700
3731,1.00000,0.96365,-0.11605,2700
3732,1.00000,0.96995,0.02386,2700
3733,1.00000,0.96789,-0.14959,2700
3734,1.00000,0.97013,-0.05854,2700
3735,1.00000,0.97771,-0.10924,2700
3736,1.00000,0.97537,-0.09485,2700
3737,1.00000,0.96871,-0.06100,2700
3738,1.00000,0.97200,-0.04394,2700
3739,1.00000,0.96842,-0.03880,2700
3740,1.00000,0.97427,-0.08095,2700
3741,1.00000,0.96582,0.07291,2700
3742,1.00000,0.96887,-0.10337,2700
3743,1.00000,0.97972,-0.02318,2700
3744,1.00000,0.98555,-0.08631,2700
3745,1.00000,0.98403,-0.05342,2700
3746,1.00000,0.97936,-0.10419,2700
3747,1.00000,0.98252,-0.03532,2700
3748,1.00000,0.97963,-0.07327,2700
3749,1.00000,0.97560,-0.01357,2700
3750,1.00000,0.97598,-0.04775,2700
3751,1.00000,0.97735,-0.07328,2700
3752,1.00000,0.98093,-0.06706,2700
3753,1.00000,0.98382,-0.07646,2700
3754,1.00000,0.97565,-0.14961,2700
3755,1.00000,0.97552,-0.04174,2700
3756,1.00000,0.97370,-0.04671,2700
3757,1.00000,0.97929,0.02503,2700
3758,1.00000,0.98300,-0.09120,2700
3759,1.00000,0.96603,-0.01371,2700
3760,1.00000,0.96132,-0.05128,2700
3761,1.00000,0.96989,0.09034,2700
3762,1.00000,0.97579,0.00810,2700
3763,1.00000,0.96990,-0.00131,2700
3764,1.00000,0.97096,-0.06926,2700
3765,1.00000,0.96887,-0.05772,2700
3766,1.00000,0.97347,-0.01348,2700
3767,1.00000,0.97858,-0.05475,2700
3768,1.00000,0.97116,0.02642,2700
3769,1.00000,0.96608,-0.02063,2700
3770,1.00000,0.98102,-0.03839,2700
3771,1.00000,0.97569,-0.09695,2700
3772,1.00000,0.97038,-0.01358,2700
3773,1.00000,0.96196,-0.06315,2700
3774,1.00000,0.97206,-0.00162,2700
3775,1.00000,0.97340,-0.05537,2700
3776,1.00000,0.96638,-0.00054,2700
3777,1.00000,0.97134,-0.10394,2700
3778,1.00000,0.95904,-0.02974,2700
3779,1.00000,0.94227,-0.07116,2700
3780,1.00000,0.96143,-0.09888,2700
3781,1.00000,0.96929,-0.08124,2700
3782,1.00000,0.97826,-0.08012,2700
3783,1.00000,0.97316,-0.02730,2700
3784,1.00000,0.98017,-0.09941,2700
3785,1.00000,0.98306,-0.05680,2700
3786,1.00000,0.97128,-0.11984,2700
3787,1.00000,0.97166,-0.05545,2700
3788,1.00000,0.97077,-0.09267,2700
3789,1.00000,0.96725,0.03018,2700
3790,1.00000,0.97292,-0.07884,2700
3791,1.00000,0.96839,-0.02288,2700
3792,1.00000,0.97006,0.01909,2700
3793,1.00000,0.96834,0.00168,2700
3794,1.00000,0.98234,-0.06490,2700
3795,1.00000,0.97618,-0.06525,2700
3796,1.00000,0.98280,-0.11117,2700
3797,1.00000,0.97676,-0.05167,2700
3798,1.00000,0.97895,0.00030,2700
3799,1.00000,0.97950,-0.12154,2700
3800,1.00000,0.97367,-0.04088,2700
3801,1.00000,0.96666,-0.16139,2700
3802,1.00000,0.97303,-0.06619,2700
3803,1.00000,0.97638,-0.13739,2700
3804,1.00000,0.97865,-0.00619,2700
3805,1.00000,0.97507,-0.06499,2700
3806,1.00000,0.96902,0.01082,2700
3807,1.00000,0.98486,-0.12099,2700
3808,1.00000,0.97590,0.02013,2700
3809,1.00000,0.97181,-0.16006,2700
3810,1.00000,0.97817,-0.01635,2700
3811,1.00000,0.97626,-0.04618,2700
3812,1.00000,0.97493,0.04598,2700
3813,1.00000,0.98441,-0.12369,2700
3814,1.00000,0.99064,0.05654,2700
3815,1.00000,0.98596,-0.07041,2700
3816,1.00000,0.98984,0.00019,2700
3817,1.00000,0.97099,-0.05012,2700
3818,1.00000,0.97513,-0.05116,2700
3819,1.00000,0.96992,-0.05879,2700
3820,1.00000,0.97560,-0.12488,2700
3821,1.00000,0.96523,-0.00637,2700
3822,1.00000,0.98252,-0.10118,2700
3823,1.00000,0.97394,0.05760,2700
3824,1.00000,0.96828,-0.06034,2700
3825,1.00000,0.96968,0.16260,2700
3826,1.00000,0.97035,-0.14339,2700
3827,1.00000,0.97486,-0.02801,2700
3828,1.00000,0.97211,-0.12786,2700
3829,1.00000,0.97430,-0.01357,2700
3830,1.00000,0.97194,-0.07474,2700
3831,1.00000,0.97464,-0.04332,2700
3832,1.00000,0.96916,0.01705,2700
3833,1.00000,0.97990,-0.03229,2700
3834,1.00000,0.96391,0.03539,2700
3835,1.00000,0.97895,-0.01139,2700
3836,1.00000,0.96676,-0.06022,2700
3837,1.00000,0.96189,-0.02418,2700
3838,1.00000,0.96673,-0.07321,2700
3839,1.00000,0.97492,-0.11602,2700
3840,1.00000,0.97939,-0.05503,2700
3841,1.00000,0.98093,-0.10007,2700
3842,1.00000,0.96629,0.07516,2700
3843,1.00000,0.97307,-0.09551,2700
3844,1.00000,0.97634,0.03269,2700
3845,1.00000,0.96639,-0.16255,2700
3846,1.00000,0.96179,0.01789,2700
3847,1.00000,0.97007,-0.15480,2700
3848,1.00000,0.97314,0.01871,2700
3849,1.00000,0.97606,-0.13930,2700
3850,1.00000,0.97699,-0.01335,2700
3851,1.00000,0.96251,-0.10791,2700
3852,1.00000,0.97325,-0.01168,2700
3853,1.00000,0.95897,-0.04052,2700
3854,1.00000,0.97894,-0.08251,2700
3855,1.00000,0.98097,-0.07576,2700
3856,1.00000,0.97285,-0.13867,2700
3857,1.00000,0.96857,-0.08320,2700
3858,1.00000,0.97209,-0.06430,2700
3859,1.00000,0.98180,-0.02263,2700
3860,1.00000,0.97886,-0.10299,2700
3861,1.00000,0.97557,0.00593,2700
3862,1.00000,0.97525,-0.07408,2700
3863,1.00000,0.96738,0.03124,2700
3864,1.00000,0.98058,-0.10518,2700
3865,1.00000,0.96151,0.04338,2700
3866,1.00000,0.97307,-0.06216,2700
3867,1.00000,0.96896,-0.02030,2700
3868,1.00000,0.96543,-0.09585,2700
3869,1.00000,0.97977,-0.00881,2700
3870,1.00000,0.96488,-0.01050,2700
3871,1.00000,0.96785,-0.14046,2700
3872,1.00000,0.96484,0.06500,2700
3873,1.00000,0.96633,-0.06780,2700
3874,1.00000,0.97862,0.02266,2700
3875,1.00000,0.96644,-0.08218,2700
3876,1.00000,0.97600,-0.03433,2700
3877,1.00000,0.96895,-0.09987,2700
3878,1.00000,0.95607,0.04293,2700
3879,1.00000,0.97793,-0.05613,2700
3880,1.00000,0.96840,0.04732,2700
3881,1.00000,0.96832,-0.08398,2700
3882,1.00000,0.96304,-0.04376,2700
3883,1.00000,0.96994,-0.15975,2700
3884,1.00000,0.97557,-0.05617,2700
3885,1.00000,0.97450,-0.11808,2700
3886,1.00000,0.97445,0.09418,2700
3887,1.00000,0.97129,-0.07803,2700
3888,1.00000,0.97798,0.08063,2700
3889,1.00000,0.95606,-0.07425,2700
3890,1.00000,0.96076,0.08216,2700
3891,1.00000,0.96172,-0.09880,2700
3892,1.00000,0.96566,-0.03163,2700
3893,1.00000,0.96231,-0.12620,2700
3894,1.00000,0.98003,-0.07099,2700
3895,1.00000,0.97912,-0.00324,2700
3896,1.00000,0.96694,-0.04654,2700
3897,1.00000,0.96912,-0.09603,2700
3898,1.00000,0.97322,-0.07278,2700
3899,1.00000,0.97490,-0.04711,2700
3900,1.00000,0.96197,-0.01436,2700
3901,1.00000,0.96741,-0.07146,2700
3902,1.00000,0.96282,-0.04199,2700
3903,1.00000,0.97311,-0.15730,2700
3904,1.00000,0.98683,-0.00783,2700
3905,1.00000,0.97078,-0.06787,2700
3906,1.00000,0.97457,-0.04182,2700
3907,1.00000,0.97567,-0.03134,2700
3908,1.00000,0.97766,-0.12984,2700
3909,1.00000,0.97616,-0.05799,2700
3910,1.00000,0.98168,-0.07994,2700
3911,1.00000,0.98751,-0.03940,2700
3912,1.00000,0.99370,-0.09817,2700
3913,1.00000,0.98121,-0.04459,2700
3914,1.00000,0.97465,-0.08293,2700
3915,1.00000,0.98070,0.05179,2700
3916,1.00000,0.97892,-0.06496,2700
3917,1.00000,0.98132,-0.03406,2700
3918,1.00000,0.97832,-0.03257,2700
3919,1.00000,0.97682,-0.07905,2700
3920,1.00000,0.98177,-0.07402,2700
3921,1.00000,0.98298,-0.07436,2700
3922,1.00000,0.97770,-0.15132,2700
3923,1.00000,0.97655,-0.05901,2700
3924,1.00000,0.98236,-0.11375,2700
3925,1.00000,0.98374,-0.00503,2700
3926,1.00000,0.98393,-0.09542,2700
3927,1.00000,0.97307,0.03974,2700
3928,1.00000,0.96841,-0.05100,2700
3929,1.00000,0.98079,-0.00003,2700
3930,1.00000,0.98415,-0.03747,2700
3931,1.00000,0.97399,0.06067,2700
3932,1.00000,0.97146,-0.18131,2700
3933,1.00000,0.97630,0.05576,2700
3934,1.00000,0.96693,-0.13857,2700
3935,1.00000,0.97343,0.01598,2700
3936,1.00000,0.97811,-0.13797,2700
3937,1.00000,0.98891,0.01886,2700
3938,1.00000,0.98184,-0.07340,2700
3939,1.00000,0.98707,-0.01315,2700
3940,1.00000,0.97959,-0.05200,2700
3941,1.00000,0.97085,-0.02788,2700
3942,1.00000,0.96781,0.01872,2700
3943,1.00000,0.96600,0.05890,2700
3944,1.00000,0.97239,-0.03260,2700
3945,1.00000,0.96932,-0.03283,2700
3946,1.00000,0.97094,-0.05957,2700
3947,1.00000,0.96794,-0.02265,2700
3948,1.00000,0.96386,-0.00445,2700
3949,1.00000,0.97625,-0.05497,2700
3950,1.00000,0.97116,-0.05774,2700
3951,1.00000,0.97977,-0.10353,2700
3952,1.00000,0.97327,-0.02828,2700
3953,1.00000,0.97610,-0.15899,2700
3954,1.00000,0.98149,-0.02686,2700
3955,1.00000,0.97045,-0.08205,2700
3956,1.00000,0.96884,0.01911,2700
3957,1.00000,0.96407,-0.05636,2700
3958,1.00000,0.97767,-0.05979,2700
3959,1.00000,0.98266,-0.10471,2700
3960,1.00000,0.97955,-0.12228,2700
3961,1.00000,0.97554,-0.04655,2700
3962,1.00000,0.98028,-0.09290,2700
3963,1.00000,0.99019,-0.05323,2700
3964,1.00000,0.98142,-0.10728,2700
3965,1.00000,0.97622,-0.09755,2700
3966,1.00000,0.97750,-0.05171,2700
3967,1.00000,0.97668,-0.02502,2700
3968,1.00000,0.97516,-0.06527,2700
3969,1.00000,0.98181,-0.01620,2700
3970,1.00000,0.97816,-0.09734,2700
3971,1.00000,0.98518,0.01074,2700
3972,1.00000,0.96767,-0.10625,2700
3973,1.00000,0.97819,-0.00322,2700
3974,1.00000,0.98554,-0.11300,2700
3975,1.00000,0.98123,-0.04197,2700
3976,1.00000,0.98357,-0.10819,2700
3977,1.00000,0.97271,-0.02126,2700
3978,1.00000,0.97361,0.00783,2700
3979,1.00000,0.97668,-0.06646,2700
3980,1.00000,0.97094,-0.08242,2700
3981,1.00000,0.97921,-0.13479,2700
3982,1.00000,0.97329,-0.03117,2700
3983,1.00000,0.96725,-0.05426,2700
3984,1.00000,0.96802,0.02886,2700
3985,1.00000,0.97230,-0.09316,2700
3986,1.00000,0.97572,-0.04619,2700
3987,1.00000,0.95763,-0.12756,2700
3988,1.00000,0.97521,-0.08032,2700
3989,1.00000,0.97441,0.01121,2700
3990,1.00000,0.97546,-0.08973,2700
3991,1.00000,0.98206,0.05228,2700
3992,1.00000,0.97045,-0.10379,2700
3993,1.00000,0.97284,0.05471,2700
3994,1.00000,0.97417,-0.10416,2700
3995,1.00000,0.98330,0.00882,2700
3996,1.00000,0.97919,-0.14098,2700
3997,1.00000,0.97531,-0.05541,2700
3998,1.00000,0.97583,-0.13637,2700
3999,1.00000,0.97755,-0.04640,2700
4000,1.00000,0.97891,-0.09783,2700
4001,1.00000,0.98018,-0.08000,2700
4002,1.00000,0.97829,-0.09148,2700
4003,1.00000,0.98581,-0.09233,2700
4004,1.00000,0.98868,-0.02078,2700
4005,1.00000,0.97060,-0.10916,2700
4006,1.00000,0.97628,0.00848,2700
4007,1.00000,0.96450,-0.12306,2700
4008,1.00000,0.97776,0.03346,2700
4009,1.00000,0.97269,-0.07821,2700
4010,1.00000,0.97760,-0.08195,2700
4011,1.00000,0.98272,-0.08676,2700
4012,1.00000,0.97575,-0.02812,2700
4013,1.00000,0.96320,-0.02367,2700
4014,1.00000,0.97006,-0.03213,2700
4015,1.00000,0.95931,0.00883,2700
4016,1.00000,0.95534,-0.03071,2700
4017,1.00000,0.96996,0.02245,2700
4018,1.00000,0.95257,-0.01851,2700
4019,1.00000,0.97257,-0.10904,2700
4020,1.00000,0.97206,-0.00675,2700
4021,1.00000,0.97093,-0.05922,2700
4022,1.00000,0.95927,0.12224,2700
4023,1.00000,0.96806,-0.08993,2700
4024,1.00000,0.97017,0.06097,2700
4025,1.00000,0.97274,-0.19868,2700
4026,1.00000,0.97031,0.02768,2700
4027,1.00000,0.96107,-0.06737,2700
4028,1.00000,0.98154,-0.02372,2700
4029,1.00000,0.96581,-0.03530,2700
4030,1.00000,0.96851,-0.01459,2700
4031,1.00000,0.95845,0.06172,2700
4032,1.00000,0.96389,-0.01660,2700
4033,1.00000,0.97103,0.01454,2700
4034,1.00000,0.97407,-0.15965,2700
4035,1.00000,0.97985,0.01277,2700
4036,1.00000,0.96852,-0.17703,2700
4037,1.00000,0.98089,0.00804,2700
4038,1.00000,0.98972,-0.11067,2700
4039,1.00000,0.97573,-0.02726,2700
4040,1.00000,0.98140,-0.10731,2700
4041,1.00000,0.98122,-0.04265,2700
4042,1.00000,0.98392,-0.06600,2700
4043,1.00000,0.98849,-0.04415,2700
4044,1.00000,0.97599,-0.04294,2700
4045,1.00000,0.98598,-0.04395,2700
4046,1.00000,0.95424,0.03137,2700
4047,1.00000,0.96805,-0.02047,2700
4048,1.00000,0.96537,-0.02132,2700
4049,1.00000,0.96871,-0.16232,2700
4050,1.00000,0.95708,0.01869,2700
4051,1.00000,0.95467,-0.13602,2700
4052,1.00000,0.97815,-0.00588,2700
4053,1.00000,0.98359,-0.12189,2700
4054,1.00000,0.97829,-0.03684,2700
4055,1.00000,0.98036,-0.14303,2700
4056,1.00000,0.97210,0.03900,2700
4057,1.00000,0.97868,-0.10119,2700
4058,1.00000,0.98432,0.04495,2700
4059,1.00000,0.98802,-0.14229,2700
4060,1.00000,0.99154,0.02099,2700
4061,1.00000,0.97146,-0.12160,2700
4062,1.00000,0.98146,0.05248,2700
4063,1.00000,0.97490,-0.03548,2700
4064,1.00000,0.97688,-0.05121,2700
4065,1.00000,0.98151,-0.09553,2700
4066,1.00000,0.98086,-0.16638,2700
4067,1.00000,0.97073,-0.05433,2700
4068,1.00000,0.97566,-0.08920,2700
4069,1.00000,0.98084,0.04450,2700
4070,1.00000,0.98039,-0.05376,2700
4071,1.00000,0.97683,0.03289,2700
4072,1.00000,0.95506,0.08065,2700
4073,1.00000,0.96163,-0.01665,2700
4074,1.00000,0.98226,-0.06419,2700
4075,1.00000,0.98532,-0.02211,2700
4076,1.00000,0.97291,-0.07851,2700
4077,1.00000,0.98537,-0.05117,2700
4078,1.00000,0.98701,-0.09644,2700
4079,1.00000,0.98652,-0.09690,2700
4080,1.00000,0.99022,-0.03088,2700
4081,1.00000,0.98011,-0.04205,2700
4082,1.00000,0.98096,-0.05957,2700
4083,1.00000,0.98159,-0.02462,2700
4084,1.00000,0.96751,-0.01655,2700
4085,1.00000,0.98263,-0.05084,2700
4086,1.00000,0.96209,-0.04943,2700
4087,1.00000,0.96999,-0.02110,2700
4088,1.00000,0.97969,-0.10384,2700
4089,1.00000,0.97585,-0.01111,2700
4090,1.00000,0.97809,-0.16074,2700
4091,1.00000,0.97655,0.09801,2700
4092,1.00000,0.97395,-0.14621,2700
4093,1.00000,0.97463,-0.01460,2700
4094,1.00000,0.96543,-0.06910,2700
4095,1.00000,0.96215,-0.00581,2700
4096,1.00000,0.97396,-0.10102,2700
4097,1.00000,0.97907,-0.06198,2700
4098,1.00000,0.96712,-0.12474,2700
4099,1.00000,0.98364,-0.05458,2700
4100,1.00000,0.98144,-0.04382,2700
4101,1.00000,0.97908,-0.09761,2700
4102,1.00000,0.97916,-0.05897,2700
4103,1.00000,0.97919,-0.13416,2700
4104,1.00000,0.96843,-0.05310,2700
4105,1.00000,0.97437,-0.04424,2700
4106,1.00000,0.97542,-0.07903,2700
4107,1.00000,0.97515,-0.01802,2700
4108,1.00000,0.97103,-0.08116,2700
4109,1.00000,0.96662,-0.03521,2700
4110,1.00000,0.97581,-0.17386,2700
4111,1.00000,0.97336,-0.01576,2700
4112,1.00000,0.97605,-0.13494,2700
4113,1.00000,0.98281,0.06223,2700
4114,1.00000,0.98558,-0.10583,2700
4115,1.00000,0.97832,0.05489,2700
4116,1.00000,0.96441,-0.03063,2700
4117,1.00000,0.97951,0.02532,2700
4118,1.00000,0.97740,-0.11639,2700
4119,1.00000,0.97890,-0.03762,2700
4120,1.00000,0.97990,-0.12019,2700
4121,1.00000,0.97358,-0.05543,2700
4122,1.00000,0.96981,-0.11393,2700
4123,1.00000,0.97591,-0.01339,2700
4124,1.00000,0.97820,-0.00364,2700
4125,1.00000,0.98074,-0.06081,2700
4126,1.00000,0.98631,-0.00388,2700
4127,1.00000,0.98673,-0.06321,2700
4128,1.00000,0.98015,-0.07684,2700
4129,1.00000,0.97643,-0.09241,2700
4130,1.00000,0.97570,0.04607,2700
4131,1.00000,0.97118,-0.02398,2700
4132,1.00000,0.96467,0.02453,2700
4133,1.00000,0.95527,-0.08973,2700
4134,1.00000,0.97125,-0.05516,2700
4135,1.00000,0.96579,-0.10333,2700
4136,1.00000,0.94691,0.04036,2700
4137,1.00000,0.95006,-0.16601,2700
4138,1.00000,0.95923,0.03227,2700
4139,1.00000,0.94912,-0.16035,2700
4140,1.00000,0.97555,0.00480,2700
4141,1.00000,0.97698,-0.09235,2700
4142,1.00000,0.97624,-0.06796,2700
4143,1.00000,0.97985,-0.11787,2700
4144,1.00000,0.97132,-0.10259,2700
4145,1.00000,0.97616,-0.07069,2700
4146,1.00000,0.97942,-0.10189,2700
4147,1.00000,0.98384,0.01124,2700
4148,1.00000,0.97983,-0.07404,2700
4149,1.00000,0.97459,0.05731,2700
4150,1.00000,0.97504,-0.04483,2700
4151,1.00000,0.97023,0.05949,2700
4152,1.00000,0.97841,-0.06614,2700
4153,1.00000,0.98101,-0.02401,2700
4154,1.00000,0.98082,-0.09582,2700
4155,1.00000,0.97290,0.02819,2700
4156,1.00000,0.94339,-0.03039,2700
4157,1.00000,0.96070,-0.02556,2700
4158,1.00000,0.96986,-0.11121,2700
4159,1.00000,0.97698,-0.09854,2700
4160,1.00000,0.97512,-0.09209,2700
4161,1.00000,0.98103,-0.04599,2700
4162,1.00000,0.97996,-0.05786,2700
4163,1.00000,0.97180,0.02121,2700
4164,1.00000,0.97967,-0.02653,2700
4165,1.00000,0.97865,-0.03434,2700
4166,1.00000,0.96854,-0.07732,2700
4167,1.00000,0.97800,-0.00076,2700
4168,1.00000,0.98179,-0.03107,2700
4169,1.00000,0.98131,-0.11420,2700
4170,1.00000,0.97847,-0.02831,2700
4171,1.00000,0.97292,-0.15482,2700
4172,1.00000,0.97656,0.02794,2700
4173,1.00000,0.97602,-0.09461,2700
4174,1.00000,0.97912,-0.02054,2700
4175,1.00000,0.97715,-0.11432,2700
4176,1.00000,0.98119,-0.06079,2700
4177,1.00000,0.98246,-0.13956,2700
4178,1.00000,0.97973,-0.01623,2700
4179,1.00000,0.97015,-0.03417,2700
4180,1.00000,0.97168,0.00410,2700
4181,1.00000,0.97689,-0.08980,2700
4182,1.00000,0.97659,-0.03235,2700
4183,1.00000,0.96459,-0.11799,2700
4184,1.00000,0.96871,-0.07447,2700
4185,1.00000,0.98257,-0.07150,2700
4186,1.00000,0.98901,-0.06834,2700
4187,1.00000,0.98141,-0.08354,2700
4188,1.00000,0.97543,-0.06503,2700
4189,1.00000,0.97507,-0.09848,2700
4190,1.00000,0.98148,-0.07814,2700
4191,1.00000,0.97544,-0.06832,2700
4192,1.00000,0.97356,-0.01419,2700
4193,1.00000,0.97680,0.02816,2700
4194,1.00000,0.97825,-0.03552,2700
4195,1.00000,0.97882,0.01254,2700
4196,1.00000,0.97924,-0.12748,2700
4197,1.00000,0.98403,-0.07154,2700
4198,1.00000,0.97267,-0.06766,2700
4199,1.00000,0.98148,-0.01059,2700
4200,1.00000,0.98323,-0.01726,2700
4201,1.00000,0.96720,-0.05101,2700
4202,1.00000,0.96861,-0.07541,2700
4203,1.00000,0.97271,-0.08706,2700
4204,1.00000,0.97325,0.05137,2700
4205,1.00000,0.97451,-0.14854,2700
4206,1.00000,0.96859,0.05980,2700
4207,1.00000,0.96675,-0.00563,2700
4208,1.00000,0.96761,-0.04979,2700
4209,1.00000,0.97715,-0.10332,2700
4210,1.00000,0.97332,-0.05191,2700
4211,1.00000,0.96866,-0.05067,2700
4212,1.00000,0.97899,-0.03151,2700
4213,1.00000,0.97539,-0.03865,2700
4214,1.00000,0.97556,-0.07367,2700
4215,1.00000,0.97998,-0.08343,2700
4216,1.00000,0.98347,-0.04578,2700
4217,1.00000,0.98036,-0.06158,2700
4218,1.00000,0.97985,-0.03480,2700
4219,1.00000,0.98315,-0.07164,2700
4220,1.00000,0.98574,-0.02170,2700
4221,1.00000,0.98074,-0.04393,2700
4222,1.00000,0.97083,-0.01028,2700
4223,1.00000,0.98256,-0.06831,2700
4224,1.00000,0.97571,-0.03395,2700
4225,1.00000,0.97732,-0.07224,2700
4226,1.00000,0.97904,-0.07639,2700
4227,1.00000,0.98207,-0.07974,2700
4228,1.00000,0.98174,-0.03274,2700
4229,1.00000,0.98581,-0.06904,2700
4230,1.00000,0.96685,-0.00493,2700
4231,1.00000,0.96344,-0.03377,2700
4232,1.00000,0.97226,0.09319,2700
4233,1.00000,0.96581,-0.08907,2700
4234,1.00000,0.97889,-0.05268,2700
4235,1.00000,0.98366,-0.14549,2700
4236,1.00000,0.98936,-0.11349,2700
4237,1.00000,0.98022,-0.04326,2700
4238,1.00000,0.97967,-0.08831,2700
4239,1.00000,0.97642,-0.00527,2700
4240,1.00000,0.97371,-0.04236,2700
4241,1.00000,0.97486,-0.04495,2700
4242,1.00000,0.98330,-0.13100,2700
4243,1.00000,0.97957,0.02584,2700
4244,1.00000,0.98445,-0.17869,2700
4245,1.00000,0.97530,0.00241,2700
4246,1.00000,0.97991,-0.08213,2700
4247,1.00000,0.97923,0.02496,2700
4248,1.00000,0.97672,-0.06942,2700
4249,1.00000,0.98275,0.08322,2700
4250,1.00000,0.97479,-0.12757,2700
4251,1.00000,0.97441,-0.02280,2700
4252,1.00000,0.97189,-0.13096,2700
4253,1.00000,0.97725,-0.06118,2700
4254,1.00000,0.98033,-0.03428,2700
4255,1.00000,0.97822,-0.00150,2700
4256,1.00000,0.98445,-0.05930,2700
4257,1.00000,0.97558,-0.04005,2700
4258,1.00000,0.97040,-0.05891,2700
4259,1.00000,0.96008,0.02003,2700
4260,1.00000,0.97228,-0.09318,2700
4261,1.00000,0.97348,0.02589,2700
4262,1.00000,0.96668,-0.11063,2700
4263,1.00000,0.97967,0.04806,2700
4264,1.00000,0.96701,-0.01385,2700
4265,1.00000,0.97499,0.00983,2700
4266,1.00000,0.97010,-0.17058,2700
4267,1.00000,0.97811,-0.07005,2700
4268,1.00000,0.97679,-0.11007,2700
4269,1.00000,0.98407,-0.04902,2700
4270,1.00000,0.97712,-0.06004,2700
4271,1.00000,0.97508,-0.06641,2700
4272,1.00000,0.97414,-0.02804,2700
4273,1.00000,0.97103,-0.08638,2700
4274,1.00000,0.97841,0.03347,2700
4275,1.00000,0.97950,-0.11796,2700
4276,1.00000,0.98329,-0.02538,2700
4277,1.00000,0.97419,-0.15992,2700
4278,1.00000,0.96935,-0.03381,2700
4279,1.00000,0.96738,-0.13208,2700
4280,1.00000,0.97228,0.05732,2700
4281,1.00000,0.97218,-0.10964,2700
4282,1.00000,0.97228,-0.02126,2700
4283,1.00000,0.96575,-0.13173,2700
4284,1.00000,0.97536,-0.08529,2700
4285,1.00000,0.97908,-0.14638,2700
4286,1.00000,0.97596,-0.02328,2700
4287,1.00000,0.98337,-0.11087,2700
4288,1.00000,0.98374,-0.02269,2700
4289,1.00000,0.97854,-0.10094,2700
4290,1.00000,0.98667,-0.02589,2700
4291,1.00000,0.97122,-0.03443,2700
4292,1.00000,0.97313,-0.06517,2700
4293,1.00000,0.97645,-0.11696,2700
4294,1.00000,0.97054,-0.09128,2700
4295,1.00000,0.97714,-0.14057,2700
4296,1.00000,0.98067,0.06901,2700
4297,1.00000,0.96391,-0.08592,2700
4298,1.00000,0.96020,0.00202,2700
4299,1.00000,0.97812,-0.09315,2700
4300,1.00000,0.98436,0.01108,2700
4301,1.00000,0.97325,-0.07765,2700
4302,1.00000,0.97880,-0.01040,2700
4303,1.00000,0.97318,-0.03718,2700
4304,1.00000,0.97480,0.01184,2700
4305,1.00000,0.97591,-0.09754,2700
4306,1.00000,0.98580,-0.04414,2700
4307,1.00000,0.97315,-0.01054,2700
4308,1.00000,0.96906,-0.08840,2700
4309,1.00000,0.98051,0.01515,2700
4310,1.00000,0.98068,-0.05275,2700
4311,1.00000,0.98493,0.07434,2700
4312,1.00000,0.97522,-0.10660,2700
4313,1.00000,0.98020,0.03176,2700
4314,1.00000,0.97489,-0.19771,2700
4315,1.00000,0.97655,0.00273,2700
4316,1.00000,0.96410,-0.12458,2700
4317,1.00000,0.98011,-0.00150,2700
4318,1.00000,0.96744,-0.09214,2700
4319,1.00000,0.97825,-0.06068,2700
4320,1.00000,0.98519,-0.07741,2700
4321,1.00000,0.95782,-0.02833,2700
4322,1.00000,0.97063,-0.06914,2700
4323,1.00000,0.97287,-0.04024,2700
4324,1.00000,0.97347,-0.03607,2700
4325,1.00000,0.96725,-0.10297,2700
4326,1.00000,0.96212,0.00852,2700
4327,1.00000,0.96180,0.00991,2700
4328,1.00000,0.97631,0.01707,2700
4329,1.00000,0.97791,-0.06536,2700
4330,1.00000,0.98663,0.07055,2700
4331,1.00000,0.98472,-0.06112,2700
4332,1.00000,0.97945,0.04912,2700
4333,1.00000,0.97580,-0.13754,2700
4334,1.00000,0.98571,-0.01766,2700
4335,1.00000,0.98216,-0.15194,2700
4336,1.00000,0.98884,-0.07855,2700
4337,1.00000,0.98112,-0.12942,2700
4338,1.00000,0.97530,-0.05809,2700
4339,1.00000,0.98181,-0.07251,2700
4340,1.00000,0.98386,-0.02304,2700
4341,1.00000,0.97717,0.01322,2700
4342,1.00000,0.97645,-0.07196,2700
4343,1.00000,0.98529,-0.12261,2700
4344,1.00000,0.98682,-0.06685,2700
4345,1.00000,0.97983,-0.15179,2700
4346,1.00000,0.98393,-0.05271,2700
4347,1.00000,0.98165,-0.09174,2700
4348,1.00000,0.98239,-0.03338,2700
4349,1.00000,0.98060,-0.07955,2700
4350,1.00000,0.98696,-0.04465,2700
4351,1.00000,0.97566,-0.04906,2700
4352,1.00000,0.98302,-0.01944,2700
4353,1.00000,0.97519,0.03356,2700
4354,1.00000,0.97475,0.07801,2700
4355,1.00000,0.97829,-0.04790,2700
4356,1.00000,0.97548,-0.08043,2700
4357,1.00000,0.97939,-0.08218,2700
4358,1.00000,0.96535,-0.04726,2700
4359,1.00000,0.97588,-0.06173,2700
4360,1.00000,0.97997,-0.03362,2700
4361,1.00000,0.98132,-0.11896,2700
4362,1.00000,0.98527,-0.06716,2700
4363,1.00000,0.97140,0.01503,2700
4364,1.00000,0.97435,0.00134,2700
4365,1.00000,0.97384,-0.04431,2700
4366,1.00000,0.97373,-0.09388,2700
4367,1.00000,0.97167,-0.06916,2700
4368,1.00000,0.97842,-0.10667,2700
4369,1.00000,0.98006,0.03799,2700
4370,1.00000,0.98707,-0.13855,2700
4371,1.00000,0.97561,-0.07017,2700
4372,1.00000,0.97663,-0.12232,2700
4373,1.00000,0.97843,-0.10381,2700
4374,1.00000,0.97758,-0.05148,2700
4375,1.00000,0.98434,-0.04978,2700
4376,1.00000,0.98326,0.00622,2700
4377,1.00000,0.97135,-0.09413,2700
4378,1.00000,0.97992,-0.00318,2700
4379,1.00000,0.98304,-0.15055,2700
4380,1.00000,0.96944,0.03546,2700
4381,1.00000,0.97856,-0.06065,2700
4382,1.00000,0.97536,0.02059,2700
4383,1.00000,0.97247,-0.08550,2700
4384,1.00000,0.96934,-0.10428,2700
4385,1.00000,0.96179,-0.00929,2700
4386,1.00000,0.95520,0.02896,2700
4387,1.00000,0.97112,-0.04915,2700
4388,1.00000,0.96596,0.00314,2700
4389,1.00000,0.96968,-0.17266,2700
4390,1.00000,0.97430,-0.13158,2700
4391,1.00000,0.96344,-0.02084,2700
4392,1.00000,0.97517,-0.10951,2700
4393,1.00000,0.98206,-0.02468,2700
4394,1.00000,0.96610,-0.12877,2700
4395,1.00000,0.97157,-0.00526,2700
4396,1.00000,0.96758,-0.13657,2700
4397,1.00000,0.97359,0.04339,2700
4398,1.00000,0.97776,-0.06939,2700
4399,1.00000,0.96828,0.02320,2700
4400,1.00000,0.97408,-0.05096,2700
4401,1.00000,0.97235,0.02001,2700
4402,1.00000,0.96969,-0.08980,2700
4403,1.00000,0.97175,0.00694,2700
4404,1.00000,0.96489,-0.07618,2700
4405,1.00000,0.96659,-0.13048,2700
4406,1.00000,0.96844,-0.10171,2700
4407,1.00000,0.96668,-0.13281,2700
4408,1.00000,0.97414,-0.05088,2700
4409,1.00000,0.98148,-0.08917,2700
4410,1.00000,0.98367,0.00135,2700
4411,1.00000,0.98773,-0.07961,2700
4412,1.00000,0.98758,-0.07967,2700
4413,1.00000,0.99023,-0.13159,2700
4414,1.00000,0.98630,-0.08420,2700
4415,1.00000,0.98029,-0.02551,2700
4416,1.00000,0.97423,-0.00035,2700
4417,1.00000,0.97322,-0.01182,2700
4418,1.00000,0.97073,-0.08858,2700
4419,1.00000,0.97025,-0.12447,2700
4420,1.00000,0.97781,-0.15536,2700
4421,1.00000,0.98103,-0.03507,2700
4422,1.00000,0.97865,-0.07434,2700
4423,1.00000,0.96518,0.03827,2700
4424,1.00000,0.96402,0.06983,2700
4425,1.00000,0.96432,-0.04548,2700
4426,1.00000,0.96686,-0.08024,2700
4427,1.00000,0.96700,-0.00479,2700
4428,1.00000,0.96221,-0.00344,2700
4429,1.00000,0.96621,0.06670,2700
4430,1.00000,0.97340,-0.11717,2700
4431,1.00000,0.97951,0.01438,2700
4432,1.00000,0.97353,-0.16786,2700
4433,1.00000,0.97027,0.07530,2700
4434,1.00000,0.97766,-0.16266,2700
4435,1.00000,0.97641,0.00205,2700
4436,1.00000,0.98364,-0.14301,2700
4437,1.00000,0.97800,0.08568,2700
4438,1.00000,0.96045,-0.02372,2700
4439,1.00000,0.95418,0.14548,2700
4440,1.00000,0.94750,-0.00812,2700
4441,1.00000,0.97096,-0.04933,2700
4442,1.00000,0.97963,-0.06355,2700
4443,1.00000,0.96813,-0.06219,2700
4444,1.00000,0.97279,0.02939,2700
4445,1.00000,0.96795,-0.03933,2700
4446,1.00000,0.96552,-0.05069,2700
4447,1.00000,0.96558,-0.03954,2700
4448,1.00000,0.97158,-0.01399,2700
4449,1.00000,0.96427,-0.12123,2700
4450,1.00000,0.97522,0.02098,2700
4451,1.00000,0.97126,-0.06890,2700
4452,1.00000,0.96049,0.12802,2700
4453,1.00000,0.96050,-0.03531,2700
4454,1.00000,0.95826,0.05040,2700
4455,1.00000,0.95572,-0.11383,2700
4456,1.00000,0.96958,-0.04195,2700
4457,1.00000,0.97712,-0.05847,2700
4458,1.00000,0.98215,-0.05354,2700
4459,1.00000,0.97500,-0.05742,2700
4460,1.00000,0.97521,-0.15417,2700
4461,1.00000,0.96878,0.00341,2700
4462,1.00000,0.97708,-0.14041,2700
4463,1.00000,0.97543,0.03352,2700
4464,1.00000,0.97418,-0.06911,2700
4465,1.00000,0.96596,0.06234,2700
4466,1.00000,0.97838,-0.09857,2700
4467,1.00000,0.97934,-0.00743,2700
4468,1.00000,0.96598,-0.12466,2700
4469,1.00000,0.94626,-0.04252,2700
4470,1.00000,0.96402,-0.06977,2700
4471,1.00000,0.97620,0.02126,2700
4472,1.00000,0.98232,-0.09719,2700
4473,1.00000,0.97800,-0.09003,2700
4474,1.00000,0.98504,-0.14314,2700
4475,1.00000,0.97682,-0.11481,2700
4476,1.00000,0.97643,-0.02170,2700
4477,1.00000,0.98567,-0.09664,2700
4478,1.00000,0.97647,0.08362,2700
4479,1.00000,0.98029,-0.08183,2700
4480,1.00000,0.98292,0.04127,2700
4481,1.00000,0.97530,-0.13057,2700
4482,1.00000,0.97545,0.02365,2700
4483,1.00000,0.97265,-0.18724,2700
4484,1.00000,0.98067,-0.07790,2700
4485,1.00000,0.97583,-0.11455,2700
4486,1.00000,0.97268,-0.03800,2700
4487,1.00000,0.97321,-0.07902,2700
4488,1.00000,0.98316,-0.00793,2700
4489,1.00000,0.97512,-0.05411,2700
4490,1.00000,0.97542,-0.04158,2700
4491,1.00000,0.97970,-0.08767,2700
4492,1.00000,0.98458,-0.02122,2700
4493,1.00000,0.96863,-0.08581,2700
4494,1.00000,0.98297,-0.07364,2700
4495,1.00000,0.98486,-0.08065,2700
4496,1.00000,0.97875,-0.04100,2700
4497,1.00000,0.98181,-0.08726,2700
4498,1.00000,0.97801,-0.06922,2700
4499,1.00000,0.97577,-0.01572,2700
4500,1.00000,0.97091,-0.04957,2700
4501,1.00000,0.97768,-0.12016,2700
4502,1.00000,0.98108,0.00758,2700
4503,1.00000,0.97713,-0.12050,2700
4504,1.00000,0.98437,-0.03073,2700
4505,1.00000,0.97889,-0.09367,2700
4506,1.00000,0.97563,-0.01103,2700
4507,1.00000,0.97499,-0.07392,2700
4508,1.00000,0.97655,-0.03203,2700
4509,1.00000,0.97393,-0.08882,2700
4510,1.00000,0.97614,-0.09666,2700
4511,1.00000,0.97248,-0.03233,2700
4512,1.00000,0.97518,-0.09615,2700
4513,1.00000,0.98322,-0.05154,2700
4514,1.00000,0.98046,-0.08479,2700
4515,1.00000,0.97933,-0.07682,2700
4516,1.00000,0.98596,-0.16913,2700
4517,1.00000,0.97576,-0.00291,2700
4518,1.00000,0.97535,-0.07189,2700
4519,1.00000,0.97663,-0.05829,2700
4520,1.00000,0.98861,-0.08474,2700
4521,1.00000,0.96519,-0.04870,2700
4522,1.00000,0.96467,-0.12599,2700
4523,1.00000,0.97469,-0.02579,2700
4524,1.00000,0.97887,-0.09538,2700
4525,1.00000,0.98438,-0.07262,2700
4526,1.00000,0.98425,-0.09142,2700
4527,1.00000,0.97784,-0.09375,2700
4528,1.00000,0.97672,0.01166,2700
4529,1.00000,0.98669,-0.10151,2700
4530,1.00000,0.98010,0.01511,2700
4531,1.00000,0.98483,-0.11367,2700
4532,1.00000,0.98333,0.04118,2700
4533,1.00000,0.97330,-0.15159,2700
4534,1.00000,0.95855,-0.02368,2700
4535,1.00000,0.97949,-0.12703,2700
4536,1.00000,0.98864,-0.05957,2700
4537,1.00000,0.97604,-0.09645,2700
4538,1.00000,0.98329,-0.06166,2700
4539,1.00000,0.98181,-0.05876,2700
4540,1.00000,0.97652,-0.09038,2700
4541,1.00000,0.98078,-0.00675,2700
4542,1.00000,0.98286,-0.09662,2700
4543,1.00000,0.98532,-0.01912,2700
4544,1.00000,0.98709,-0.11110,2700
4545,1.00000,0.98167,-0.12315,2700
4546,1.00000,0.97632,-0.10590,2700
4547,1.00000,0.97910,-0.08667,2700
4548,1.00000,0.98187,-0.06127,2700
4549,1.00000,0.97985,-0.04738,2700
4550,1.00000,0.97764,-0.06909,2700
4551,1.00000,0.97462,-0.10469,2700
4552,1.00000,0.97225,-0.11292,2700
4553,1.00000,0.96740,-0.03446,2700
4554,1.00000,0.96316,-0.07110,2700
4555,1.00000,0.96729,-0.04463,2700
4556,1.00000,0.98062,-0.05903,2700
4557,1.00000,0.97669,-0.08449,2700
4558,1.00000,0.97781,-0.01071,2700
4559,1.00000,0.96712,-0.08565,2700
4560,1.00000,0.97509,-0.03677,2700
4561,1.00000,0.96636,-0.09747,2700
4562,1.00000,0.96888,-0.06653,2700
4563,1.00000,0.97896,-0.13672,2700
4564,1.00000,0.97466,-0.03886,2700
4565,1.00000,0.97523,-0.08597,2700
4566,1.00000,0.97160,0.06572,2700
4567,1.00000,0.97997,-0.10487,2700
4568,1.00000,0.97058,0.07338,2700
4569,1.00000,0.97713,-0.15114,2700
4570,1.00000,0.97920,-0.00570,2700
4571,1.00000,0.97462,-0.09329,2700
4572,1.00000,0.96175,-0.05830,2700
4573,1.00000,0.97190,-0.10613,2700
4574,1.00000,0.96265,-0.05560,2700
4575,1.00000,0.96738,-0.09074,2700
4576,1.00000,0.98748,-0.04044,2700
4577,1.00000,0.98205,-0.00048,2700
4578,1.00000,0.97770,-0.12924,2700
4579,1.00000,0.98151,-0.04279,2700
4580,1.00000,0.98165,-0.09812,2700
4581,1.00000,0.94763,0.07138,2700
4582,1.00000,0.96221,-0.03380,2700
4583,1.00000,0.96345,0.01694,2700
4584,1.00000,0.96945,-0.06224,2700
4585,1.00000,0.97465,-0.06259,2700
4586,1.00000,0.97163,0.03710,2700
4587,1.00000,0.97205,-0.09127,2700
4588,1.00000,0.96971,-0.03461,2700
4589,1.00000,0.97989,-0.03815,2700
4590,1.00000,0.97582,-0.10272,2700
4591,1.00000,0.98366,-0.08159,2700
4592,1.00000,0.97598,-0.16224,2700
4593,1.00000,0.97804,-0.03984,2700
4594,1.00000,0.97820,-0.11375,2700
4595,1.00000,0.97415,0.04997,2700
4596,1.00000,0.97604,-0.11867,2700
4597,1.00000,0.98593,0.01564,2700
4598,1.00000,0.96900,-0.13185,2700
4599,1.00000,0.97785,0.03052,2700
4600,1.00000,0.97970,-0.13549,2700
4601,1.00000,0.98365,-0.02559,2700
4602,1.00000,0.97976,-0.15438,2700
4603,1.00000,0.97684,-0.10726,2700
4604,1.00000,0.98175,-0.07896,2700
4605,1.00000,0.97757,-0.11347,2700
4606,1.00000,0.97658,-0.09125,2700
4607,1.00000,0.98691,-0.11777,2700
4608,1.00000,0.97062,-0.01629,2700
4609,1.00000,0.98118,-0.12418,2700
4610,1.00000,0.98393,-0.02166,2700
4611,1.00000,0.97967,-0.11332,2700
4612,1.00000,0.97458,0.02573,2700
4613,1.00000,0.97068,-0.12142,2700
4614,1.00000,0.97411,0.06453,2700
4615,1.00000,0.96882,-0.13887,2700
4616,1.00000,0.97547,-0.04157,2700
4617,1.00000,0.97675,-0.13861,2700
4618,1.00000,0.98340,-0.04217,2700
4619,1.00000,0.98313,-0.10336,2700
4620,1.00000,0.98734,-0.02594,2700
4621,1.00000,0.99009,-0.09828,2700
4622,1.00000,0.98931,-0.03901,2700
4623,1.00000,0.96562,-0.05545,2700
4624,1.00000,0.97634,-0.08124,2700
4625,1.00000,0.98315,-0.06915,2700
4626,1.00000,0.97532,-0.13058,2700
4627,1.00000,0.97528,-0.09991,2700
4628,1.00000,0.98145,-0.08009,2700
4629,1.00000,0.97531,-0.05937,2700
4630,1.00000,0.98688,-0.06374,2700
4631,1.00000,0.97939,0.01510,2700
4632,1.00000,0.98315,-0.11577,2700
4633,1.00000,0.97792,-0.11205,2700
4634,1.00000,0.98115,-0.12151,2700
4635,1.00000,0.97796,-0.12143,2700
4636,1.00000,0.97787,-0.08202,2700
4637,1.00000,0.97986,-0.09378,2700
4638,1.00000,0.98411,-0.07265,2700
4639,1.00000,0.98009,-0.09944,2700
4640,1.00000,0.98228,-0.02764,2700
4641,1.00000,0.97285,-0.06185,2700
4642,1.00000,0.97436,-0.05888,2700
4643,1.00000,0.97886,-0.06713,2700
4644,1.00000,0.97682,-0.11354,2700
4645,1.00000,0.96925,-0.09094,2700
4646,1.00000,0.97258,0.02986,2700
4647,1.00000,0.98251,-0.07195,2700
4648,1.00000,0.97865,0.01288,2700
4649,1.00000,0.98217,-0.09223,2700
4650,1.00000,0.96805,-0.09128,2700
4651,1.00000,0.97209,-0.06690,2700
4652,1.00000,0.97270,-0.01520,2700
4653,1.00000,0.98167,-0.09318,2700
4654,1.00000,0.98187,-0.04597,2700
4655,1.00000,0.98159,-0.11313,2700
4656,1.00000,0.98337,-0.14300,2700
4657,1.00000,0.98109,-0.09290,2700
4658,1.00000,0.98235,-0.13325,2700
4659,1.00000,0.97406,-0.08241,2700
4660,1.00000,0.97768,-0.09568,2700
4661,1.00000,0.97563,-0.00887,2700
4662,1.00000,0.96467,-0.07535,2700
4663,1.00000,0.95702,0.08696,2700
4664,1.00000,0.96078,-0.04809,2700
4665,1.00000,0.97070,-0.09422,2700
4666,1.00000,0.98347,-0.04499,2700
4667,1.00000,0.97899,-0.06798,2700
4668,1.00000,0.96340,-0.02960,2700
4669,1.00000,0.96743,-0.07856,2700
4670,1.00000,0.98232,-0.02377,2700
4671,1.00000,0.97960,-0.08289,2700
4672,1.00000,0.97783,0.01075,2700
4673,1.00000,0.96782,-0.01015,2700
4674,1.00000,0.97559,0.04277,2700
4675,1.00000,0.97310,-0.14614,2700
4676,1.00000,0.96687,-0.06467,2700
4677,1.00000,0.96989,-0.18678,2700
4678,1.00000,0.98173,-0.04337,2700
4679,1.00000,0.98190,-0.09602,2700
4680,1.00000,0.97923,-0.00712,2700
4681,1.00000,0.98880,-0.07665,2700
4682,1.00000,0.98159,-0.05378,2700
4683,1.00000,0.97855,-0.09597,2700
4684,1.00000,0.97056,-0.04042,2700
4685,1.00000,0.97636,-0.07474,2700
4686,1.00000,0.98346,-0.09226,2700
4687,1.00000,0.97596,-0.11430,2700
4688,1.00000,0.97816,-0.11839,2700
4689,1.00000,0.97299,-0.06715,2700
4690,1.00000,0.98046,-0.09552,2700
4691,1.00000,0.97156,0.06724,2700
4692,1.00000,0.96433,-0.07653,2700
4693,1.00000,0.96772,0.01743,2700
4694,1.00000,0.97972,-0.10341,2700
4695,1.00000,0.97967,-0.04397,2700
4696,1.00000,0.97227,-0.13937,2700
4697,1.00000,0.98434,-0.03628,2700
4698,1.00000,0.97763,-0.10203,2700
4699,1.00000,0.97580,-0.01589,2700
4700,1.00000,0.97098,-0.12897,2700
4701,1.00000,0.97449,-0.10673,2700
4702,1.00000,0.97195,-0.07885,2700
4703,1.00000,0.97460,-0.08991,2700
4704,1.00000,0.97429,-0.01490,2700
4705,1.00000,0.97430,-0.06624,2700
4706,1.00000,0.97260,0.05391,2700
4707,1.00000,0.96609,-0.06379,2700
4708,1.00000,0.97577,-0.02528,2700
4709,1.00000,0.97344,-0.12865,2700
4710,1.00000,0.97640,-0.07205,2700
4711,1.00000,0.98322,-0.10323,2700
4712,1.00000,0.98569,-0.03473,2700
4713,1.00000,0.98683,-0.01174,2700
4714,1.00000,0.98073,-0.01116,2700
4715,1.00000,0.98141,-0.03798,2700
4716,1.00000,0.98600,-0.11242,2700
4717,1.00000,0.97529,-0.09929,2700
4718,1.00000,0.98313,-0.12086,2700
4719,1.00000,0.98116,-0.05959,2700
4720,1.00000,0.98333,-0.06691,2700
4721,1.00000,0.98188,-0.03418,2700
4722,1.00000,0.98475,-0.03320,2700
4723,1.00000,0.95857,0.06106,2700
4724,1.00000,0.97124,-0.10706,2700
4725,1.00000,0.97560,0.01775,2700
4726,1.00000,0.97720,-0.17101,2700
4727,1.00000,0.97718,0.04044,2700
4728,1.00000,0.97531,-0.13684,2700
4729,1.00000,0.98638,-0.01007,2700
4730,1.00000,0.98258,-0.12858,2700
4731,1.00000,0.98212,-0.02987,2700
4732,1.00000,0.97732,-0.11670,2700
4733,1.00000,0.98104,-0.03067,2700
4734,1.00000,0.98434,-0.05477,2700
4735,1.00000,0.97948,-0.05441,2700
4736,1.00000,0.97626,-0.01742,2700
4737,1.00000,0.98448,-0.17551,2700
4738,1.00000,0.97952,-0.00550,2700
4739,1.00000,0.97474,-0.15590,2700
4740,1.00000,0.98334,-0.05324,2700
4741,1.00000,0.98761,-0.11064,2700
4742,1.00000,0.97746,-0.03026,2700
4743,1.00000,0.98384,-0.09912,2700
4744,1.00000,0.98694,-0.04847,2700
4745,1.00000,0.98743,-0.11111,2700
4746,1.00000,0.98304,-0.07373,2700
4747,1.00000,0.97840,-0.11842,2700
4748,1.00000,0.98548,-0.08473,2700
4749,1.00000,0.97734,-0.03570,2700
4750,1.00000,0.97770,-0.07051,2700
4751,1.00000,0.97113,0.00943,2700
4752,1.00000,0.97183,0.01875,2700
4753,1.00000,0.97449,-0.08100,2700
4754,1.00000,0.97322,-0.04406,2700
4755,1.00000,0.97766,-0.10456,2700
4756,1.00000,0.96925,0.01999,2700
4757,1.00000,0.97772,-0.00667,2700
4758,1.00000,0.98279,-0.12605,2700
4759,1.00000,0.97536,-0.04351,2700
4760,1.00000,0.98571,-0.17870,2700
4761,1.00000,0.98010,-0.05675,2700
4762,1.00000,0.98993,-0.11587,2700
4763,1.00000,0.99224,-0.04413,2700
4764,1.00000,0.98216,-0.05718,2700
4765,1.00000,0.98237,-0.05339,2700
4766,1.00000,0.98467,-0.03866,2700
4767,1.00000,0.98045,-0.12000,2700
4768,1.00000,0.98197,-0.05010,2700
4769,1.00000,0.98934,-0.09974,2700
4770,1.00000,0.97804,-0.01136,2700
4771,1.00000,0.97588,-0.13002,2700
4772,1.00000,0.96089,-0.00115,2700
4773,1.00000,0.97030,-0.11133,2700
4774,1.00000,0.97043,0.02139,2700
4775,1.00000,0.98709,-0.20305,2700
4776,1.00000,0.97927,-0.01798,2700
4777,1.00000,0.97048,-0.13064,2700
4778,1.00000,0.97477,-0.02598,2700
4779,1.00000,0.97219,-0.04539,2700
4780,1.00000,0.97094,-0.02379,2700
4781,1.00000,0.97673,-0.06050,2700
4782,1.00000,0.96920,-0.14277,2700
4783,1.00000,0.98319,-0.06816,2700
4784,1.00000,0.98937,-0.09561,2700
4785,1.00000,0.98937,0.04607,2700
4786,1.00000,0.97776,-0.06064,2700
4787,1.00000,0.96640,0.10669,2700
4788,1.00000,0.94779,-0.11511,2700
4789,1.00000,0.97430,0.05264,2700
4790,1.00000,0.97787,-0.16432,2700
4791,1.00000,0.98564,0.00061,2700
4792,1.00000,0.98368,-0.14328,2700
4793,1.00000,0.97648,-0.00826,2700
4794,1.00000,0.97308,-0.07461,2700
4795,1.00000,0.95953,0.05382,2700
4796,1.00000,0.96551,-0.08095,2700
4797,1.00000,0.97371,-0.02530,2700
4798,1.00000,0.96246,-0.08202,2700
4799,1.00000,0.97236,-0.13435,2700
4800,1.00000,0.97726,-0.11869,2700
4801,1.00000,0.97635,-0.10389,2700
4802,1.00000,0.98352,-0.01041,2700
4803,1.00000,0.97650,-0.08341,2700
4804,1.00000,0.96710,0.02781,2700
4805,1.00000,0.95602,-0.01255,2700
4806,1.00000,0.96805,-0.00774,2700
4807,1.00000,0.97800,-0.09142,2700
4808,1.00000,0.96862,0.03377,2700
4809,1.00000,0.97198,-0.06757,2700
4810,1.00000,0.95541,-0.08460,2700
4811,1.00000,0.95983,-0.07357,2700
4812,1.00000,0.97082,-0.10002,2700
4813,1.00000,0.97210,0.00754,2700
4814,1.00000,0.96594,-0.06675,2700
4815,1.00000,0.96683,0.15040,2700
4816,1.00000,0.96995,-0.11441,2700
4817,1.00000,0.97322,0.04086,2700
4818,1.00000,0.98156,-0.19341,2700
4819,1.00000,0.97443,-0.00052,2700
4820,1.00000,0.96697,-0.18258,2700
4821,1.00000,0.97650,0.01341,2700
4822,1.00000,0.97874,-0.12388,2700
4823,1.00000,0.96705,0.03528,2700
4824,1.00000,0.97091,-0.09126,2700
4825,1.00000,0.97260,-0.05522,2700
4826,1.00000,0.97307,-0.08656,2700
4827,1.00000,0.96148,0.04467,2700
4828,1.00000,0.96416,-0.05734,2700
4829,1.00000,0.97398,-0.02152,2700
4830,1.00000,0.97380,-0.07663,2700
4831,1.00000,0.97746,-0.04866,2700
4832,1.00000,0.95721,-0.00049,2700
4833,1.00000,0.95854,0.02621,2700
4834,1.00000,0.97323,-0.02447,2700
4835,1.00000,0.97411,-0.04816,2700
4836,1.00000,0.97753,-0.12954,2700
4837,1.00000,0.98012,-0.10778,2700
4838,1.00000,0.98379,-0.05302,2700
4839,1.00000,0.98402,-0.10254,2700
4840,1.00000,0.97971,-0.01199,2700
4841,1.00000,0.97995,-0.12813,2700
4842,1.00000,0.98473,-0.06265,2700
4843,1.00000,0.98607,-0.13927,2700
4844,1.00000,0.98789,-0.07114,2700
4845,1.00000,0.98082,-0.05634,2700
4846,1.00000,0.97786,-0.05039,2700
4847,1.00000,0.97943,0.04163,2700
4848,1.00000,0.96870,-0.08879,2700
4849,1.00000,0.97452,-0.02743,2700
4850,1.00000,0.97783,-0.11206,2700
4851,1.00000,0.98198,-0.01711,2700
4852,1.00000,0.97141,-0.09958,2700
4853,1.00000,0.97409,-0.05215,2700
4854,1.00000,0.97349,-0.01256,2700
4855,1.00000,0.97563,-0.09652,2700
4856,1.00000,0.97707,-0.04120,2700
4857,1.00000,0.96707,-0.09867,2700
4858,1.00000,0.96470,-0.07970,2700
4859,1.00000,0.95918,-0.07923,2700
4860,1.00000,0.95447,0.02874,2700
4861,1.00000,0.97288,-0.12226,2700
4862,1.00000,0.97216,0.08147,2700
4863,1.00000,0.97979,-0.15096,2700
4864,1.00000,0.95551,0.00450,2700
4865,1.00000,0.95926,-0.11569,2700
4866,1.00000,0.96212,0.05861,2700
4867,1.00000,0.97553,0.04015,2700
4868,1.00000,0.97691,-0.05686,2700
4869,1.00000,0.98083,-0.10125,2700
4870,1.00000,0.98046,-0.10503,2700
4871,1.00000,0.98671,-0.12824,2700
4872,1.00000,0.98721,-0.04774,2700
4873,1.00000,0.97515,-0.04269,2700
4874,1.00000,0.96921,-0.05199,2700
4875,1.00000,0.97411,-0.04104,2700
4876,1.00000,0.98958,-0.08853,2700
4877,1.00000,0.98875,-0.07920,2700
4878,1.00000,0.98207,-0.04661,2700
4879,1.00000,0.98258,-0.10250,2700
4880,1.00000,0.98217,-0.05501,2700
4881,1.00000,0.98594,-0.02773,2700
4882,1.00000,0.98040,-0.09963,2700
4883,1.00000,0.97900,-0.02972,2700
4884,1.00000,0.97812,-0.08526,2700
4885,1.00000,0.98178,-0.09220,2700
4886,1.00000,0.97940,-0.01790,2700
4887,1.00000,0.97363,-0.07720,2700
4888,1.00000,0.97593,-0.01166,2700
4889,1.00000,0.96896,-0.06571,2700
4890,1.00000,0.96909,-0.13609,2700
4891,1.00000,0.95988,-0.05142,2700
4892,1.00000,0.96202,-0.12176,2700
4893,1.00000,0.97495,-0.00760,2700
4894,1.00000,0.97670,-0.07314,2700
4895,1.00000,0.97938,0.00746,2700
4896,1.00000,0.98538,-0.13858,2700
4897,1.00000,0.97894,0.02089,2700
4898,1.00000,0.97790,-0.13315,2700
4899,1.00000,0.98166,0.04976,2700
4900,1.00000,0.98958,-0.16735,2700
4901,1.00000,0.97101,0.07380,2700
4902,1.00000,0.97050,-0.11157,2700
4903,1.00000,0.97582,-0.04534,2700
4904,1.00000,0.95911,-0.09770,2700
4905,1.00000,0.97662,-0.05212,2700
4906,1.00000,0.97160,0.03836,2700
4907,1.00000,0.96663,-0.02013,2700
4908,1.00000,0.97900,-0.04206,2700
4909,1.00000,0.97666,-0.11873,2700
4910,1.00000,0.97917,-0.06633,2700
4911,1.00000,0.98372,-0.13349,2700
4912,1.00000,0.98493,0.04684,2700
4913,1.00000,0.97255,-0.10810,2700
4914,1.00000,0.97717,-0.00503,2700
4915,1.00000,0.97370,-0.12914,2700
4916,1.00000,0.95873,0.05517,2700
4917,1.00000,0.96848,-0.02718,2700
4918,1.00000,0.96965,0.04481,2700
4919,1.00000,0.96982,-0.08812,2700
4920,1.00000,0.96291,0.01531,2700
4921,1.00000,0.95895,-0.10674,2700
4922,1.00000,0.96707,-0.06886,2700
4923,1.00000,0.97398,-0.06185,2700
4924,1.00000,0.99102,-0.10040,2700
4925,1.00000,0.98069,-0.03422,2700
4926,1.00000,0.97375,-0.12940,2700
4927,1.00000,0.97864,0.00823,2700
4928,1.00000,0.96837,-0.10535,2700
4929,1.00000,0.97156,-0.00975,2700
4930,1.00000,0.98046,-0.13614,2700
4931,1.00000,0.96887,0.03146,2700
4932,1.00000,0.95500,-0.07421,2700
4933,1.00000,0.97350,0.01240,2700
4934,1.00000,0.96984,-0.06810,2700
4935,1.00000,0.98141,0.03676,2700
4936,1.00000,0.97928,-0.14061,2700
4937,1.00000,0.98643,0.00797,2700
4938,1.00000,0.98024,-0.08639,2700
4939,1.00000,0.96842,-0.06173,2700
4940,1.00000,0.97347,-0.03010,2700
4941,1.00000,0.97588,-0.07101,2700
4942,1.00000,0.97298,-0.06767,2700
4943,1.00000,0.97972,-0.06133,2700
4944,1.00000,0.96661,-0.09601,2700
4945,1.00000,0.97675,-0.13626,2700
4946,1.00000,0.98095,-0.10869,2700
4947,1.00000,0.97782,-0.06351,2700
4948,1.00000,0.98003,-0.02283,2700
4949,1.00000,0.96368,-0.01845,2700
4950,1.00000,0.97562,-0.12209,2700
4951,1.00000,0.97327,-0.00201,2700
4952,1.00000,0.97152,-0.12574,2700
4953,1.00000,0.98158,-0.01847,2700
4954,1.00000,0.98147,-0.03390,2700
4955,1.00000,0.98559,-0.07741,2700
4956,1.00000,0.97941,-0.04330,2700
4957,1.00000,0.97566,-0.00844,2700
4958,1.00000,0.96077,-0.02784,2700
4959,1.00000,0.97810,-0.10993,2700
4960,1.00000,0.97421,-0.07920,2700
4961,1.00000,0.97712,-0.16965,2700
4962,1.00000,0.98457,-0.05198,2700
4963,1.00000,0.98275,-0.04807,2700
4964,1.00000,0.97782,-0.01947,2700
4965,1.00000,0.98308,-0.07092,2700
4966,1.00000,0.98392,-0.09553,2700
4967,1.00000,0.97644,-0.10795,2700
4968,1.00000,0.97674,-0.07245,2700
4969,1.00000,0.98332,-0.11631,2700
4970,1.00000,0.98590,-0.05012,2700
4971,1.00000,0.98745,-0.11930,2700
4972,1.00000,0.97480,-0.09046,2700
4973,1.00000,0.97814,-0.09646,2700
4974,1.00000,0.98094,-0.05580,2700
4975,1.00000,0.98105,-0.04478,2700
4976,1.00000,0.97421,-0.02535,2700
4977,1.00000,0.97753,-0.04583,2700
4978,1.00000,0.98665,-0.03655,2700
4979,1.00000,0.98828,-0.07730,2700
4980,1.00000,0.98208,-0.05372,2700
4981,1.00000,0.97535,-0.13490,2700
4982,1.00000,0.97406,-0.08486,2700
4983,1.00000,0.98019,-0.14728,2700
4984,1.00000,0.98186,-0.03868,2700
4985,1.00000,0.98027,-0.15365,2700
4986,1.00000,0.98722,-0.07976,2700
4987,1.00000,0.98209,-0.16533,2700
4988,1.00000,0.97484,-0.02285,2700
4989,1.00000,0.97034,-0.01748,2700
4990,1.00000,0.98255,-0.01328,2700
4991,1.00000,0.97807,-0.04608,2700
4992,1.00000,0.96957,-0.04801,2700
4993,1.00000,0.97099,-0.12007,2700
4994,1.00000,0.97016,0.01576,2700
4995,1.00000,0.97651,-0.06648,2700
4996,1.00000,0.97569,-0.05209,2700
4997,1.00000,0.98692,-0.13288,2700
4998,1.00000,0.98447,-0.08705,2700
4999,1.00000,0.98913,-0.18883,2700
5000,1.00000,0.99200,0.02880,2700
5001,1.00000,0.97162,-0.11753,2700
5002,1.00000,0.98199,-0.00916,2700
5003,1.00000,0.97325,-0.08242,2700
5004,1.00000,0.97565,0.01764,2700
5005,1.00000,0.97918,-0.14575,2700
5006,1.00000,0.98103,-0.00144,2700
5007,1.00000,0.97450,-0.14410,2700
5008,1.00000,0.96766,0.02828,2700
5009,1.00000,0.96461,-0.17450,2700
5010,1.00000,0.97305,-0.03375,2700
5011,1.00000,0.96973,-0.16913,2700
5012,1.00000,0.96432,-0.01113,2700
5013,1.00000,0.97161,-0.06678,2700
5014,1.00000,0.98613,-0.06080,2700
5015,1.00000,0.95516,0.00281,2700
5016,1.00000,0.95360,0.00691,2700
5017,1.00000,0.97120,-0.05882,2700
5018,1.00000,0.97228,0.03728,2700
5019,1.00000,0.97036,-0.13359,2700
5020,1.00000,0.98158,-0.09338,2700
5021,1.00000,0.98513,-0.10751,2700
5022,1.00000,0.98469,-0.12520,2700
5023,1.00000,0.96786,-0.10760,2700
5024,1.00000,0.97248,-0.11605,2700
5025,1.00000,0.97789,-0.03054,2700
5026,1.00000,0.98735,-0.11706,2700
5027,1.00000,0.97271,-0.00909,2700
5028,1.00000,0.97044,-0.11008,2700
5029,1.00000,0.98811,-0.03920,2700
5030,1.00000,0.97727,-0.07323,2700
5031,1.00000,0.96573,0.03308,2700
5032,1.00000,0.97209,-0.04999,2700
5033,1.00000,0.97369,-0.03313,2700
5034,1.00000,0.97808,-0.15182,2700
5035,1.00000,0.98051,-0.04350,2700
5036,1.00000,0.97785,-0.19843,2700
5037,1.00000,0.97756,-0.00338,2700
5038,1.00000,0.97622,-0.11018,2700
5039,1.00000,0.97759,0.06758,2700
5040,1.00000,0.97230,-0.14880,2700
5041,1.00000,0.97477,0.03806,2700
5042,1.00000,0.97337,-0.21287,2700
5043,1.00000,0.97747,-0.05162,2700
5044,1.00000,0.98796,-0.12124,2700
5045,1.00000,0.97453,0.01787,2700
5046,1.00000,0.97139,-0.06625,2700
5047,1.00000,0.97470,-0.03077,2700
5048,1.00000,0.98293,-0.12419,2700
5049,1.00000,0.98467,-0.09508,2700
5050,1.00000,0.98556,-0.08365,2700
5051,1.00000,0.98320,-0.11913,2700
5052,1.00000,0.97941,0.00550,2700
5053,1.00000,0.97680,-0.10241,2700
5054,1.00000,0.96905,-0.07797,2700
5055,1.00000,0.96112,-0.09620,2700
5056,1.00000,0.97117,-0.08126,2700
5057,1.00000,0.97045,-0.07111,2700
5058,1.00000,0.97311,-0.06722,2700
5059,1.00000,0.96609,-0.04084,2700
5060,1.00000,0.95361,-0.04227,2700
5061,1.00000,0.94870,0.08400,2700
5062,1.00000,0.96611,-0.08570,2700
5063,1.00000,0.98160,-0.02739,2700
5064,1.00000,0.96370,-0.10229,2700
5065,1.00000,0.96977,-0.03128,2700
5066,1.00000,0.96783,-0.10361,2700
5067,1.00000,0.98050,-0.05809,2700
5068,1.00000,0.98232,-0.14469,2700
5069,1.00000,0.99047,-0.10678,2700
5070,1.00000,0.98689,-0.14301,2700
5071,1.00000,0.98936,-0.10428,2700
5072,1.00000,0.98938,-0.10359,2700
5073,1.00000,0.98624,-0.09103,2700
5074,1.00000,0.97468,-0.03374,2700
5075,1.00000,0.97008,-0.02845,2700
5076,1.00000,0.96391,0.02261,2700
5077,1.00000,0.98072,-0.05313,2700
5078,1.00000,0.98530,-0.06422,2700
5079,1.00000,0.98161,-0.08102,2700
5080,1.00000,0.97683,-0.00691,2700
5081,1.00000,0.98283,-0.04215,2700
5082,1.00000,0.98047,0.06480,2700
5083,1.00000,0.97029,-0.04006,2700
5084,1.00000,0.97331,0.07829,2700
5085,1.00000,0.97504,-0.11664,2700
5086,1.00000,0.97536,-0.04916,2700
5087,1.00000,0.98505,-0.14312,2700
5088,1.00000,0.97573,-0.08287,2700
5089,1.00000,0.98025,-0.03923,2700
5090,1.00000,0.98083,-0.04424,2700
5091,1.00000,0.97687,0.03634,2700
5092,1.00000,0.98373,-0.06137,2700
5093,1.00000,0.98508,-0.00956,2700
5094,1.00000,0.98342,-0.06174,2700
5095,1.00000,0.97842,-0.03368,2700
5096,1.00000,0.98405,-0.08647,2700
5097,1.00000,0.98467,-0.07967,2700
5098,1.00000,0.98581,-0.11415,2700
5099,1.00000,0.97866,-0.07211,2700
5100,1.00000,0.98772,-0.00075,2700
5101,1.00000,0.97344,-0.00200,2700
5102,1.00000,0.97675,-0.01752,2700
5103,1.00000,0.97118,-0.12630,2700
5104,1.00000,0.96573,-0.08063,2700
5105,1.00000,0.98590,-0.12144,2700
5106,1.00000,0.98173,-0.07127,2700
5107,1.00000,0.98185,-0.06345,2700
5108,1.00000,0.98352,-0.07340,2700
5109,1.00000,0.97664,-0.05863,2700
5110,1.00000,0.97792,-0.11761,2700
5111,1.00000,0.97693,-0.11306,2700
5112,1.00000,0.97590,-0.06385,2700
5113,1.00000,0.98209,-0.04421,2700
5114,1.00000,0.98265,0.01128,2700
5115,1.00000,0.97929,-0.05035,2700
5116,1.00000,0.97127,-0.00900,2700
5117,1.00000,0.97456,-0.11219,2700
5118,1.00000,0.98038,-0.11083,2700
5119,1.00000,0.97032,-0.04722,2700
5120,1.00000,0.97119,-0.10267,2700
5121,1.00000,0.97331,-0.02198,2700
5122,1.00000,0.97803,-0.11842,2700
5123,1.00000,0.96522,0.00439,2700
5124,1.00000,0.97231,-0.11378,2700
5125,1.00000,0.96880,0.01566,2700
5126,1.00000,0.97678,-0.09052,2700
5127,1.00000,0.97547,0.04535,2700
5128,1.00000,0.97493,-0.13645,2700
5129,1.00000,0.96984,-0.05220,2700
5130,1.00000,0.98151,-0.14854,2700
5131,1.00000,0.98498,-0.07137,2700
5132,1.00000,0.97445,-0.07930,2700
5133,1.00000,0.98658,-0.02760,2700
5134,1.00000,0.98064,0.02410,2700
5135,1.00000,0.97643,-0.11485,2700
5136,1.00000,0.97941,0.08483,2700
5137,1.00000,0.97698,-0.09339,2700
5138,1.00000,0.97600,-0.03148,2700
5139,1.00000,0.97680,-0.13283,2700
5140,1.00000,0.97662,-0.06620,2700
5141,1.00000,0.98023,-0.15294,2700
5142,1.00000,0.98440,-0.03329,2700
5143,1.00000,0.97790,-0.11290,2700
5144,1.00000,0.98481,-0.07355,2700
5145,1.00000,0.97759,-0.11738,2700
5146,1.00000,0.98125,-0.05422,2700
5147,1.00000,0.97922,-0.06410,2700
5148,1.00000,0.97620,-0.02142,2700
5149,1.00000,0.97508,-0.13469,2700
5150,1.00000,0.97822,-0.05386,2700
5151,1.00000,0.97943,-0.13002,2700
5152,1.00000,0.97420,-0.02067,2700
5153,1.00000,0.98074,-0.12699,2700
5154,1.00000,0.98436,-0.04614,2700
5155,1.00000,0.98482,-0.14726,2700
5156,1.00000,0.98596,-0.06571,2700
5157,1.00000,0.99018,-0.11830,2700
5158,1.00000,0.98448,0.01183,2700
5159,1.00000,0.97646,-0.07510,2700
5160,1.00000,0.96369,0.05344,2700
5161,1.00000,0.97828,-0.10752,2700
5162,1.00000,0.97495,-0.07487,2700
5163,1.00000,0.97827,-0.07468,2700
5164,1.00000,0.98652,-0.07022,2700
5165,1.00000,0.97339,-0.02354,2700
5166,1.00000,0.97502,-0.07236,2700
5167,1.00000,0.96800,0.10572,2700
5168,1.00000,0.97467,-0.14848,2700
5169,1.00000,0.97553,-0.01029,2700
5170,1.00000,0.98318,-0.15886,2700
5171,1.00000,0.96112,-0.02620,2700
5172,1.00000,0.97007,-0.02264,2700
5173,1.00000,0.98263,-0.08561,2700
5174,1.00000,0.98414,-0.06715,2700
5175,1.00000,0.98341,-0.00287,2700
5176,1.00000,0.98515,-0.09485,2700
5177,1.00000,0.97932,0.02835,2700
5178,1.00000,0.97785,-0.03170,2700
5179,1.00000,0.97579,-0.00133,2700
5180,1.00000,0.97876,0.02848,2700
5181,1.00000,0.98233,-0.08065,2700
5182,1.00000,0.97461,-0.04457,2700
5183,1.00000,0.98134,-0.07656,2700
5184,1.00000,0.98624,-0.07699,2700
5185,1.00000,0.99156,-0.06017,2700
5186,1.00000,0.96606,-0.01731,2700
5187,1.00000,0.97903,0.05189,2700
5188,1.00000,0.98037,-0.12150,2700
5189,1.00000,0.98456,-0.04543,2700
5190,1.00000,0.96992,-0.15586,2700
5191,1.00000,0.97277,-0.01092,2700
5192,1.00000,0.97211,-0.04335,2700
5193,1.00000,0.97820,-0.03324,2700
5194,1.00000,0.98295,-0.09356,2700
5195,1.00000,0.98602,-0.09357,2700
5196,1.00000,0.97232,-0.10192,2700
5197,1.00000,0.97503,-0.10687,2700
5198,1.00000,0.97530,-0.05594,2700
5199,1.00000,0.98331,-0.10137,2700
5200,1.00000,0.97850,-0.02390,2700
5201,1.00000,0.98234,-0.04239,2700
5202,1.00000,0.97673,0.04124,2700
5203,1.00000,0.97560,-0.09098,2700
5204,1.00000,0.97948,-0.07685,2700
5205,1.00000,0.98116,-0.15496,2700
5206,1.00000,0.98277,-0.13850,2700
5207,1.00000,0.97661,-0.12704,2700
5208,1.00000,0.98407,-0.07273,2700
5209,1.00000,0.97315,-0.09335,2700
5210,1.00000,0.97769,-0.03959,2700
5211,1.00000,0.98252,-0.13613,2700
5212,1.00000,0.98338,-0.07883,2700
5213,1.00000,0.98348,-0.10725,2700
5214,1.00000,0.98015,-0.12061,2700
5215,1.00000,0.97715,-0.04794,2700
5216,1.00000,0.98242,-0.07802,2700
5217,1.00000,0.98436,-0.04945,2700
5218,1.00000,0.97923,-0.09930,2700
5219,1.00000,0.97505,0.00018,2700
5220,1.00000,0.99029,-0.08629,2700
5221,1.00000,0.97910,0.04252,2700
5222,1.00000,0.96724,-0.10519,2700
5223,1.00000,0.98072,-0.00406,2700
5224,1.00000,0.97443,-0.11699,2700
5225,1.00000,0.96637,-0.07945,2700
5226,1.00000,0.97314,-0.16982,2700
5227,1.00000,0.97443,-0.04896,2700
5228,1.00000,0.97663,-0.19177,2700
5229,1.00000,0.97479,0.01967,2700
5230,1.00000,0.97610,-0.10410,2700
5231,1.00000,0.96811,-0.03644,2700
5232,1.00000,0.96859,-0.03290,2700
5233,1.00000,0.96980,-0.08365,2700
5234,1.00000,0.97912,-0.14289,2700
5235,1.00000,0.98684,-0.10101,2700
5236,1.00000,0.98057,-0.06248,2700
5237,1.00000,0.98087,-0.11592,2700
5238,1.00000,0.97639,-0.05545,2700
5239,1.00000,0.98673,-0.11064,2700
5240,1.00000,0.98953,-0.07592,2700
5241,1.00000,0.98459,-0.10882,2700
5242,1.00000,0.98856,-0.04454,2700
5243,1.00000,0.98174,-0.06162,2700
5244,1.00000,0.97655,-0.08432,2700
5245,1.00000,0.97739,-0.05547,2700
5246,1.00000,0.98758,-0.11502,2700
5247,1.00000,0.98451,-0.09350,2700
5248,1.00000,0.98182,-0.07582,2700
5249,1.00000,0.98532,-0.13118,2700
5250,1.00000,0.98792,0.01164,2700
5251,1.00000,0.97059,-0.13150,2700
5252,1.00000,0.97399,-0.01341,2700
5253,1.00000,0.97642,-0.12460,2700
5254,1.00000,0.98309,-0.01841,2700
5255,1.00000,0.97827,-0.08703,2700
5256,1.00000,0.97765,0.03946,2700
5257,1.00000,0.97599,-0.09002,2700
5258,1.00000,0.97392,-0.00438,2700
5259,1.00000,0.97464,-0.11326,2700
5260,1.00000,0.97688,-0.04717,2700
5261,1.00000,0.97866,-0.05930,2700
5262,1.00000,0.97059,-0.07496,2700
5263,1.00000,0.97180,0.03781,2700
5264,1.00000,0.97148,-0.08770,2700
5265,1.00000,0.97200,0.04849,2700
5266,1.00000,0.96925,-0.12138,2700
5267,1.00000,0.97954,0.02316,2700
5268,1.00000,0.97151,-0.11358,2700
5269,1.00000,0.97120,0.08587,2700
5270,1.00000,0.97395,-0.09936,2700
5271,1.00000,0.96853,-0.03597,2700
5272,1.00000,0.96411,-0.20043,2700
5273,1.00000,0.97054,-0.01720,2700
5274,1.00000,0.98079,-0.16794,2700
5275,1.00000,0.98133,0.02738,2700
5276,1.00000,0.97614,-0.08927,2700
5277,1.00000,0.95707,0.11796,2700
5278,1.00000,0.96387,-0.11689,2700
5279,1.00000,0.97811,-0.03672,2700
5280,1.00000,0.97180,-0.17816,2700
5281,1.00000,0.98394,-0.06518,2700
5282,1.00000,0.96907,-0.13815,2700
5283,1.00000,0.95828,0.06858,2700
5284,1.00000,0.96661,-0.00125,2700
5285,1.00000,0.96559,-0.04411,2700
5286,1.00000,0.97212,-0.09039,2700
5287,1.00000,0.97397,-0.03025,2700
5288,1.00000,0.97762,-0.17231,2700
5289,1.00000,0.98213,-0.01084,2700
5290,1.00000,0.97668,-0.14442,2700
5291,1.00000,0.98123,-0.06477,2700
5292,1.00000,0.97993,-0.11833,2700
5293,1.00000,0.97597,0.00446,2700
5294,1.00000,0.96215,0.01120,2700
5295,1.00000,0.97379,-0.02207,2700
5296,1.00000,0.96988,-0.05172,2700
5297,1.00000,0.97215,-0.05597,2700
5298,1.00000,0.97219,-0.03778,2700
5299,1.00000,0.97300,-0.07147,2700
5300,1.00000,0.98546,0.02770,2700
5301,1.00000,0.98762,-0.11374,2700
5302,1.00000,0.98568,-0.01506,2700
5303,1.00000,0.97987,-0.10511,2700
5304,1.00000,0.97515,0.00285,2700
5305,1.00000,0.97119,-0.06823,2700
5306,1.00000,0.95789,0.01768,2700
5307,1.00000,0.96532,-0.01039,2700
5308,1.00000,0.96754,-0.09644,2700
5309,1.00000,0.97750,-0.09028,2700
5310,1.00000,0.97367,-0.12424,2700
5311,1.00000,0.97988,-0.11463,2700
5312,1.00000,0.97621,-0.05937,2700
5313,1.00000,0.98040,-0.01772,2700
5314,1.00000,0.98311,-0.07965,2700
5315,1.00000,0.98620,-0.07445,2700
5316,1.00000,0.97866,-0.11063,2700
5317,1.00000,0.97455,0.02503,2700
5318,1.00000,0.97916,-0.10411,2700
5319,1.00000,0.98035,-0.03556,2700
5320,1.00000,0.98669,-0.14478,2700
5321,1.00000,0.98093,-0.03960,2700
5322,1.00000,0.98154,-0.14590,2700
5323,1.00000,0.98582,-0.07047,2700
5324,1.00000,0.97953,-0.12254,2700
5325,1.00000,0.98110,-0.08333,2700
5326,1.00000,0.97547,-0.08752,2700
5327,1.00000,0.98226,-0.10429,2700
5328,1.00000,0.98344,0.04666,2700
5329,1.00000,0.98118,-0.05089,2700
5330,1.00000,0.97237,0.00251,2700
5331,1.00000,0.97102,-0.07366,2700
5332,1.00000,0.97146,-0.05424,2700
5333,1.00000,0.96856,-0.05514,2700
5334,1.00000,0.97419,-0.04040,2700
5335,1.00000,0.97586,-0.08335,2700
5336,1.00000,0.98164,-0.05428,2700
5337,1.00000,0.97939,-0.10362,2700
5338,1.00000,0.98391,-0.06849,2700
5339,1.00000,0.98112,-0.08521,2700
5340,1.00000,0.97710,0.02907,2700
5341,1.00000,0.98199,-0.13544,2700
5342,1.00000,0.97793,-0.05452,2700
5343,1.00000,0.97875,-0.14183,2700
5344,1.00000,0.97538,-0.06436,2700
5345,1.00000,0.98679,-0.10036,2700
5346,1.00000,0.98993,-0.06408,2700
5347,1.00000,0.98724,-0.11828,2700
5348,1.00000,0.98203,-0.12040,2700
5349,1.00000,0.98315,-0.05923,2700
5350,1.00000,0.97682,-0.02115,2700
5351,1.00000,0.97838,-0.06715,2700
5352,1.00000,0.98176,0.00662,2700
5353,1.00000,0.97557,-0.04570,2700
5354,1.00000,0.97429,-0.04625,2700
5355,1.00000,0.97642,0.04878,2700
5356,1.00000,0.96559,-0.02083,2700
5357,1.00000,0.97781,0.00097,2700
5358,1.00000,0.96936,-0.03282,2700
5359,1.00000,0.97616,-0.06773,2700
5360,1.00000,0.98262,-0.07436,2700
5361,1.00000,0.96970,-0.08082,2700
5362,1.00000,0.97745,0.01853,2700
5363,1.00000,0.97970,-0.16882,2700
5364,1.00000,0.98729,-0.04478,2700
5365,1.00000,0.95444,-0.07978,2700
5366,1.00000,0.97008,0.02468,2700
5367,1.00000,0.97418,-0.07901,2700
5368,1.00000,0.97280,-0.00848,2700
5369,1.00000,0.96812,-0.03605,2700
5370,1.00000,0.97492,-0.12075,2700
5371,1.00000,0.97344,0.01577,2700
5372,1.00000,0.96930,-0.02977,2700
5373,1.00000,0.96705,-0.04169,2700
5374,1.00000,0.95722,-0.07848,2700
5375,1.00000,0.96632,-0.04602,2700
5376,1.00000,0.98279,-0.09874,2700
5377,1.00000,0.98784,-0.00317,2700
5378,1.00000,0.97825,-0.14930,2700
5379,1.00000,0.98145,-0.03512,2700
5380,1.00000,0.97901,-0.17906,2700
5381,1.00000,0.98273,-0.03375,2700
5382,1.00000,0.98350,-0.11125,2700
5383,1.00000,0.97503,0.00342,2700
5384,1.00000,0.98943,-0.12440,2700
5385,1.00000,0.97365,-0.02444,2700
5386,1.00000,0.97261,-0.03099,2700
5387,1.00000,0.96756,-0.04262,2700
5388,1.00000,0.97271,-0.04806,2700
5389,1.00000,0.98497,-0.08090,2700
5390,1.00000,0.98181,-0.03800,2700
5391,1.00000,0.98099,-0.07290,2700
5392,1.00000,0.98039,-0.01443,2700
5393,1.00000,0.96900,-0.11470,2700
5394,1.00000,0.97343,-0.01496,2700
5395,1.00000,0.97941,-0.12255,2700
5396,1.00000,0.98132,-0.09666,2700
5397,1.00000,0.99186,-0.12863,2700
5398,1.00000,0.98219,-0.09100,2700
5399,1.00000,0.98217,-0.03613,2700
5400,1.00000,0.96941,-0.02526,2700
5401,1.00000,0.97127,0.02842,2700
5402,1.00000,0.98054,-0.06936,2700
5403,1.00000,0.98430,-0.03141,2700
5404,1.00000,0.98739,-0.05614,2700
5405,1.00000,0.98928,-0.08509,2700
5406,1.00000,0.98416,-0.07644,2700
5407,1.00000,0.98789,-0.07891,2700
5408,1.00000,0.98839,-0.14829,2700
5409,1.00000,0.98870,-0.11665,2700
5410,1.00000,0.98423,-0.11665,2700
5411,1.00000,0.98368,-0.13925,2700
5412,1.00000,0.98753,-0.05227,2700
5413,1.00000,0.98365,0.00085,2700
5414,1.00000,0.96255,-0.00871,2700
5415,1.00000,0.96871,-0.09516,2700
5416,1.00000,0.97463,-0.05255,2700
5417,1.00000,0.97252,-0.11477,2700
5418,1.00000,0.98409,-0.02926,2700
5419,1.00000,0.98145,-0.09079,2700
5420,1.00000,0.97825,-0.01147,2700
5421,1.00000,0.97234,-0.14720,2700
5422,1.00000,0.97624,-0.04803,2700
5423,1.00000,0.98070,-0.08663,2700
5424,1.00000,0.98161,0.00202,2700
5425,1.00000,0.98315,-0.11323,2700
5426,1.00000,0.97372,0.06538,2700
5427,1.00000,0.97518,-0.04685,2700
5428,1.00000,0.96062,0.03502,2700
5429,1.00000,0.97411,-0.04943,2700
5430,1.00000,0.96247,-0.08981,2700
5431,1.00000,0.97339,-0.08837,2700
5432,1.00000,0.98267,-0.05510,2700
5433,1.00000,0.97215,-0.17666,2700
5434,1.00000,0.97884,0.01505,2700
5435,1.00000,0.97102,-0.15530,2700
5436,1.00000,0.98026,-0.07022,2700
5437,1.00000,0.93926,-0.06789,2700
5438,1.00000,0.96483,0.04857,2700
5439,1.00000,0.97523,-0.08418,2700
5440,1.00000,0.97302,0.04247,2700
5441,1.00000,0.94913,-0.02771,2700
5442,1.00000,0.95813,0.01095,2700
5443,1.00000,0.96948,-0.02562,2700
5444,1.00000,0.97155,-0.10678,2700
5445,1.00000,0.98240,-0.07608,2700
5446,1.00000,0.97711,-0.13611,2700
5447,1.00000,0.97264,-0.00162,2700
5448,1.00000,0.97195,-0.09371,2700
5449,1.00000,0.98101,0.04972,2700
5450,1.00000,0.97878,-0.11360,2700
5451,1.00000,0.99176,-0.00525,2700
5452,1.00000,0.98347,-0.19045,2700
5453,1.00000,0.97514,0.03503,2700
5454,1.00000,0.95755,-0.08232,2700
5455,1.00000,0.96970,0.01697,2700
5456,1.00000,0.97610,-0.02204,2700
5457,1.00000,0.97163,-0.02083,2700
5458,1.00000,0.97151,-0.13232,2700
5459,1.00000,0.96818,-0.04917,2700
5460,1.00000,0.94502,-0.02960,2700
5461,1.00000,0.94168,-0.01379,2700
5462,1.00000,0.95995,0.02395,2700
5463,1.00000,0.96322,-0.05285,2700
5464,1.00000,0.95194,0.15291,2700
5465,1.00000,0.93174,-0.06339,2700
5466,1.00000,0.97164,-0.00633,2700
5467,1.00000,0.97834,-0.13431,2700
5468,1.00000,0.96894,-0.03117,2700
5469,1.00000,0.97553,-0.09600,2700
5470,1.00000,0.97742,-0.01283,2700
5471,1.00000,0.96955,-0.04965,2700
5472,1.00000,0.97852,0.00942,2700
5473,1.00000,0.98576,-0.09009,2700
5474,1.00000,0.98078,-0.03188,2700
5475,1.00000,0.98450,-0.13114,2700
5476,1.00000,0.97127,-0.05505,2700
5477,1.00000,0.97272,-0.08852,2700
5478,1.00000,0.97582,-0.12710,2700
5479,1.00000,0.97781,-0.02608,2700
5480,1.00000,0.97844,-0.16009,2700
5481,1.00000,0.98135,-0.04616,2700
5482,1.00000,0.98233,-0.09155,2700
5483,1.00000,0.98490,-0.03305,2700
5484,1.00000,0.97906,-0.09620,2700
5485,1.00000,0.97847,-0.09158,2700
5486,1.00000,0.97823,0.01845,2700
5487,1.00000,0.97997,-0.11259,2700
5488,1.00000,0.98753,-0.00953,2700
5489,1.00000,0.98282,-0.11049,2700
5490,1.00000,0.97427,-0.02171,2700
5491,1.00000,0.97480,-0.11661,2700
5492,1.00000,0.97711,-0.01945,2700
5493,1.00000,0.97643,-0.07156,2700
5494,1.00000,0.97725,-0.08575,2700
5495,1.00000,0.97566,-0.13446,2700
5496,1.00000,0.96841,-0.04978,2700
5497,1.00000,0.97657,-0.15127,2700
5498,1.00000,0.97695,-0.00651,2700
5499,1.00000,0.98858,-0.12562,2700
5500,1.00000,0.98548,0.02551,2700
5501,1.00000,0.98180,-0.06752,2700
5502,1.00000,0.95976,0.06840,2700
5503,1.00000,0.97005,-0.15070,2700
5504,1.00000,0.97830,0.05070,2700
5505,1.00000,0.97757,-0.21209,2700
5506,1.00000,0.97302,0.03036,2700
5507,1.00000,0.97596,-0.19272,2700
5508,1.00000,0.97208,-0.03560,2700
5509,1.00000,0.97620,-0.15251,2700
5510,1.00000,0.98387,-0.04300,2700
5511,1.00000,0.98221,-0.13208,2700
5512,1.00000,0.98040,0.00252,2700
5513,1.00000,0.97554,-0.18002,2700
5514,1.00000,0.97363,-0.00130,2700
5515,1.00000,0.97573,-0.20271,2700
5516,1.00000,0.98319,-0.05525,2700
5517,1.00000,0.98133,-0.13099,2700
5518,1.00000,0.98747,-0.07093,2700
5519,1.00000,0.97885,-0.10306,2700
5520,1.00000,0.98030,-0.06710,2700
5521,1.00000,0.97804,-0.03675,2700
5522,1.00000,0.97986,-0.05528,2700
5523,1.00000,0.97986,-0.09738,2700
5524,1.00000,0.97418,-0.04526,2700
5525,1.00000,0.96512,-0.05972,2700
5526,1.00000,0.97844,-0.05729,2700
5527,1.00000,0.98185,-0.04200,2700
5528,1.00000,0.97047,-0.10880,2700
5529,1.00000,0.96736,-0.02312,2700
5530,1.00000,0.97015,-0.07532,2700
5531,1.00000,0.97554,-0.07415,2700
5532,1.00000,0.98111,-0.05269,2700
5533,1.00000,0.98270,-0.10190,2700
5534,1.00000,0.97324,-0.07650,2700
5535,1.00000,0.97651,-0.11124,2700
5536,1.00000,0.98739,-0.07739,2700
5537,1.00000,0.98192,-0.07684,2700
5538,1.00000,0.98809,-0.01125,2700
5539,1.00000,0.98230,-0.04244,2700
5540,1.00000,0.97850,-0.04250,2700
5541,1.00000,0.97541,-0.09647,2700
5542,1.00000,0.97181,0.01589,2700
5543,1.00000,0.97719,-0.08167,2700
5544,1.00000,0.98203,0.00110,2700
5545,1.00000,0.98012,-0.08789,2700
5546,1.00000,0.98303,0.01061,2700
5547,1.00000,0.97618,-0.09290,2700
5548,1.00000,0.97886,0.04136,2700
5549,1.00000,0.96804,-0.13511,2700
5550,1.00000,0.96772,0.03329,2700
5551,1.00000,0.97624,-0.16895,2700
5552,1.00000,0.98388,-0.07889,2700
5553,1.00000,0.98273,-0.14032,2700
5554,1.00000,0.97879,-0.11608,2700
5555,1.00000,0.98572,-0.11414,2700
5556,1.00000,0.98375,-0.11205,2700
5557,1.00000,0.98195,-0.09017,2700
5558,1.00000,0.98426,-0.09483,2700
5559,1.00000,0.97916,-0.09281,2700
5560,1.00000,0.97688,-0.07055,2700
5561,1.00000,0.98712,-0.04793,2700
5562,1.00000,0.99070,-0.07681,2700
5563,1.00000,0.99083,-0.04073,2700
5564,1.00000,0.98145,-0.07759,2700
5565,1.00000,0.98034,0.00656,2700
5566,1.00000,0.98998,-0.13813,2700
5567,1.00000,0.98824,-0.09203,2700
5568,1.00000,0.98185,-0.17411,2700
5569,1.00000,0.98068,-0.11881,2700
5570,1.00000,0.98363,-0.09217,2700
5571,1.00000,0.98249,-0.10103,2700
5572,1.00000,0.98799,-0.09254,2700
5573,1.00000,0.97917,-0.09287,2700
5574,1.00000,0.97749,0.02715,2700
5575,1.00000,0.98092,-0.05483,2700
5576,1.00000,0.97670,0.09745,2700
5577,1.00000,0.96290,-0.09409,2700
5578,1.00000,0.96828,0.02684,2700
5579,1.00000,0.95050,-0.12470,2700
5580,1.00000,0.95657,0.02925,2700
5581,1.00000,0.96759,-0.10016,2700
5582,1.00000,0.95115,-0.04792,2700
5583,1.00000,0.96551,-0.06617,2700
5584,1.00000,0.95972,-0.03614,2700
5585,1.00000,0.94195,0.09581,2700
5586,1.00000,0.97036,-0.10736,2700
5587,1.00000,0.98124,0.00636,2700
5588,1.00000,0.97334,-0.13455,2700
5589,1.00000,0.97041,0.06777,2700
5590,1.00000,0.93092,0.03456,2700
5591,1.00000,0.97015,0.07459,2700
5592,1.00000,0.96319,-0.08487,2700
5593,1.00000,0.95773,-0.02284,2700
5594,1.00000,0.95015,-0.11607,2700
5595,1.00000,0.96837,-0.03469,2700
5596,1.00000,0.95514,-0.02922,2700
5597,1.00000,0.97026,-0.14153,2700
5598,1.00000,0.96540,0.02872,2700
5599,1.00000,0.97690,-0.16413,2700
5600,1.00000,0.98200,0.00549,2700
5601,1.00000,0.98223,-0.17079,2700
5602,1.00000,0.97810,0.05407,2700
5603,1.00000,0.97939,-0.11614,2700
5604,1.00000,0.98219,0.09625,2700
5605,1.00000,0.97698,-0.15840,2700
5606,1.00000,0.96980,-0.02762,2700
5607,1.00000,0.97403,-0.12272,2700
5608,1.00000,0.98000,-0.03157,2700
5609,1.00000,0.98104,-0.07009,2700
5610,1.00000,0.98472,-0.10258,2700
5611,1.00000,0.98474,-0.04508,2700
5612,1.00000,0.97458,-0.08016,2700
5613,1.00000,0.97354,-0.04916,2700
5614,1.00000,0.98164,-0.03282,2700
5615,1.00000,0.97214,-0.10731,2700
5616,1.00000,0.97327,-0.11161,2700
5617,1.00000,0.98473,-0.05092,2700
5618,1.00000,0.98286,-0.06204,2700
5619,1.00000,0.97918,0.00920,2700
5620,1.00000,0.97300,-0.07263,2700
5621,1.00000,0.97960,0.00247,2700
5622,1.00000,0.97159,-0.13206,2700
5623,1.00000,0.98712,-0.07610,2700
5624,1.00000,0.97381,-0.11942,2700
5625,1.00000,0.96873,-0.00225,2700
5626,1.00000,0.96932,-0.05563,2700
5627,1.00000,0.96287,-0.00064,2700
5628,1.00000,0.96385,-0.01537,2700
5629,1.00000,0.96431,-0.01185,2700
5630,1.00000,0.96177,-0.03149,2700
5631,1.00000,0.95531,-0.05172,2700
5632,1.00000,0.97053,-0.11761,2700
5633,1.00000,0.98132,-0.03757,2700
5634,1.00000,0.97228,-0.09795,2700
5635,1.00000,0.97464,-0.05169,2700
5636,1.00000,0.97262,0.01845,2700
5637,1.00000,0.98257,-0.07322,2700
5638,1.00000,0.96872,0.01202,2700
5639,1.00000,0.98118,-0.08294,2700
5640,1.00000,0.97906,-0.03675,2700
5641,1.00000,0.95632,0.04686,2700
5642,1.00000,0.96129,-0.07552,2700
5643,1.00000,0.96560,-0.03089,2700
5644,1.00000,0.98533,-0.09947,2700
5645,1.00000,0.97618,-0.11255,2700
5646,1.00000,0.97626,-0.09429,2700
5647,1.00000,0.97938,-0.19318,2700
5648,1.00000,0.97815,-0.07873,2700
5649,1.00000,0.97640,-0.11055,2700
5650,1.00000,0.97944,0.03256,2700
5651,1.00000,0.97752,-0.20809,2700
5652,1.00000,0.98029,-0.00895,2700
5653,1.00000,0.97679,-0.14606,2700
5654,1.00000,0.98126,-0.06892,2700
5655,1.00000,0.98453,-0.15412,2700
5656,1.00000,0.98527,-0.12212,2700
5657,1.00000,0.97032,-0.20231,2700
5658,1.00000,0.97989,-0.05899,2700
5659,1.00000,0.98116,-0.12274,2700
5660,1.00000,0.97740,-0.09933,2700
5661,1.00000,0.98203,-0.09116,2700
5662,1.00000,0.98128,-0.10191,2700
5663,1.00000,0.98398,-0.14912,2700
5664,1.00000,0.97894,-0.03340,2700
5665,1.00000,0.95933,0.03704,2700
5666,1.00000,0.95168,-0.04670,2700
5667,1.00000,0.96115,-0.04806,2700
5668,1.00000,0.98306,-0.17078,2700
5669,1.00000,0.96642,-0.00675,2700
5670,1.00000,0.96967,-0.13433,2700
5671,1.00000,0.97941,-0.11316,2700
5672,1.00000,0.98202,-0.17449,2700
5673,1.00000,0.98121,-0.16604,2700
5674,1.00000,0.98497,-0.10757,2700
5675,1.00000,0.98782,-0.10788,2700
5676,1.00000,0.98119,-0.03641,2700
5677,1.00000,0.98885,-0.12225,2700
5678,1.00000,0.99020,-0.13169,2700
5679,1.00000,0.98576,-0.16808,2700
5680,1.00000,0.97959,-0.08621,2700
5681,1.00000,0.98425,-0.13555,2700
5682,1.00000,0.98272,-0.08080,2700
5683,1.00000,0.97996,-0.04262,2700
5684,1.00000,0.97023,-0.08039,2700
5685,1.00000,0.97488,-0.05549,2700
5686,1.00000,0.97639,-0.15772,2700
5687,1.00000,0.97570,-0.06415,2700
5688,1.00000,0.97434,-0.22346,2700
5689,1.00000,0.97350,-0.03151,2700
5690,1.00000,0.97566,-0.10365,2700
5691,1.00000,0.98622,0.06145,2700
5692,1.00000,0.97532,-0.13595,2700
5693,1.00000,0.97566,-0.02051,2700
5694,1.00000,0.97544,-0.18169,2700
5695,1.00000,0.97998,-0.08320,2700
5696,1.00000,0.99179,-0.12085,2700
5697,1.00000,0.98295,-0.16211,2700
5698,1.00000,0.97906,-0.11612,2700
5699,1.00000,0.98146,-0.15003,2700
5700,1.00000,0.98687,-0.08882,2700
5701,1.00000,0.98014,-0.13677,2700
5702,1.00000,0.98235,-0.06930,2700
5703,1.00000,0.97514,-0.15920,2700
5704,1.00000,0.97597,-0.12664,2700
5705,1.00000,0.97645,-0.14059,2700
5706,1.00000,0.98269,-0.18028,2700
5707,1.00000,0.98095,-0.06864,2700
5708,1.00000,0.98376,-0.14440,2700
5709,1.00000,0.98263,-0.09894,2700
5710,1.00000,0.98681,-0.17517,2700
5711,1.00000,0.98178,-0.05788,2700
5712,1.00000,0.98848,-0.13982,2700
5713,1.00000,0.97966,-0.07497,2700
5714,1.00000,0.98004,-0.17429,2700
5715,1.00000,0.98079,-0.04506,2700
5716,1.00000,0.97916,-0.17119,2700
5717,1.00000,0.97608,-0.00408,2700
5718,1.00000,0.97962,-0.15052,2700
5719,1.00000,0.97870,-0.11500,2700
5720,1.00000,0.98360,-0.14218,2700
5721,1.00000,0.97712,-0.02645,2700
5722,1.00000,0.98146,-0.14201,2700
5723,1.00000,0.98511,-0.05381,2700
5724,1.00000,0.99198,-0.17466,2700
5725,1.00000,0.98334,-0.05935,2700
5726,1.00000,0.97619,-0.12073,2700
5727,1.00000,0.97207,0.03073,2700
5728,1.00000,0.96798,-0.11009,2700
5729,1.00000,0.97930,-0.02851,2700
5730,1.00000,0.98087,-0.21047,2700
5731,1.00000,0.98634,-0.02197,2700
5732,1.00000,0.98622,-0.19294,2700
5733,1.00000,0.97739,0.01860,2700
5734,1.00000,0.96214,-0.12014,2700
5735,1.00000,0.96940,0.05738,2700
5736,1.00000,0.97152,-0.12021,2700
5737,1.00000,0.95414,0.04195,2700
5738,1.00000,0.96876,-0.16021,2700
5739,1.00000,0.98195,-0.09925,2700
5740,1.00000,0.98134,-0.13416,2700
5741,1.00000,0.98051,-0.09157,2700
5742,1.00000,0.98219,-0.13435,2700
5743,1.00000,0.98071,-0.07553,2700
5744,1.00000,0.98394,-0.11462,2700
5745,1.00000,0.97467,-0.00801,2700
5746,1.00000,0.97254,-0.15020,2700
5747,1.00000,0.97851,-0.08890,2700
5748,1.00000,0.98056,-0.15150,2700
5749,1.00000,0.96956,-0.09219,2700
5750,1.00000,0.97676,-0.08708,2700
5751,1.00000,0.98343,-0.07959,2700
5752,1.00000,0.97035,-0.12953,2700
5753,1.00000,0.97782,-0.07841,2700
5754,1.00000,0.97073,-0.12809,2700
5755,1.00000,0.98158,-0.10825,2700
5756,1.00000,0.97990,-0.12871,2700
5757,1.00000,0.98743,-0.10018,2700
5758,1.00000,0.97847,-0.11705,2700
5759,1.00000,0.98496,-0.06015,2700
5760,1.00000,0.98520,-0.12636,2700
5761,1.00000,0.98567,-0.04035,2700
5762,1.00000,0.98628,-0.16764,2700
5763,1.00000,0.98516,-0.06855,2700
5764,1.00000,0.97926,-0.14205,2700
5765,1.00000,0.97552,-0.07345,2700
5766,1.00000,0.97484,-0.11832,2700
5767,1.00000,0.98289,-0.12527,2700
5768,1.00000,0.98254,-0.09590,2700
5769,1.00000,0.98546,-0.07493,2700
5770,1.00000,0.98382,-0.13613,2700
5771,1.00000,0.98290,-0.13357,2700
5772,1.00000,0.98728,-0.11384,2700
5773,1.00000,0.97954,-0.13634,2700
5774,1.00000,0.98174,-0.06729,2700
5775,1.00000,0.97970,-0.12366,2700
5776,1.00000,0.98023,-0.07909,2700
5777,1.00000,0.96983,-0.07724,2700
5778,1.00000,0.98326,-0.04918,2700
5779,1.00000,0.98507,-0.11020,2700
5780,1.00000,0.98776,-0.13560,2700
5781,1.00000,0.97537,-0.11036,2700
5782,1.00000,0.97991,-0.18861,2700
5783,1.00000,0.98223,-0.10054,2700
5784,1.00000,0.98787,-0.16755,2700
5785,1.00000,0.97712,-0.06545,2700
5786,1.00000,0.97179,-0.07038,2700
5787,1.00000,0.97689,-0.06937,2700
5788,1.00000,0.97208,-0.09878,2700
5789,1.00000,0.97753,-0.05455,2700
5790,1.00000,0.97162,-0.16361,2700
5791,1.00000,0.97752,-0.12081,2700
5792,1.00000,0.98262,-0.15735,2700
5793,1.00000,0.98456,-0.11580,2700
5794,1.00000,0.98095,-0.13157,2700
5795,1.00000,0.98062,-0.12247,2700
5796,1.00000,0.98481,-0.04889,2700
5797,1.00000,0.97149,-0.07530,2700
5798,1.00000,0.97813,-0.02819,2700
5799,1.00000,0.97602,-0.15955,2700
5800,1.00000,0.98541,-0.01016,2700
5801,1.00000,0.98247,-0.15186,2700
5802,1.00000,0.98719,-0.11614,2700
5803,1.00000,0.98114,-0.16136,2700
5804,1.00000,0.97930,-0.10177,2700
5805,1.00000,0.98477,-0.16106,2700
5806,1.00000,0.98324,-0.10595,2700
5807,1.00000,0.98426,-0.13977,2700
5808,1.00000,0.97982,-0.05052,2700
5809,1.00000,0.97008,-0.14198,2700
5810,1.00000,0.97314,-0.00049,2700
5811,1.00000,0.97363,-0.05434,2700
5812,1.00000,0.97008,-0.08207,2700
5813,1.00000,0.97578,-0.12064,2700
5814,1.00000,0.97388,-0.06738,2700
5815,1.00000,0.97179,-0.03593,2700
5816,1.00000,0.97461,-0.08115,2700
5817,1.00000,0.97625,-0.02623,2700
5818,1.00000,0.98569,-0.19690,2700
5819,1.00000,0.97993,-0.02134,2700
5820,1.00000,0.97532,-0.18393,2700
5821,1.00000,0.97187,-0.03088,2700
5822,1.00000,0.96472,-0.17362,2700
5823,1.00000,0.97671,-0.03969,2700
5824,1.00000,0.97906,-0.16023,2700
5825,1.00000,0.97760,-0.00036,2700
5826,1.00000,0.98508,-0.14860,2700
5827,1.00000,0.98454,-0.03193,2700
5828,1.00000,0.97896,-0.17036,2700
5829,1.00000,0.97828,0.00561,2700
5830,1.00000,0.97674,-0.15768,2700
5831,1.00000,0.95695,0.02957,2700
5832,1.00000,0.96885,-0.10270,2700
5833,1.00000,0.97556,-0.12617,2700
5834,1.00000,0.98689,-0.05629,2700
5835,1.00000,0.97493,-0.04812,2700
5836,1.00000,0.97342,-0.07998,2700
5837,1.00000,0.97527,-0.11113,2700
5838,1.00000,0.98572,-0.15473,2700
5839,1.00000,0.98829,-0.14989,2700
5840,1.00000,0.97711,-0.09036,2700
5841,1.00000,0.97543,-0.08313,2700
5842,1.00000,0.97513,-0.13764,2700
5843,1.00000,0.97671,-0.14040,2700
5844,1.00000,0.96915,-0.09823,2700
5845,1.00000,0.97748,-0.04237,2700
5846,1.00000,0.97073,-0.09141,2700
5847,1.00000,0.97486,-0.08465,2700
5848,1.00000,0.97354,-0.14397,2700
5849,1.00000,0.98755,-0.14001,2700
5850,1.00000,0.98569,-0.11633,2700
5851,1.00000,0.98113,-0.06694,2700
5852,1.00000,0.98605,-0.03171,2700
5853,1.00000,0.99135,-0.04437,2700
5854,1.00000,0.97306,-0.13446,2700
5855,1.00000,0.96674,-0.10883,2700
5856,1.00000,0.96750,-0.05617,2700
5857,1.00000,0.98000,-0.13899,2700
5858,1.00000,0.98400,-0.09632,2700
5859,1.00000,0.97113,-0.17732,2700
5860,1.00000,0.97592,-0.04100,2700
5861,1.00000,0.97874,-0.11519,2700
5862,1.00000,0.96589,-0.03091,2700
5863,1.00000,0.97209,-0.13513,2700
5864,1.00000,0.97568,-0.13239,2700
5865,1.00000,0.97857,-0.15848,2700
5866,1.00000,0.98221,-0.16208,2700
5867,1.00000,0.98801,-0.14138,2700
5868,1.00000,0.98799,-0.07215,2700
5869,1.00000,0.98443,-0.07289,2700
5870,1.00000,0.98223,-0.11160,2700
5871,1.00000,0.98904,-0.13400,2700
5872,1.00000,0.98322,-0.16291,2700
5873,1.00000,0.97528,-0.09987,2700
5874,1.00000,0.97366,-0.03580,2700
5875,1.00000,0.95632,0.01474,2700
5876,1.00000,0.96853,-0.04690,2700
5877,1.00000,0.97163,-0.07731,2700
5878,1.00000,0.96394,-0.12194,2700
5879,1.00000,0.96583,-0.04786,2700
5880,1.00000,0.96899,-0.07230,2700
5881,1.00000,0.97746,0.08885,2700
5882,1.00000,0.96901,-0.13640,2700
5883,1.00000,0.96885,0.02882,2700
5884,1.00000,0.97627,-0.21627,2700
5885,1.00000,0.97649,-0.06084,2700
5886,1.00000,0.97378,-0.15535,2700
5887,1.00000,0.97493,-0.10220,2700
5888,1.00000,0.98776,-0.11878,2700
5889,1.00000,0.98452,-0.16408,2700
5890,1.00000,0.98595,-0.14603,2700
5891,1.00000,0.97666,-0.08107,2700
5892,1.00000,0.98086,-0.07031,2700
5893,1.00000,0.98730,-0.11750,2700
5894,1.00000,0.98658,-0.13756,2700
5895,1.00000,0.97581,-0.08862,2700
5896,1.00000,0.97746,-0.14127,2700
5897,1.00000,0.98050,-0.03045,2700
5898,1.00000,0.98025,-0.07798,2700
5899,1.00000,0.97702,-0.05289,2700
5900,1.00000,0.97872,-0.18483,2700
5901,1.00000,0.98257,-0.05073,2700
5902,1.00000,0.97553,-0.11581,2700
5903,1.00000,0.97631,-0.03302,2700
5904,1.00000,0.97653,-0.14126,2700
5905,1.00000,0.97886,-0.09960,2700
5906,1.00000,0.97713,-0.12449,2700
5907,1.00000,0.97755,-0.13416,2700
5908,1.00000,0.98407,-0.07951,2700
5909,1.00000,0.98200,-0.14287,2700
5910,1.00000,0.98424,-0.06748,2700
5911,1.00000,0.98581,-0.11880,2700
5912,1.00000,0.98440,-0.07100,2700
5913,1.00000,0.98315,-0.13812,2700
5914,1.00000,0.97538,-0.03113,2700
5915,1.00000,0.96651,-0.02035,2700
5916,1.00000,0.97111,-0.08935,2700
5917,1.00000,0.96919,-0.08024,2700
5918,1.00000,0.96540,-0.07779,2700
5919,1.00000,0.95687,-0.01083,2700
5920,1.00000,0.97441,-0.12139,2700
5921,1.00000,0.96475,-0.01526,2700
5922,1.00000,0.97580,-0.19885,2700
5923,1.00000,0.97723,-0.05293,2700
5924,1.00000,0.98269,-0.06228,2700
5925,1.00000,0.98273,-0.02649,2700
5926,1.00000,0.98681,-0.19666,2700
5927,1.00000,0.97872,-0.06780,2700
5928,1.00000,0.97865,-0.16577,2700
5929,1.00000,0.98606,-0.03338,2700
5930,1.00000,0.97214,-0.15302,2700
5931,1.00000,0.98004,-0.05136,2700
5932,1.00000,0.97782,-0.13538,2700
5933,1.00000,0.98102,-0.05582,2700
5934,1.00000,0.98470,-0.15605,2700
5935,1.00000,0.97369,-0.03512,2700
5936,1.00000,0.96090,-0.03444,2700
5937,1.00000,0.96630,-0.03233,2700
5938,1.00000,0.96389,-0.10554,2700
5939,1.00000,0.97687,-0.16318,2700
5940,1.00000,0.96633,-0.10090,2700
5941,1.00000,0.98069,-0.22287,2700
5942,1.00000,0.97808,-0.08571,2700
5943,1.00000,0.97508,-0.18299,2700
5944,1.00000,0.96988,0.03426,2700
5945,1.00000,0.95705,-0.09234,2700
5946,1.00000,0.96751,0.05744,2700
5947,1.00000,0.96846,-0.16581,2700
5948,1.00000,0.96041,-0.00972,2700
5949,1.00000,0.94308,-0.03856,2700
5950,1.00000,0.94240,0.02210,2700
5951,1.00000,0.96964,-0.11580,2700
5952,1.00000,0.97941,-0.05603,2700
5953,1.00000,0.97894,-0.13539,2700
5954,1.00000,0.97027,-0.03744,2700
5955,1.00000,0.97166,-0.13166,2700
5956,1.00000,0.97853,-0.04440,2700
5957,1.00000,0.98029,-0.13223,2700
5958,1.00000,0.98362,-0.10548,2700
5959,1.00000,0.98202,-0.18441,2700
5960,1.00000,0.97933,-0.11392,2700
5961,1.00000,0.97522,-0.04983,2700
5962,1.00000,0.97676,-0.09220,2700
5963,1.00000,0.97366,-0.08048,2700
5964,1.00000,0.98097,-0.18874,2700
5965,1.00000,0.97944,-0.09165,2700
5966,1.00000,0.98547,-0.19951,2700
5967,1.00000,0.97310,-0.04630,2700
5968,1.00000,0.97532,-0.14220,2700
5969,1.00000,0.97588,-0.02454,2700
5970,1.00000,0.97796,-0.07807,2700
5971,1.00000,0.97756,-0.11024,2700
5972,1.00000,0.97971,-0.13330,2700
5973,1.00000,0.98166,-0.06282,2700
5974,1.00000,0.98827,-0.15554,2700
5975,1.00000,0.98300,-0.06906,2700
5976,1.00000,0.98440,-0.13789,2700
5977,1.00000,0.97971,0.04058,2700
5978,1.00000,0.98607,-0.15904,2700
5979,1.00000,0.98164,-0.08793,2700
5980,1.00000,0.97743,-0.13769,2700
5981,1.00000,0.98261,-0.02174,2700
5982,1.00000,0.98450,-0.12818,2700
5983,1.00000,0.97641,-0.09867,2700
5984,1.00000,0.98464,-0.18580,2700
5985,1.00000,0.96832,-0.03715,2700
5986,1.00000,0.96412,-0.12893,2700
5987,1.00000,0.98127,-0.03699,2700
5988,1.00000,0.98037,-0.11979,2700
5989,1.00000,0.98513,-0.12119,2700
5990,1.00000,0.97682,-0.13045,2700
5991,1.00000,0.97698,-0.07178,2700
5992,1.00000,0.97512,-0.11527,2700
5993,1.00000,0.98062,-0.05346,2700
5994,1.00000,0.98498,-0.10466,2700
5995,1.00000,0.98141,-0.10352,2700
5996,1.00000,0.98464,-0.14971,2700
5997,1.00000,0.97873,-0.14973,2700
5998,1.00000,0.97955,-0.13691,2700
5999,1.00000,0.97610,0.01545,2700
