tick,maxcos_all,maxcos_old,maxcos_old_rot,n_old
299,1.00000,nan,nan,0
300,1.00000,nan,nan,1
301,1.00000,nan,nan,2
302,1.00000,nan,nan,3
303,1.00000,nan,nan,4
304,1.00000,nan,nan,5
305,1.00000,nan,nan,6
306,1.00000,nan,nan,7
307,1.00000,nan,nan,8
308,1.00000,nan,nan,9
309,1.00000,nan,nan,10
310,1.00000,nan,nan,11
311,1.00000,nan,nan,12
312,1.00000,nan,nan,13
313,1.00000,nan,nan,14
314,1.00000,nan,nan,15
430,1.00000,nan,nan,117
431,1.00000,nan,nan,118
432,1.00000,nan,nan,119
433,1.00000,nan,nan,120
434,1.00000,nan,nan,120
435,1.00000,nan,nan,121
436,1.00000,nan,nan,122
437,1.00000,nan,nan,123
438,1.00000,nan,nan,124
439,1.00000,nan,nan,125
440,1.00000,nan,nan,125
441,1.00000,nan,nan,126
442,1.00000,nan,nan,127
443,1.00000,nan,nan,128
444,1.00000,nan,nan,129
445,1.00000,nan,nan,130
446,1.00000,nan,nan,130
447,1.00000,nan,nan,131
448,1.00000,nan,nan,132
449,1.00000,nan,nan,133
450,1.00000,nan,nan,134
451,1.00000,nan,nan,135
452,1.00000,nan,nan,136
453,1.00000,nan,nan,137
454,1.00000,nan,nan,138
455,1.00000,nan,nan,139
456,1.00000,nan,nan,140
457,1.00000,nan,nan,141
458,1.00000,nan,nan,142
459,1.00000,nan,nan,143
460,1.00000,nan,nan,144
461,1.00000,nan,nan,145
462,1.00000,nan,nan,146
463,1.00000,nan,nan,147
464,1.00000,nan,nan,148
465,1.00000,nan,nan,148
466,1.00000,nan,nan,149
467,1.00000,nan,nan,150
468,1.00000,nan,nan,151
469,1.00000,nan,nan,152
470,1.00000,nan,nan,153
471,1.00000,nan,nan,154
472,1.00000,nan,nan,155
473,1.00000,nan,nan,156
474,1.00000,nan,nan,157
475,1.00000,nan,nan,158
476,1.00000,nan,nan,159
477,1.00000,nan,nan,160
478,1.00000,nan,nan,161
479,1.00000,nan,nan,162
480,1.00000,nan,nan,163
481,1.00000,nan,nan,164
482,1.00000,nan,nan,165
483,1.00000,nan,nan,166
484,1.00000,nan,nan,167
485,1.00000,nan,nan,168
486,1.00000,nan,nan,169
487,1.00000,nan,nan,170
488,1.00000,nan,nan,171
489,1.00000,nan,nan,172
490,1.00000,nan,nan,173
491,1.00000,nan,nan,158
592,1.00000,nan,nan,236
593,1.00000,nan,nan,237
594,1.00000,nan,nan,238
595,1.00000,nan,nan,239
596,1.00000,nan,nan,239
597,1.00000,nan,nan,240
598,1.00000,nan,nan,241
599,1.00000,nan,nan,242
600,1.00000,nan,nan,242
601,1.00000,nan,nan,243
602,1.00000,nan,nan,244
603,1.00000,nan,nan,245
604,1.00000,nan,nan,246
605,1.00000,nan,nan,247
606,1.00000,nan,nan,248
607,1.00000,nan,nan,248
608,1.00000,nan,nan,249
609,1.00000,nan,nan,250
610,1.00000,nan,nan,251
611,1.00000,nan,nan,252
612,1.00000,nan,nan,252
613,1.00000,nan,nan,253
614,1.00000,nan,nan,254
615,1.00000,nan,nan,255
616,1.00000,nan,nan,255
617,1.00000,nan,nan,255
618,1.00000,nan,nan,255
619,1.00000,nan,nan,255
620,1.00000,nan,nan,255
621,1.00000,nan,nan,255
622,1.00000,nan,nan,255
623,1.00000,nan,nan,255
624,1.00000,nan,nan,255
625,1.00000,nan,nan,255
626,1.00000,nan,nan,255
627,1.00000,nan,nan,255
628,1.00000,nan,nan,255
629,1.00000,nan,nan,255
630,1.00000,nan,nan,255
631,1.00000,nan,nan,255
632,1.00000,nan,nan,255
633,1.00000,nan,nan,255
634,1.00000,nan,nan,255
635,1.00000,nan,nan,255
636,1.00000,nan,nan,255
637,1.00000,nan,nan,255
638,1.00000,nan,nan,255
639,1.00000,nan,nan,255
640,1.00000,nan,nan,255
641,1.00000,nan,nan,255
642,1.00000,nan,nan,255
643,1.00000,nan,nan,255
644,1.00000,nan,nan,255
645,1.00000,nan,nan,255
646,1.00000,nan,nan,255
647,1.00000,nan,nan,255
648,1.00000,nan,nan,255
649,1.00000,nan,nan,255
650,1.00000,nan,nan,255
651,1.00000,nan,nan,255
652,1.00000,nan,nan,255
653,1.00000,nan,nan,255
654,1.00000,nan,nan,255
655,1.00000,nan,nan,255
656,1.00000,nan,nan,255
657,1.00000,nan,nan,255
658,1.00000,nan,nan,255
659,1.00000,nan,nan,255
660,1.00000,nan,nan,255
661,1.00000,nan,nan,255
662,1.00000,nan,nan,255
663,1.00000,nan,nan,255
664,1.00000,nan,nan,255
665,1.00000,nan,nan,255
666,1.00000,nan,nan,255
667,1.00000,nan,nan,255
668,1.00000,nan,nan,234
769,1.00000,nan,nan,279
770,1.00000,nan,nan,280
771,1.00000,nan,nan,281
772,1.00000,nan,nan,282
773,1.00000,nan,nan,282
774,1.00000,nan,nan,283
775,1.00000,nan,nan,284
776,1.00000,nan,nan,285
777,1.00000,nan,nan,286
778,1.00000,nan,nan,287
779,1.00000,nan,nan,288
780,1.00000,nan,nan,289
781,1.00000,nan,nan,290
782,1.00000,nan,nan,290
783,1.00000,nan,nan,290
784,1.00000,nan,nan,290
785,1.00000,nan,nan,291
786,1.00000,nan,nan,291
787,1.00000,nan,nan,292
788,1.00000,nan,nan,293
789,1.00000,nan,nan,294
790,1.00000,nan,nan,295
791,1.00000,nan,nan,296
792,1.00000,nan,nan,296
793,1.00000,nan,nan,296
794,1.00000,nan,nan,296
795,1.00000,nan,nan,296
796,1.00000,nan,nan,296
797,1.00000,nan,nan,296
798,1.00000,nan,nan,296
799,1.00000,nan,nan,296
800,1.00000,nan,nan,296
801,1.00000,nan,nan,296
802,1.00000,nan,nan,296
803,1.00000,nan,nan,296
804,1.00000,nan,nan,296
805,1.00000,nan,nan,296
806,1.00000,nan,nan,296
807,1.00000,nan,nan,296
808,1.00000,nan,nan,296
809,1.00000,nan,nan,296
810,1.00000,nan,nan,296
811,1.00000,nan,nan,296
812,1.00000,nan,nan,296
813,1.00000,nan,nan,296
814,1.00000,nan,nan,296
815,1.00000,nan,nan,296
816,1.00000,nan,nan,296
817,1.00000,nan,nan,296
818,1.00000,nan,nan,296
819,1.00000,nan,nan,296
820,1.00000,nan,nan,296
821,1.00000,nan,nan,296
822,1.00000,nan,nan,296
823,1.00000,nan,nan,296
824,1.00000,nan,nan,296
825,1.00000,nan,nan,296
826,1.00000,nan,nan,296
827,1.00000,nan,nan,296
828,1.00000,nan,nan,296
829,1.00000,nan,nan,296
830,1.00000,nan,nan,296
831,1.00000,nan,nan,296
832,1.00000,nan,nan,296
833,1.00000,nan,nan,296
834,1.00000,nan,nan,266
935,1.00000,nan,nan,296
936,1.00000,nan,nan,297
937,1.00000,nan,nan,298
938,1.00000,nan,nan,299
939,1.00000,0.99815,0.08543,300
940,1.00000,0.99717,0.07778,301
941,1.00000,0.99663,0.07791,302
942,1.00000,0.99774,0.08546,303
943,1.00000,0.99790,0.11168,304
944,1.00000,0.99855,0.11197,305
945,1.00000,0.99833,0.11403,306
946,1.00000,0.99794,0.14109,306
947,1.00000,0.99709,0.13578,307
948,1.00000,0.99713,0.10687,308
949,1.00000,0.99772,0.08053,309
950,1.00000,0.99806,0.10864,310
951,1.00000,0.99817,0.10502,311
952,1.00000,0.99814,0.10507,312
953,1.00000,0.99722,0.12416,313
954,1.00000,0.99767,0.15295,314
955,1.00000,0.99824,0.13673,315
956,1.00000,0.99574,0.08008,315
957,1.00000,0.99642,0.07809,316
958,1.00000,0.99499,0.10197,317
959,1.00000,0.99529,0.10861,318
960,1.00000,0.99531,0.09065,319
961,1.00000,0.99821,0.07478,320
962,1.00000,0.99714,0.07520,321
963,1.00000,0.99765,0.12156,322
964,1.00000,0.99820,0.13748,322
965,1.00000,0.99735,0.12047,322
966,1.00000,0.99497,0.13882,323
967,1.00000,0.99626,0.16022,324
968,1.00000,0.99569,0.09618,325
969,1.00000,0.99641,0.07877,325
970,1.00000,0.99674,0.12527,325
971,1.00000,0.99625,0.12627,325
972,1.00000,0.99787,0.11296,325
973,1.00000,0.99844,0.10872,325
974,1.00000,0.99611,0.10287,325
975,1.00000,0.99792,0.07959,325
976,1.00000,0.99697,0.07913,325
977,1.00000,0.99788,0.11382,325
978,1.00000,0.99760,0.09650,325
979,1.00000,0.99743,0.09705,325
980,1.00000,0.99695,0.11989,325
981,1.00000,0.99794,0.10596,325
982,1.00000,0.99774,0.09078,325
983,1.00000,0.99836,0.12377,325
984,1.00000,0.99724,0.12316,325
985,1.00000,0.99713,0.10135,325
986,1.00000,0.99737,0.12281,325
987,1.00000,0.99795,0.13063,325
988,1.00000,0.99826,0.11070,325
989,1.00000,0.99737,0.11347,325
990,1.00000,0.99773,0.12966,325
991,1.00000,0.99775,0.11247,325
992,1.00000,0.99746,0.08129,325
993,1.00000,0.99628,0.10088,325
994,1.00000,0.99691,0.11427,325
995,1.00000,0.99685,0.11408,325
996,1.00000,0.99668,0.11798,325
997,1.00000,0.99680,0.13066,325
998,1.00000,0.99744,0.14433,325
999,1.00000,0.99817,0.13614,325
1000,1.00000,0.99720,0.09569,325
1001,1.00000,0.99801,0.08907,325
1002,1.00000,0.99799,0.13634,325
1003,1.00000,0.99790,0.12431,325
1004,1.00000,0.99847,0.08701,325
1005,1.00000,0.99719,0.10464,325
1006,1.00000,0.99797,0.12733,325
1007,1.00000,0.99779,0.11698,325
1008,1.00000,0.99704,0.07933,325
1009,1.00000,0.99462,0.06163,325
1010,1.00000,0.99500,0.08120,325
1011,1.00000,0.99424,0.08464,325
1012,1.00000,0.99433,0.12430,325
1013,1.00000,0.99664,0.14896,325
1014,1.00000,0.99618,0.11656,325
1015,1.00000,0.99685,0.13538,325
1016,1.00000,0.99755,0.14877,325
1017,1.00000,0.99693,0.11285,325
1018,1.00000,0.99779,0.09269,325
1019,1.00000,0.99848,0.11602,325
1020,1.00000,0.99840,0.11444,325
1021,1.00000,0.99704,0.11213,325
1022,1.00000,0.99782,0.09423,325
1023,1.00000,0.99758,0.09775,325
1024,1.00000,0.99708,0.14101,325
1025,1.00000,0.99577,0.14329,325
1026,1.00000,0.99654,0.09059,325
1027,1.00000,0.99370,0.05820,325
1028,1.00000,0.99423,0.10182,325
1029,1.00000,0.99550,0.13932,325
1030,1.00000,0.99658,0.10607,325
1031,1.00000,0.99744,0.10758,325
1032,1.00000,0.99598,0.16782,325
1033,1.00000,0.99748,0.13397,325
1034,1.00000,0.99312,0.07565,325
1035,1.00000,0.99753,0.11206,325
1036,1.00000,0.99801,0.08875,325
1037,1.00000,0.99510,0.04055,325
1038,1.00000,0.99631,0.08605,325
1039,1.00000,0.99675,0.11875,301
1140,1.00000,0.99982,0.11121,351
1141,1.00000,0.99968,0.11101,351
1142,1.00000,0.99956,0.11325,351
1143,1.00000,0.99909,0.11339,351
1144,1.00000,0.99928,0.11055,351
1145,1.00000,0.99886,0.10632,351
1146,1.00000,0.99935,0.11619,351
1147,1.00000,0.99756,0.11163,351
1148,1.00000,0.99776,0.09493,351
1149,1.00000,0.99820,0.07975,351
1150,1.00000,0.99729,0.09726,351
1151,1.00000,0.99697,0.13344,351
1152,1.00000,0.99738,0.10940,351
1153,1.00000,0.99781,0.11542,351
1154,1.00000,0.99546,0.13024,351
1155,1.00000,0.99723,0.11208,351
1156,1.00000,0.99556,0.10326,351
1157,1.00000,0.99619,0.08747,351
1158,1.00000,0.99236,0.06317,351
1159,1.00000,0.99487,0.06703,351
1160,1.00000,0.99126,0.06334,351
1161,1.00000,0.99324,0.10517,351
1162,1.00000,0.99589,0.12376,351
1163,1.00000,0.99340,0.12863,351
1164,1.00000,0.99453,0.13944,351
1165,1.00000,0.99676,0.14443,351
1166,1.00000,0.99760,0.10043,351
1167,1.00000,0.99774,0.09305,351
1168,1.00000,0.99719,0.11289,351
1169,1.00000,0.99747,0.11213,351
1170,1.00000,0.99796,0.10690,351
1171,1.00000,0.99778,0.07079,351
1172,1.00000,0.99711,0.05919,351
1173,1.00000,0.99710,0.08442,351
1174,1.00000,0.99776,0.08572,351
1175,1.00000,0.99727,0.10237,351
1176,1.00000,0.99740,0.12089,351
1177,1.00000,0.99767,0.11770,351
1178,1.00000,0.99838,0.11045,351
1179,1.00000,0.99833,0.11094,351
1180,1.00000,0.99656,0.10750,351
1181,1.00000,0.99508,0.06538,351
1182,1.00000,0.99334,0.04942,351
1183,1.00000,0.99471,0.11218,351
1184,1.00000,0.99725,0.11135,351
1185,1.00000,0.99775,0.10763,351
1186,1.00000,0.99748,0.13371,351
1187,1.00000,0.99850,0.11527,351
1188,1.00000,0.99826,0.10582,351
1189,1.00000,0.99745,0.11948,351
1190,1.00000,0.99836,0.09929,351
1191,1.00000,0.99807,0.08522,351
1192,1.00000,0.99719,0.12688,351
1193,1.00000,0.99803,0.13388,351
1194,1.00000,0.99822,0.11824,351
1195,1.00000,0.99745,0.11142,351
1196,1.00000,0.99814,0.09724,351
1197,1.00000,0.99663,0.07389,351
1198,1.00000,0.99839,0.10727,351
1199,1.00000,0.99724,0.10873,351
1200,1.00000,0.99884,0.09295,351
1201,1.00000,0.99797,0.11898,351
1202,1.00000,0.99795,0.13479,351
1203,1.00000,0.99699,0.11177,351
1204,1.00000,0.99673,0.11221,351
1205,1.00000,0.99502,0.09957,351
1206,1.00000,0.99652,0.05370,351
1207,1.00000,0.99605,0.08846,351
1208,1.00000,0.99666,0.13710,351
1209,1.00000,0.99664,0.11692,351
1210,1.00000,0.99709,0.10987,351
1211,1.00000,0.99647,0.13706,351
1212,1.00000,0.99681,0.14229,351
1213,1.00000,0.99704,0.12962,351
1214,1.00000,0.99803,0.13006,351
1215,1.00000,0.99721,0.11511,351
1216,1.00000,0.99519,0.08214,351
1217,1.00000,0.99449,0.07032,351
1218,1.00000,0.99674,0.05841,351
1219,1.00000,0.99733,0.09245,351
1220,1.00000,0.99693,0.08228,351
1221,1.00000,0.99663,0.07305,351
1222,1.00000,0.99701,0.07820,351
1223,1.00000,0.99470,0.08729,351
1224,1.00000,0.99728,0.14551,351
1225,1.00000,0.99667,0.11919,351
1226,1.00000,0.99699,0.07221,351
1227,1.00000,0.99774,0.10486,351
1228,1.00000,0.99802,0.13975,351
1229,1.00000,0.99772,0.11199,315
1330,1.00000,0.99983,0.11059,389
1331,1.00000,0.99977,0.10989,390
1332,1.00000,0.99978,0.10894,391
1333,1.00000,0.99939,0.10900,392
1334,1.00000,0.99939,0.11885,392
1335,1.00000,0.99893,0.11237,393
1336,1.00000,0.99871,0.09262,394
1337,1.00000,0.99904,0.08987,395
1338,1.00000,0.99916,0.11183,396
1339,1.00000,0.99844,0.10363,397
1340,1.00000,0.99915,0.09925,397
1341,1.00000,0.99928,0.11008,397
1342,1.00000,0.99825,0.12505,397
1343,1.00000,0.99822,0.10578,397
1344,1.00000,0.99851,0.10438,397
1345,1.00000,0.99764,0.13068,397
1346,1.00000,0.99808,0.11442,397
1347,1.00000,0.99817,0.07296,397
1348,1.00000,0.99736,0.06377,397
1349,1.00000,0.99676,0.09694,397
1350,1.00000,0.99816,0.10895,397
1351,1.00000,0.99789,0.10357,397
1352,1.00000,0.99721,0.12277,397
1353,1.00000,0.99784,0.12334,397
1354,1.00000,0.99704,0.10923,397
1355,1.00000,0.99736,0.11705,397
1356,1.00000,0.99711,0.15016,397
1357,1.00000,0.99793,0.12071,397
1358,1.00000,0.99748,0.09163,397
1359,1.00000,0.99834,0.12496,397
1360,1.00000,0.99692,0.11613,397
1361,1.00000,0.99717,0.10412,397
1362,1.00000,0.99802,0.10955,397
1363,1.00000,0.99781,0.12091,397
1364,1.00000,0.99731,0.13870,397
1365,1.00000,0.99832,0.13146,397
1366,1.00000,0.99801,0.09385,397
1367,1.00000,0.99867,0.09265,397
1368,1.00000,0.99856,0.11320,397
1369,1.00000,0.99738,0.10528,397
1370,1.00000,0.99807,0.09046,397
1371,1.00000,0.99846,0.09958,397
1372,1.00000,0.99819,0.10509,397
1373,1.00000,0.99698,0.11055,397
1374,1.00000,0.99540,0.12667,397
1375,1.00000,0.99886,0.12070,397
1376,1.00000,0.99846,0.11114,397
1377,1.00000,0.99876,0.12187,397
1378,1.00000,0.99698,0.10239,397
1379,1.00000,0.99687,0.13047,397
1380,1.00000,0.99620,0.14227,397
1381,1.00000,0.99527,0.13459,397
1382,1.00000,0.99765,0.15426,397
1383,1.00000,0.99579,0.11303,397
1384,1.00000,0.99713,0.09453,397
1385,1.00000,0.99804,0.08770,397
1386,1.00000,0.99738,0.07574,397
1387,1.00000,0.99488,0.10521,397
1388,1.00000,0.99195,0.17196,397
1389,1.00000,0.99603,0.17777,397
1390,1.00000,0.99532,0.10985,397
1391,1.00000,0.99766,0.10565,397
1392,1.00000,0.99599,0.11360,397
1393,1.00000,0.99475,0.06131,397
1394,1.00000,0.99396,0.03480,397
1395,1.00000,0.99733,0.08031,397
1396,1.00000,0.99841,0.10373,397
1397,1.00000,0.99784,0.10659,397
1398,1.00000,0.99813,0.10597,397
1399,1.00000,0.99850,0.11127,397
1400,1.00000,0.99811,0.10315,397
1401,1.00000,0.99734,0.09115,397
1402,1.00000,0.99704,0.11721,397
1403,1.00000,0.99722,0.12942,397
1404,1.00000,0.99617,0.09088,397
1405,1.00000,0.99659,0.09818,397
1406,1.00000,0.99756,0.10109,397
1407,1.00000,0.99651,0.11976,397
1408,1.00000,0.99694,0.13537,397
1409,1.00000,0.99686,0.12611,397
1410,1.00000,0.99778,0.11873,397
1411,1.00000,0.99782,0.12434,397
1412,1.00000,0.99671,0.14072,397
1413,1.00000,0.99692,0.13503,353
1514,1.00000,0.99966,0.10859,414
1515,1.00000,0.99918,0.10430,415
1516,1.00000,0.99769,0.08906,416
1517,1.00000,0.99687,0.09610,417
1518,1.00000,0.99728,0.10808,418
1519,1.00000,0.99727,0.11254,419
1520,1.00000,0.99705,0.10284,420
1521,1.00000,0.99814,0.08290,421
1522,1.00000,0.99769,0.09321,422
1523,1.00000,0.99792,0.12433,422
1524,1.00000,0.99814,0.11976,423
1525,1.00000,0.99775,0.09734,424
1526,1.00000,0.99751,0.09805,425
1527,1.00000,0.99826,0.11574,426
1528,1.00000,0.99810,0.11062,427
1529,1.00000,0.99861,0.11323,428
1530,1.00000,0.99853,0.11515,428
1531,1.00000,0.99630,0.09051,428
1532,1.00000,0.99697,0.12672,428
1533,1.00000,0.99559,0.12872,428
1534,1.00000,0.99708,0.09441,428
1535,1.00000,0.99683,0.10620,428
1536,1.00000,0.99766,0.10561,428
1537,1.00000,0.99805,0.09003,428
1538,1.00000,0.99805,0.08717,428
1539,1.00000,0.99860,0.11132,428
1540,1.00000,0.99831,0.11166,428
1541,1.00000,0.99889,0.08179,428
1542,1.00000,0.99862,0.09456,428
1543,1.00000,0.99789,0.10960,428
1544,1.00000,0.99748,0.09596,428
1545,1.00000,0.99690,0.11234,428
1546,1.00000,0.99684,0.13102,428
1547,1.00000,0.99682,0.14373,428
1548,1.00000,0.99714,0.11516,428
1549,1.00000,0.99770,0.09849,428
1550,1.00000,0.99815,0.12341,428
1551,1.00000,0.99772,0.09790,428
1552,1.00000,0.99739,0.07616,428
1553,1.00000,0.99802,0.07913,428
1554,1.00000,0.99797,0.10874,428
1555,1.00000,0.99837,0.14023,428
1556,1.00000,0.99713,0.11906,428
1557,1.00000,0.99529,0.11217,428
1558,1.00000,0.99496,0.12241,428
1559,1.00000,0.99603,0.11413,428
1560,1.00000,0.99306,0.06715,428
1561,1.00000,0.99198,0.08705,428
1562,1.00000,0.99450,0.08193,428
1563,1.00000,0.99484,0.07426,428
1564,1.00000,0.99744,0.12543,428
1565,1.00000,0.99772,0.13862,428
1566,1.00000,0.99793,0.10879,428
1567,1.00000,0.99782,0.10073,428
1568,1.00000,0.99860,0.13085,428
1569,1.00000,0.99910,0.11986,428
1570,1.00000,0.99828,0.09267,428
1571,1.00000,0.99725,0.11553,428
1572,1.00000,0.99764,0.12092,428
1573,1.00000,0.99812,0.08679,428
1574,1.00000,0.99816,0.10120,428
1575,1.00000,0.99838,0.12559,428
1576,1.00000,0.99836,0.12776,428
1577,1.00000,0.99858,0.12923,428
1578,1.00000,0.99789,0.13510,428
1579,1.00000,0.99847,0.12314,428
1580,1.00000,0.99727,0.09810,428
1581,1.00000,0.99727,0.09178,428
1582,1.00000,0.99636,0.08811,428
1583,1.00000,0.99666,0.11880,428
1584,1.00000,0.99503,0.12123,428
1585,1.00000,0.99616,0.13835,428
1586,1.00000,0.99543,0.13333,428
1587,1.00000,0.99482,0.12761,428
1588,1.00000,0.99540,0.17026,428
1589,1.00000,0.99296,0.12513,428
1590,1.00000,0.99514,0.11523,428
1591,1.00000,0.99044,0.15495,428
1592,1.00000,0.99172,0.15162,428
1593,1.00000,0.99160,0.11614,428
1594,1.00000,0.99449,0.07130,428
1595,1.00000,0.99562,0.08813,428
1596,1.00000,0.99706,0.08323,428
1597,1.00000,0.99711,0.09401,428
1598,1.00000,0.99488,0.10288,382
1699,1.00000,0.99891,0.10684,444
1700,1.00000,0.99765,0.09377,445
1701,1.00000,0.99795,0.07618,446
1702,1.00000,0.99627,0.06261,447
1703,1.00000,0.99619,0.09866,448
1704,1.00000,0.99752,0.09850,449
1705,1.00000,0.99808,0.06755,450
1706,1.00000,0.99782,0.09394,451
1707,1.00000,0.99876,0.13383,452
1708,1.00000,0.99714,0.10337,453
1709,1.00000,0.99665,0.09708,454
1710,1.00000,0.99595,0.13491,454
1711,1.00000,0.99714,0.14917,455
1712,1.00000,0.99759,0.11032,456
1713,1.00000,0.99817,0.07775,457
1714,1.00000,0.99740,0.06720,457
1715,1.00000,0.99878,0.09463,457
1716,1.00000,0.99872,0.10231,457
1717,1.00000,0.99929,0.10154,457
1718,1.00000,0.99821,0.11815,457
1719,1.00000,0.99867,0.13543,457
1720,1.00000,0.99816,0.13139,457
1721,1.00000,0.99824,0.12384,457
1722,1.00000,0.99849,0.11824,457
1723,1.00000,0.99800,0.10139,457
1724,1.00000,0.99849,0.09642,457
1725,1.00000,0.99857,0.10709,457
1726,1.00000,0.99871,0.10921,457
1727,1.00000,0.99801,0.10575,457
1728,1.00000,0.99800,0.12019,457
1729,1.00000,0.99827,0.11545,457
1730,1.00000,0.99889,0.09362,457
1731,1.00000,0.99836,0.09632,457
1732,1.00000,0.99847,0.11282,457
1733,1.00000,0.99728,0.10054,457
1734,1.00000,0.99772,0.10253,457
1735,1.00000,0.99737,0.10631,457
1736,1.00000,0.99755,0.08684,457
1737,1.00000,0.99759,0.12096,457
1738,1.00000,0.99843,0.13035,457
1739,1.00000,0.99830,0.10012,457
1740,1.00000,0.99750,0.12774,457
1741,1.00000,0.99638,0.09842,457
1742,1.00000,0.99706,0.04435,457
1743,1.00000,0.99720,0.09476,457
1744,1.00000,0.99551,0.11100,457
1745,1.00000,0.99755,0.05928,457
1746,1.00000,0.99665,0.07464,457
1747,1.00000,0.99839,0.12907,457
1748,1.00000,0.99714,0.10663,457
1749,1.00000,0.99771,0.07171,457
1750,1.00000,0.99705,0.09384,457
1751,1.00000,0.99808,0.10988,457
1752,1.00000,0.99758,0.09934,457
1753,1.00000,0.99826,0.11712,457
1754,1.00000,0.99765,0.12232,457
1755,1.00000,0.99890,0.10687,457
1756,1.00000,0.99754,0.09712,457
1757,1.00000,0.99721,0.10283,457
1758,1.00000,0.99671,0.11832,457
1759,1.00000,0.99542,0.12718,457
1760,1.00000,0.99626,0.11803,457
1761,1.00000,0.99750,0.12744,457
1762,1.00000,0.99742,0.12461,457
1763,1.00000,0.99552,0.13376,457
1764,1.00000,0.99724,0.12126,457
1765,1.00000,0.99776,0.07466,457
1766,1.00000,0.99679,0.09114,457
1767,1.00000,0.99678,0.14597,457
1768,1.00000,0.99687,0.15118,457
1769,1.00000,0.99741,0.11802,457
1770,1.00000,0.99771,0.11929,457
1771,1.00000,0.99834,0.11859,457
1772,1.00000,0.99776,0.10858,457
1773,1.00000,0.99850,0.10421,457
1774,1.00000,0.99866,0.09500,457
1775,1.00000,0.99807,0.10216,457
1776,1.00000,0.99862,0.09743,457
1777,1.00000,0.99857,0.10638,457
1778,1.00000,0.99620,0.09296,457
1779,1.00000,0.99544,0.06037,457
1780,1.00000,0.99558,0.05520,457
1781,1.00000,0.99590,0.06315,457
1782,1.00000,0.99329,0.06006,457
1783,1.00000,0.99516,0.05828,457
1784,1.00000,0.99492,0.06187,457
1785,1.00000,0.99478,0.07102,457
1786,1.00000,0.99547,0.10308,457
1787,1.00000,0.99773,0.10836,457
1788,1.00000,0.99870,0.10010,457
1789,1.00000,0.99844,0.10335,457
1790,1.00000,0.99624,0.09612,457
1791,1.00000,0.99824,0.06397,457
1792,1.00000,0.99738,0.06246,457
1793,1.00000,0.99768,0.09802,457
1794,1.00000,0.99537,0.09015,457
1795,1.00000,0.99516,0.02674,457
1796,1.00000,0.99519,0.02910,457
1797,1.00000,0.99632,0.11797,457
1798,1.00000,0.99479,0.12313,457
1799,1.00000,0.99428,0.08530,457
1800,1.00000,0.99623,0.13939,457
1801,1.00000,0.99500,0.17095,457
1802,1.00000,0.99698,0.13549,457
1803,1.00000,0.99679,0.09839,457
1804,1.00000,0.99343,0.08724,457
1805,1.00000,0.99312,0.13765,457
1806,1.00000,0.99367,0.11746,457
1807,1.00000,0.99333,0.05210,457
1808,1.00000,0.99769,0.09744,457
1809,1.00000,0.99655,0.11147,457
1810,1.00000,0.99522,0.08610,457
1811,1.00000,0.99733,0.07203,457
1812,1.00000,0.99817,0.10122,457
1813,1.00000,0.99871,0.09780,457
1814,1.00000,0.99832,0.08179,458
1815,1.00000,0.99705,0.11211,459
1816,1.00000,0.99725,0.10892,460
1817,1.00000,0.99767,0.07266,461
1818,1.00000,0.99813,0.09709,462
1819,1.00000,0.99896,0.09781,463
1820,1.00000,0.99848,0.07994,464
1821,1.00000,0.99890,0.11108,465
1822,1.00000,0.99831,0.12553,466
1823,1.00000,0.99853,0.11108,467
1824,1.00000,0.99796,0.09779,468
1825,1.00000,0.99816,0.10739,469
1826,1.00000,0.99785,0.10267,469
1827,1.00000,0.99778,0.10865,470
1828,1.00000,0.99649,0.12732,470
1829,1.00000,0.99577,0.12425,471
1830,1.00000,0.99401,0.09322,472
1831,1.00000,0.99510,0.13967,473
1832,1.00000,0.99587,0.15483,474
1833,1.00000,0.99645,0.08852,475
1834,1.00000,0.99732,0.08961,475
1835,1.00000,0.99775,0.12062,476
1836,1.00000,0.99782,0.09418,477
1837,1.00000,0.99792,0.07852,477
1838,1.00000,0.99797,0.11506,478
1839,1.00000,0.99768,0.11014,479
1840,1.00000,0.99796,0.07014,480
1841,1.00000,0.99826,0.07587,481
1842,1.00000,0.99800,0.09717,482
1843,1.00000,0.99860,0.08913,483
1844,1.00000,0.99880,0.10559,484
1845,1.00000,0.99818,0.12899,485
1846,1.00000,0.99816,0.12544,486
1847,1.00000,0.99780,0.10181,487
1848,1.00000,0.99775,0.09058,488
1849,1.00000,0.99764,0.09936,489
1850,1.00000,0.99786,0.10285,490
1851,1.00000,0.99784,0.09923,491
1852,1.00000,0.99798,0.10921,492
1853,1.00000,0.99812,0.11692,493
1854,1.00000,0.99786,0.12216,494
1855,1.00000,0.99853,0.11767,495
1856,1.00000,0.99840,0.10363,496
1857,1.00000,0.99656,0.08961,497
1858,1.00000,0.99796,0.05964,498
1859,1.00000,0.99648,0.04952,499
1860,1.00000,0.99286,0.07479,500
1861,1.00000,0.99604,0.08170,501
1862,1.00000,0.99619,0.08823,502
1863,1.00000,0.99674,0.12411,503
1864,1.00000,0.99776,0.13513,504
1865,1.00000,0.99741,0.10222,505
1866,1.00000,0.99664,0.10813,506
1867,1.00000,0.99761,0.10732,507
1868,1.00000,0.99645,0.07728,507
1869,1.00000,0.99624,0.08429,508
1870,1.00000,0.99581,0.09113,509
1871,1.00000,0.99402,0.06314,510
1872,1.00000,0.99717,0.04940,511
1873,1.00000,0.99750,0.04648,512
1874,1.00000,0.99664,0.07860,512
1875,1.00000,0.99545,0.11550,513
1876,1.00000,0.99586,0.09657,514
1877,1.00000,0.99374,0.06812,515
1878,1.00000,0.99752,0.08977,516
1879,1.00000,0.99830,0.09742,517
1880,1.00000,0.99805,0.09787,518
1881,1.00000,0.99786,0.11342,518
1882,1.00000,0.99793,0.12164,519
1883,1.00000,0.99649,0.15252,520
1884,1.00000,0.99814,0.15403,521
1885,1.00000,0.99468,0.13116,522
1886,1.00000,0.99523,0.14295,523
1887,1.00000,0.99620,0.09413,524
1888,1.00000,0.99438,0.04327,525
1889,1.00000,0.99682,0.04658,525
1890,1.00000,0.99509,0.08590,526
1891,1.00000,0.99585,0.12297,527
1892,1.00000,0.99623,0.13202,528
1893,1.00000,0.99670,0.10903,529
1894,1.00000,0.99205,0.07714,529
1895,1.00000,0.99531,0.11770,530
1896,1.00000,0.99507,0.08890,531
1897,1.00000,0.99300,0.00458,532
1898,1.00000,0.99329,0.03991,533
1899,1.00000,0.99378,0.10035,533
1900,1.00000,0.99508,0.12624,533
1901,1.00000,0.99465,0.13984,533
1902,1.00000,0.99504,0.17588,533
1903,1.00000,0.99624,0.16483,533
1904,1.00000,0.99673,0.10050,533
1905,1.00000,0.99660,0.07249,533
1906,1.00000,0.99387,0.09001,533
1907,1.00000,0.99450,0.04301,533
1908,1.00000,0.99284,0.07104,533
1909,1.00000,0.99539,0.15045,533
1910,1.00000,0.99574,0.12439,533
1911,1.00000,0.99757,0.11778,533
1912,1.00000,0.99414,0.16575,533
1913,1.00000,0.99314,0.10829,533
1914,1.00000,0.99297,0.07663,533
1915,1.00000,0.99477,0.14835,533
1916,1.00000,0.99459,0.14099,533
1917,1.00000,0.99648,0.12649,533
1918,1.00000,0.99779,0.13829,533
1919,1.00000,0.99614,0.10241,533
1920,1.00000,0.99545,0.05537,533
1921,1.00000,0.99597,0.08295,533
1922,1.00000,0.99596,0.11473,533
1923,1.00000,0.99400,0.09369,533
1924,1.00000,0.99381,0.05592,533
1925,1.00000,0.99479,0.05334,533
1926,1.00000,0.99532,0.06485,533
1927,1.00000,0.99418,0.04156,533
1928,1.00000,0.99303,0.01463,533
1929,1.00000,0.99643,0.03579,533
1930,1.00000,0.99632,0.08436,533
1931,1.00000,0.99366,0.11351,533
1932,1.00000,0.99220,0.06736,533
1933,1.00000,0.99598,0.05521,533
1934,1.00000,0.99481,0.11309,533
1935,1.00000,0.99214,0.09781,533
1936,1.00000,0.99216,0.02220,533
1937,1.00000,0.98781,0.02890,533
1938,1.00000,0.99155,0.09141,533
1939,1.00000,0.99329,0.06040,479
2040,1.00000,0.99746,0.09240,517
2041,1.00000,0.99547,0.07572,518
2042,1.00000,0.99762,0.07007,519
2043,1.00000,0.99674,0.09473,519
2044,1.00000,0.99533,0.11366,520
2045,1.00000,0.99552,0.10538,521
2046,1.00000,0.99542,0.09199,522
2047,1.00000,0.99801,0.11798,523
2048,1.00000,0.99761,0.12022,524
2049,1.00000,0.99758,0.10300,525
2050,1.00000,0.99815,0.10376,526
2051,1.00000,0.99782,0.10902,527
2052,1.00000,0.99734,0.09603,528
2053,1.00000,0.99662,0.06858,529
2054,1.00000,0.99735,0.08562,530
2055,1.00000,0.99776,0.11220,531
2056,1.00000,0.99757,0.09334,532
2057,1.00000,0.99837,0.10199,533
2058,1.00000,0.99888,0.12598,534
2059,1.00000,0.99795,0.13618,535
2060,1.00000,0.99746,0.14816,536
2061,1.00000,0.99744,0.13201,537
2062,1.00000,0.99606,0.10979,538
2063,1.00000,0.99728,0.09585,539
2064,1.00000,0.99796,0.09160,540
2065,1.00000,0.99838,0.08928,540
2066,1.00000,0.99835,0.10518,541
2067,1.00000,0.99862,0.12370,542
2068,1.00000,0.99823,0.12201,543
2069,1.00000,0.99762,0.12597,544
2070,1.00000,0.99828,0.11353,545
2071,1.00000,0.99878,0.08842,546
2072,1.00000,0.99700,0.10283,547
2073,1.00000,0.99741,0.11499,548
2074,1.00000,0.99782,0.10323,549
2075,1.00000,0.99834,0.10452,549
2076,1.00000,0.99771,0.13401,550
2077,1.00000,0.99660,0.13229,551
2078,1.00000,0.99728,0.13472,552
2079,1.00000,0.99809,0.11736,553
2080,1.00000,0.99788,0.08588,554
2081,1.00000,0.99832,0.10353,555
2082,1.00000,0.99857,0.11670,556
2083,1.00000,0.99805,0.09598,557
2084,1.00000,0.99803,0.10856,558
2085,1.00000,0.99774,0.15140,559
2086,1.00000,0.99736,0.15250,560
2087,1.00000,0.99754,0.10607,561
2088,1.00000,0.99816,0.09809,562
2089,1.00000,0.99842,0.11577,562
2090,1.00000,0.99824,0.09734,563
2091,1.00000,0.99737,0.07484,564
2092,1.00000,0.99645,0.09155,565
2093,1.00000,0.99807,0.09802,566
2094,1.00000,0.99760,0.08762,567
2095,1.00000,0.99828,0.11487,568
2096,1.00000,0.99905,0.10838,569
2097,1.00000,0.99854,0.11061,570
2098,1.00000,0.99810,0.12754,571
2099,1.00000,0.99711,0.10056,572
2100,1.00000,0.99701,0.07384,573
2101,1.00000,0.99704,0.07850,574
2102,1.00000,0.99782,0.09353,575
2103,1.00000,0.99705,0.09616,576
2104,1.00000,0.99762,0.08209,577
2105,1.00000,0.99749,0.07904,578
2106,1.00000,0.99839,0.09118,579
2107,1.00000,0.99836,0.10559,580
2108,1.00000,0.99760,0.12494,581
2109,1.00000,0.99808,0.11770,582
2110,1.00000,0.99692,0.12353,583
2111,1.00000,0.99639,0.12787,584
2112,1.00000,0.99777,0.09169,585
2113,1.00000,0.99691,0.06520,586
2114,1.00000,0.99692,0.08772,586
2115,1.00000,0.99725,0.05889,587
2116,1.00000,0.99624,0.02518,588
2117,1.00000,0.99594,0.08552,589
2118,1.00000,0.99655,0.11919,590
2119,1.00000,0.99746,0.09965,591
2120,1.00000,0.99832,0.10726,592
2121,1.00000,0.99692,0.09045,593
2122,1.00000,0.99797,0.09607,594
2123,1.00000,0.99720,0.11660,595
2124,1.00000,0.99843,0.11415,596
2125,1.00000,0.99834,0.13027,597
2126,1.00000,0.99812,0.10211,598
2127,1.00000,0.99853,0.09790,599
2128,1.00000,0.99739,0.11621,600
2129,1.00000,0.99745,0.11515,601
2130,1.00000,0.99805,0.09114,602
2131,1.00000,0.99835,0.09876,603
2132,1.00000,0.99553,0.12560,604
2133,1.00000,0.99594,0.10707,605
2134,1.00000,0.99535,0.09190,606
2135,1.00000,0.99761,0.10859,606
2136,1.00000,0.99640,0.11048,607
2137,1.00000,0.99746,0.09564,607
2138,1.00000,0.99781,0.08516,608
2139,1.00000,0.99816,0.10052,609
2140,1.00000,0.99733,0.10033,610
2141,1.00000,0.99756,0.07568,611
2142,1.00000,0.99751,0.04935,551
2243,1.00000,0.99982,0.11244,629
2244,1.00000,0.99846,0.10334,629
2245,1.00000,0.99798,0.10140,629
2246,1.00000,0.99896,0.08480,629
2247,1.00000,0.99832,0.07576,629
2248,1.00000,0.99833,0.08965,629
2249,1.00000,0.99781,0.09180,629
2250,1.00000,0.99846,0.09406,629
2251,1.00000,0.99872,0.09691,629
2252,1.00000,0.99801,0.10638,629
2253,1.00000,0.99769,0.09817,629
2254,1.00000,0.99868,0.09244,629
2255,1.00000,0.99888,0.09326,629
2256,1.00000,0.99889,0.07913,629
2257,1.00000,0.99846,0.09389,629
2258,1.00000,0.99885,0.09697,629
2259,1.00000,0.99852,0.08660,629
2260,1.00000,0.99886,0.10919,629
2261,1.00000,0.99788,0.07023,629
2262,1.00000,0.99749,0.09448,629
2263,1.00000,0.99794,0.08145,629
2264,1.00000,0.99867,0.09026,629
2265,1.00000,0.99912,0.09989,629
2266,1.00000,0.99858,0.10106,629
2267,1.00000,0.99806,0.11243,629
2268,1.00000,0.99788,0.10551,629
2269,1.00000,0.99795,0.08636,629
2270,1.00000,0.99772,0.08782,629
2271,1.00000,0.99730,0.06406,629
2272,1.00000,0.99741,0.09654,629
2273,1.00000,0.99647,0.10181,629
2274,1.00000,0.99771,0.08955,629
2275,1.00000,0.99784,0.09404,629
2276,1.00000,0.99728,0.06877,629
2277,1.00000,0.99759,0.09254,629
2278,1.00000,0.99819,0.06968,629
2279,1.00000,0.99772,0.10276,629
2280,1.00000,0.99712,0.08457,629
2281,1.00000,0.99730,0.09684,629
2282,1.00000,0.99781,0.06768,629
2283,1.00000,0.99710,0.07777,629
2284,1.00000,0.99734,0.07492,629
2285,1.00000,0.99754,0.07779,629
2286,1.00000,0.99706,0.07810,629
2287,1.00000,0.99641,0.07133,629
2288,1.00000,0.99792,0.09758,629
2289,1.00000,0.99710,0.09931,629
2290,1.00000,0.99720,0.09141,629
2291,1.00000,0.99745,0.10084,629
2292,1.00000,0.99807,0.09294,629
2293,1.00000,0.99769,0.06558,629
2294,1.00000,0.99737,0.07762,629
2295,1.00000,0.99628,0.05446,629
2296,1.00000,0.99655,0.08778,629
2297,1.00000,0.99526,0.03530,629
2298,1.00000,0.99627,0.06660,629
2299,1.00000,0.99655,0.05220,629
2300,1.00000,0.99430,0.06344,629
2301,1.00000,0.99570,0.08855,629
2302,1.00000,0.99756,0.04781,629
2303,1.00000,0.99825,0.08397,629
2304,1.00000,0.99772,0.08382,629
2305,1.00000,0.99756,0.07432,629
2306,1.00000,0.99688,0.10864,629
2307,1.00000,0.99795,0.09631,629
2308,1.00000,0.99827,0.09587,629
2309,1.00000,0.99805,0.08153,629
2310,1.00000,0.99889,0.07769,629
2311,1.00000,0.99819,0.09169,629
2312,1.00000,0.99764,0.08432,629
2313,1.00000,0.99777,0.10014,629
2314,1.00000,0.99284,0.04701,629
2315,1.00000,0.99077,0.08132,629
2316,1.00000,0.99122,0.00108,629
2317,1.00000,0.99411,0.04557,629
2318,1.00000,0.99561,0.04665,629
2319,1.00000,0.99605,0.05881,629
2320,1.00000,0.99761,0.09130,629
2321,1.00000,0.99720,0.09622,629
2322,1.00000,0.99718,0.12517,629
2323,1.00000,0.99682,0.11416,629
2324,1.00000,0.99891,0.10231,629
2325,1.00000,0.99853,0.06865,629
2326,1.00000,0.99765,0.05073,629
2327,1.00000,0.99798,0.05436,629
2328,1.00000,0.99815,0.05557,629
2329,1.00000,0.99883,0.08934,629
2330,1.00000,0.99773,0.10348,629
2331,1.00000,0.99761,0.11362,629
2332,1.00000,0.99682,0.10707,629
2333,1.00000,0.99737,0.07073,629
2334,1.00000,0.99768,0.04790,629
2335,1.00000,0.99746,0.07627,629
2336,1.00000,0.99767,0.06076,629
2337,1.00000,0.99551,0.04442,629
2338,1.00000,0.99620,0.07587,629
2339,1.00000,0.99415,0.03254,629
2340,1.00000,0.99238,0.08307,630
2341,1.00000,0.99517,0.06072,631
2342,1.00000,0.99605,0.04667,632
2343,1.00000,0.99733,0.08992,633
2344,1.00000,0.99619,0.09155,634
2345,1.00000,0.99596,0.07655,634
2346,1.00000,0.99744,0.07273,635
2347,1.00000,0.99740,0.07162,635
2348,1.00000,0.99742,0.09775,636
2349,1.00000,0.99795,0.08000,637
2350,1.00000,0.99870,0.09113,638
2351,1.00000,0.99896,0.08858,639
2352,1.00000,0.99826,0.09620,640
2353,1.00000,0.99874,0.08003,641
2354,1.00000,0.99886,0.07618,642
2355,1.00000,0.99888,0.07145,643
2356,1.00000,0.99856,0.08253,644
2357,1.00000,0.99860,0.09076,645
2358,1.00000,0.99815,0.09347,646
2359,1.00000,0.99933,0.10657,647
2360,1.00000,0.99818,0.08559,648
2361,1.00000,0.99678,0.08566,648
2362,1.00000,0.99769,0.09066,649
2363,1.00000,0.99681,0.06627,649
2364,1.00000,0.99687,0.08575,650
2365,1.00000,0.99747,0.07667,651
2366,1.00000,0.99757,0.09966,652
2367,1.00000,0.99754,0.09749,653
2368,1.00000,0.99669,0.09886,654
2369,1.00000,0.99738,0.09020,655
2370,1.00000,0.99731,0.07185,656
2371,1.00000,0.99812,0.06648,657
2372,1.00000,0.99820,0.06902,658
2373,1.00000,0.99839,0.08845,659
2374,1.00000,0.99807,0.06753,660
2375,1.00000,0.99860,0.10071,661
2376,1.00000,0.99683,0.08471,662
2377,1.00000,0.99729,0.10009,663
2378,1.00000,0.99776,0.07570,663
2379,1.00000,0.99806,0.09499,664
2380,1.00000,0.99775,0.09780,665
2381,1.00000,0.99813,0.10387,666
2382,1.00000,0.99832,0.09835,667
2383,1.00000,0.99815,0.10692,668
2384,1.00000,0.99794,0.10113,669
2385,1.00000,0.99794,0.09522,669
2386,1.00000,0.99758,0.06613,669
2387,1.00000,0.99729,0.07945,670
2388,1.00000,0.99764,0.08072,671
2389,1.00000,0.99691,0.04541,672
2390,1.00000,0.99856,0.08532,673
2391,1.00000,0.99752,0.07886,674
2392,1.00000,0.99767,0.08963,674
2393,1.00000,0.99828,0.08689,675
2394,1.00000,0.99847,0.09880,676
2395,1.00000,0.99851,0.09128,677
2396,1.00000,0.99749,0.06699,678
2397,1.00000,0.99702,0.05375,679
2398,1.00000,0.99513,0.05308,680
2399,1.00000,0.99571,0.07860,681
2400,1.00000,0.99684,0.04269,682
2401,1.00000,0.99667,0.08110,683
2402,1.00000,0.99643,0.09556,684
2403,1.00000,0.99719,0.10086,685
2404,1.00000,0.99779,0.08925,686
2405,1.00000,0.99824,0.09250,687
2406,1.00000,0.99914,0.07067,688
2407,1.00000,0.99896,0.08351,689
2408,1.00000,0.99846,0.07628,690
2409,1.00000,0.99807,0.07952,691
2410,1.00000,0.99789,0.08039,692
2411,1.00000,0.99775,0.09448,693
2412,1.00000,0.99627,0.06596,694
2413,1.00000,0.99792,0.07925,695
2414,1.00000,0.99814,0.05562,695
2415,1.00000,0.99728,0.07574,696
2416,1.00000,0.99843,0.07997,697
2417,1.00000,0.99853,0.07857,698
2418,1.00000,0.99808,0.07976,699
2419,1.00000,0.99800,0.07161,700
2420,1.00000,0.99874,0.08201,701
2421,1.00000,0.99819,0.08711,702
2422,1.00000,0.99802,0.08964,703
2423,1.00000,0.99800,0.07706,704
2424,1.00000,0.99847,0.07943,705
2425,1.00000,0.99785,0.06463,706
2426,1.00000,0.99864,0.08863,707
2427,1.00000,0.99786,0.06486,708
2428,1.00000,0.99722,0.05785,709
2429,1.00000,0.99699,0.05045,710
2430,1.00000,0.99761,0.08958,711
2431,1.00000,0.99762,0.07320,712
2432,1.00000,0.99776,0.08214,712
2433,1.00000,0.99793,0.09297,713
2434,1.00000,0.99800,0.07094,714
2435,1.00000,0.99830,0.07637,715
2436,1.00000,0.99702,0.05524,716
2437,1.00000,0.99657,0.03595,717
2438,1.00000,0.98925,0.02659,718
2439,1.00000,0.99254,0.06947,718
2440,1.00000,0.99616,0.02972,719
2441,1.00000,0.99737,0.06832,720
2442,1.00000,0.99808,0.06172,721
2443,1.00000,0.99766,0.09401,721
2444,1.00000,0.99756,0.11129,721
2445,1.00000,0.99821,0.10026,721
2446,1.00000,0.99876,0.10146,721
2447,1.00000,0.99893,0.09113,721
2448,1.00000,0.99836,0.07905,721
2449,1.00000,0.99832,0.07201,650
2550,1.00000,0.99978,0.11191,657
2551,1.00000,0.99919,0.10839,658
2552,1.00000,0.99800,0.09605,659
2553,1.00000,0.99745,0.10498,660
2554,1.00000,0.99837,0.05920,661
2555,1.00000,0.99707,0.08713,661
2556,1.00000,0.99716,0.08612,661
2557,1.00000,0.99761,0.08867,662
2558,1.00000,0.99814,0.09743,662
2559,1.00000,0.99784,0.11051,663
2560,1.00000,0.99640,0.10044,664
2561,1.00000,0.99715,0.10680,665
2562,1.00000,0.99774,0.10857,666
2563,1.00000,0.99799,0.09142,667
2564,1.00000,0.99843,0.06343,668
2565,1.00000,0.99807,0.09367,669
2566,1.00000,0.99769,0.06079,670
2567,1.00000,0.99759,0.08458,671
2568,1.00000,0.99750,0.05776,672
2569,1.00000,0.99760,0.07666,672
2570,1.00000,0.99760,0.07545,672
2571,1.00000,0.99867,0.09957,673
2572,1.00000,0.99697,0.08983,674
2573,1.00000,0.99840,0.09151,675
2574,1.00000,0.99842,0.08864,676
2575,1.00000,0.99860,0.09145,677
2576,1.00000,0.99834,0.06662,678
2577,1.00000,0.99771,0.08763,679
2578,1.00000,0.99814,0.06521,680
2579,1.00000,0.99756,0.10028,681
2580,1.00000,0.99750,0.08782,682
2581,1.00000,0.99845,0.10625,683
2582,1.00000,0.99839,0.09508,684
2583,1.00000,0.99853,0.09657,685
2584,1.00000,0.99781,0.07309,686
2585,1.00000,0.99719,0.08375,687
2586,1.00000,0.99841,0.06804,688
2587,1.00000,0.99797,0.06966,689
2588,1.00000,0.99857,0.08366,690
2589,1.00000,0.99893,0.08817,691
2590,1.00000,0.99865,0.10407,692
2591,1.00000,0.99816,0.10031,693
2592,1.00000,0.99771,0.10684,694
2593,1.00000,0.99817,0.10616,695
2594,1.00000,0.99712,0.06729,696
2595,1.00000,0.99654,0.07419,697
2596,1.00000,0.99718,0.04733,698
2597,1.00000,0.99793,0.09095,699
2598,1.00000,0.99797,0.08906,700
2599,1.00000,0.99801,0.11222,701
2600,1.00000,0.99844,0.12337,702
2601,1.00000,0.99848,0.11766,703
2602,1.00000,0.99843,0.10535,704
2603,1.00000,0.99659,0.08330,704
2604,1.00000,0.99708,0.07700,705
2605,1.00000,0.99832,0.05256,706
2606,1.00000,0.99710,0.05530,707
2607,1.00000,0.99808,0.07324,708
2608,1.00000,0.99822,0.04221,709
2609,1.00000,0.99782,0.10555,710
2610,1.00000,0.99659,0.10967,711
2611,1.00000,0.99728,0.12579,712
2612,1.00000,0.99874,0.11229,713
2613,1.00000,0.99899,0.08806,714
2614,1.00000,0.99866,0.08517,715
2615,1.00000,0.99814,0.06959,716
2616,1.00000,0.99894,0.06316,717
2617,1.00000,0.99902,0.08066,718
2618,1.00000,0.99879,0.07630,719
2619,1.00000,0.99848,0.09642,720
2620,1.00000,0.99773,0.05948,720
2621,1.00000,0.99780,0.08911,721
2622,1.00000,0.99862,0.07276,722
2623,1.00000,0.99744,0.05739,723
2624,1.00000,0.99813,0.07725,724
2625,1.00000,0.99758,0.05799,725
2626,1.00000,0.99819,0.08940,726
2627,1.00000,0.99777,0.07207,727
2628,1.00000,0.99809,0.06320,728
2629,1.00000,0.99735,0.06051,729
2630,1.00000,0.99758,0.05062,730
2631,1.00000,0.99804,0.05518,731
2632,1.00000,0.99794,0.07471,732
2633,1.00000,0.99800,0.08290,733
2634,1.00000,0.99757,0.08767,734
2635,1.00000,0.99800,0.08609,735
2636,1.00000,0.99845,0.09467,736
2637,1.00000,0.99813,0.09252,737
2638,1.00000,0.99619,0.09397,738
2639,1.00000,0.99568,0.11027,739
2640,1.00000,0.99707,0.10838,740
2641,1.00000,0.99277,0.06628,741
2642,1.00000,0.99536,0.06923,741
2643,1.00000,0.99539,0.04214,742
2644,1.00000,0.99569,0.03659,743
2645,1.00000,0.99700,0.04850,744
2646,1.00000,0.99640,0.08333,744
2647,1.00000,0.99493,0.10867,744
2648,1.00000,0.99673,0.08646,745
2649,1.00000,0.99723,0.08075,746
2650,1.00000,0.99786,0.08802,747
2651,1.00000,0.99545,0.03672,748
2652,1.00000,0.99489,0.04291,749
2653,1.00000,0.99380,0.00058,750
2654,1.00000,0.99316,0.01456,751
2655,1.00000,0.99581,0.03960,752
2656,1.00000,0.99740,0.05955,753
2657,1.00000,0.99767,0.08269,754
2658,1.00000,0.99798,0.09768,755
2659,1.00000,0.99828,0.11333,756
2660,1.00000,0.99747,0.10084,757
2661,1.00000,0.99777,0.09042,758
2662,1.00000,0.99688,0.06383,759
2663,1.00000,0.99674,0.06256,760
2664,1.00000,0.99686,0.03677,761
2665,1.00000,0.99744,0.06648,762
2666,1.00000,0.99723,0.07871,763
2667,1.00000,0.99695,0.08577,763
2668,1.00000,0.99738,0.08280,764
2669,1.00000,0.99733,0.05050,765
2670,1.00000,0.99717,0.07076,766
2671,1.00000,0.99724,0.10420,767
2672,1.00000,0.99817,0.08962,768
2673,1.00000,0.99871,0.07254,769
2674,1.00000,0.99844,0.07059,770
2675,1.00000,0.99854,0.08127,771
2676,1.00000,0.99815,0.06381,696
2777,1.00000,0.99891,0.09800,752
2778,1.00000,0.99879,0.10486,752
2779,1.00000,0.99884,0.08894,752
2780,1.00000,0.99819,0.08505,752
2781,1.00000,0.99850,0.09773,752
2782,1.00000,0.99792,0.06930,752
2783,1.00000,0.99833,0.09238,752
2784,1.00000,0.99899,0.07227,752
2785,1.00000,0.99831,0.08729,752
2786,1.00000,0.99856,0.08479,752
2787,1.00000,0.99866,0.08917,752
2788,1.00000,0.99904,0.08633,752
2789,1.00000,0.99925,0.08823,752
2790,1.00000,0.99877,0.09323,752
2791,1.00000,0.99824,0.07801,752
2792,1.00000,0.99819,0.08717,752
2793,1.00000,0.99806,0.07977,752
2794,1.00000,0.99804,0.07832,752
2795,1.00000,0.99677,0.07263,752
2796,1.00000,0.99707,0.08609,752
2797,1.00000,0.99361,0.01874,752
2798,1.00000,0.99393,0.05196,752
2799,1.00000,0.99500,0.05416,752
2800,1.00000,0.99696,0.06684,752
2801,1.00000,0.99818,0.06486,752
2802,1.00000,0.99824,0.08325,752
2803,1.00000,0.99839,0.09987,752
2804,1.00000,0.99882,0.10103,752
2805,1.00000,0.99798,0.09491,752
2806,1.00000,0.99852,0.09261,752
2807,1.00000,0.99805,0.07822,752
2808,1.00000,0.99608,0.07934,752
2809,1.00000,0.99810,0.05786,752
2810,1.00000,0.99792,0.03352,752
2811,1.00000,0.99755,0.08570,752
2812,1.00000,0.99772,0.07962,752
2813,1.00000,0.99858,0.07868,752
2814,1.00000,0.99766,0.07343,752
2815,1.00000,0.99833,0.08418,752
2816,1.00000,0.99868,0.07555,752
2817,1.00000,0.99828,0.08209,752
2818,1.00000,0.99850,0.07623,752
2819,1.00000,0.99818,0.08137,752
2820,1.00000,0.99878,0.07780,752
2821,1.00000,0.99709,0.06494,752
2822,1.00000,0.99655,0.07532,752
2823,1.00000,0.99856,0.03033,752
2824,1.00000,0.99788,0.06039,752
2825,1.00000,0.99737,0.07675,752
2826,1.00000,0.99787,0.08493,752
2827,1.00000,0.99792,0.07505,752
2828,1.00000,0.99777,0.10734,752
2829,1.00000,0.99804,0.10844,752
2830,1.00000,0.99749,0.09472,752
2831,1.00000,0.99846,0.07601,752
2832,1.00000,0.99819,0.05209,752
2833,1.00000,0.99769,0.08165,752
2834,1.00000,0.99743,0.06621,752
2835,1.00000,0.99745,0.04724,752
2836,1.00000,0.99709,0.06386,752
2837,1.00000,0.99763,0.06174,752
2838,1.00000,0.99750,0.07481,752
2839,1.00000,0.99792,0.07424,752
2840,1.00000,0.99617,0.09176,752
2841,1.00000,0.99715,0.06002,752
2842,1.00000,0.99850,0.08002,752
2843,1.00000,0.99825,0.06338,752
2844,1.00000,0.99785,0.07930,752
2845,1.00000,0.99877,0.09022,752
2846,1.00000,0.99808,0.09587,752
2847,1.00000,0.99743,0.10045,752
2848,1.00000,0.99848,0.08907,752
2849,1.00000,0.99811,0.06619,752
2850,1.00000,0.99898,0.08316,753
2851,1.00000,0.99733,0.07247,754
2852,1.00000,0.99734,0.06149,755
2853,1.00000,0.99711,0.03423,756
2854,1.00000,0.99776,0.06590,757
2855,1.00000,0.99838,0.07261,758
2856,1.00000,0.99731,0.08850,759
2857,1.00000,0.99759,0.08020,760
2858,1.00000,0.99704,0.09598,761
2859,1.00000,0.99580,0.06832,761
2860,1.00000,0.99795,0.08641,762
2861,1.00000,0.99777,0.06262,762
2862,1.00000,0.99786,0.08043,762
2863,1.00000,0.99818,0.08126,763
2864,1.00000,0.99865,0.06911,764
2865,1.00000,0.99817,0.08905,765
2866,1.00000,0.99785,0.07747,766
2867,1.00000,0.99761,0.07870,767
2868,1.00000,0.99790,0.05668,695
2969,1.00000,0.99985,0.10657,779
2970,1.00000,0.99967,0.10664,779
2971,1.00000,0.99880,0.08857,780
2972,1.00000,0.99915,0.10360,781
2973,1.00000,0.99848,0.08004,782
2974,1.00000,0.99781,0.08910,783
2975,1.00000,0.99769,0.09914,783
2976,1.00000,0.99811,0.07307,784
2977,1.00000,0.99799,0.09402,784
2978,1.00000,0.99852,0.09752,784
2979,1.00000,0.99885,0.08819,784
2980,1.00000,0.99830,0.10230,784
2981,1.00000,0.99803,0.07261,784
2982,1.00000,0.99865,0.09190,784
2983,1.00000,0.99675,0.04865,784
2984,1.00000,0.99746,0.07932,784
2985,1.00000,0.99790,0.05671,784
2986,1.00000,0.99623,0.07815,784
2987,1.00000,0.99652,0.10427,784
2988,1.00000,0.99731,0.08852,784
2989,1.00000,0.99812,0.12407,784
2990,1.00000,0.99856,0.11353,784
2991,1.00000,0.99882,0.08948,784
2992,1.00000,0.99811,0.05463,784
2993,1.00000,0.99719,0.06526,784
2994,1.00000,0.99784,0.05256,784
2995,1.00000,0.99805,0.06375,784
2996,1.00000,0.99860,0.07257,784
2997,1.00000,0.99834,0.10091,784
2998,1.00000,0.99724,0.09021,784
2999,1.00000,0.99779,0.10105,784
3000,1.00000,0.99841,0.07941,784
3001,1.00000,0.99676,0.08421,784
3002,1.00000,0.99684,0.09079,784
3003,1.00000,0.99702,0.03896,784
3004,1.00000,0.99684,0.09211,784
3005,1.00000,0.99762,0.07805,784
3006,1.00000,0.99658,0.09701,784
3007,1.00000,0.99690,0.10080,784
3008,1.00000,0.99743,0.11606,784
3009,1.00000,0.99833,0.08518,784
3010,1.00000,0.99848,0.06899,784
3011,1.00000,0.99818,0.07915,784
3012,1.00000,0.99769,0.06067,784
3013,1.00000,0.99627,0.08408,784
3014,1.00000,0.99720,0.05187,784
3015,1.00000,0.99751,0.06492,784
3016,1.00000,0.99751,0.09231,784
3017,1.00000,0.99795,0.07480,784
3018,1.00000,0.99871,0.10109,784
3019,1.00000,0.99633,0.07724,784
3020,1.00000,0.99681,0.07926,784
3021,1.00000,0.99781,0.07704,784
3022,1.00000,0.99824,0.07814,784
3023,1.00000,0.99750,0.07922,784
3024,1.00000,0.99794,0.09900,784
3025,1.00000,0.99826,0.11176,784
3026,1.00000,0.99805,0.10689,784
3027,1.00000,0.99758,0.09335,784
3028,1.00000,0.99778,0.08468,784
3029,1.00000,0.99806,0.03771,784
3030,1.00000,0.99773,0.07315,784
3031,1.00000,0.99767,0.05942,784
3032,1.00000,0.99771,0.08471,784
3033,1.00000,0.99824,0.10304,784
3034,1.00000,0.99816,0.10953,784
3035,1.00000,0.99731,0.10177,784
3036,1.00000,0.99742,0.06772,784
3037,1.00000,0.99738,0.04752,784
3038,1.00000,0.99697,0.03327,784
3039,1.00000,0.99712,0.04097,784
3040,1.00000,0.99690,0.06516,784
3041,1.00000,0.99685,0.08862,784
3042,1.00000,0.99593,0.09770,784
3043,1.00000,0.99646,0.07423,784
3044,1.00000,0.99719,0.09246,784
3045,1.00000,0.99774,0.09957,784
3046,1.00000,0.99775,0.06031,784
3047,1.00000,0.99720,0.06707,784
3048,1.00000,0.99690,0.07335,784
3049,1.00000,0.99814,0.05142,784
3050,1.00000,0.99868,0.08264,784
3051,1.00000,0.99861,0.10008,784
3052,1.00000,0.99873,0.09927,784
3053,1.00000,0.99825,0.10259,784
3054,1.00000,0.99761,0.10658,784
3055,1.00000,0.99771,0.08490,784
3056,1.00000,0.99789,0.07133,784
3057,1.00000,0.99744,0.04519,784
3058,1.00000,0.99828,0.04632,784
3059,1.00000,0.99834,0.06956,784
3060,1.00000,0.99716,0.06655,784
3061,1.00000,0.99705,0.08104,784
3062,1.00000,0.99749,0.12101,784
3063,1.00000,0.99714,0.09994,784
3064,1.00000,0.99777,0.09335,784
3065,1.00000,0.99690,0.05067,784
3066,1.00000,0.99547,0.05729,784
3067,1.00000,0.99730,0.03321,784
3068,1.00000,0.99612,0.07346,784
3069,1.00000,0.99775,0.09025,784
3070,1.00000,0.99719,0.09425,784
3071,1.00000,0.99740,0.09057,784
3072,1.00000,0.99747,0.07714,784
3073,1.00000,0.99850,0.08368,784
3074,1.00000,0.99825,0.07307,784
3075,1.00000,0.99854,0.07011,784
3076,1.00000,0.99848,0.08162,784
3077,1.00000,0.99775,0.07994,785
3078,1.00000,0.99788,0.08208,786
3079,1.00000,0.99770,0.07468,787
3080,1.00000,0.99821,0.08910,787
3081,1.00000,0.99817,0.09647,788
3082,1.00000,0.99785,0.07703,789
3083,1.00000,0.99814,0.08350,790
3084,1.00000,0.99884,0.09606,791
3085,1.00000,0.99880,0.05947,792
3086,1.00000,0.99858,0.06635,793
3087,1.00000,0.99746,0.08316,794
3088,1.00000,0.99370,0.05682,795
3089,1.00000,0.99610,0.05571,796
3090,1.00000,0.99718,0.01323,797
3091,1.00000,0.99491,0.05102,798
3092,1.00000,0.99391,0.06840,799
3093,1.00000,0.99520,0.03603,800
3094,1.00000,0.99676,0.10173,801
3095,1.00000,0.99622,0.09436,802
3096,1.00000,0.99787,0.08490,803
3097,1.00000,0.99884,0.08602,804
3098,1.00000,0.99811,0.06683,805
3099,1.00000,0.99808,0.08379,806
3100,1.00000,0.99799,0.07737,807
3101,1.00000,0.99863,0.08791,808
3102,1.00000,0.99912,0.06560,809
3103,1.00000,0.99784,0.06581,810
3104,1.00000,0.99621,0.06837,810
3105,1.00000,0.99576,0.07827,811
3106,1.00000,0.99629,0.02681,812
3107,1.00000,0.99600,0.06468,812
3108,1.00000,0.99591,0.03017,813
3109,1.00000,0.99679,0.06001,814
3110,1.00000,0.99711,0.05584,814
3111,1.00000,0.99808,0.05851,814
3112,1.00000,0.99820,0.07430,815
3113,1.00000,0.99797,0.08499,816
3114,1.00000,0.99882,0.08770,817
3115,1.00000,0.99855,0.07914,818
3116,1.00000,0.99908,0.09167,819
3117,1.00000,0.99908,0.09216,820
3118,1.00000,0.99835,0.07726,821
3119,1.00000,0.99835,0.07987,822
3120,1.00000,0.99912,0.08178,823
3121,1.00000,0.99802,0.07030,824
3122,1.00000,0.99855,0.08436,825
3123,1.00000,0.99846,0.09443,826
3124,1.00000,0.99882,0.08601,827
3125,1.00000,0.99863,0.06377,828
3126,1.00000,0.99808,0.05101,829
3127,1.00000,0.99815,0.05327,830
3128,1.00000,0.99848,0.08831,831
3129,1.00000,0.99800,0.08469,832
3130,1.00000,0.99887,0.07711,833
3131,1.00000,0.99768,0.06096,751
3232,1.00000,0.99952,0.10946,779
3233,1.00000,0.99943,0.10382,779
3234,1.00000,0.99910,0.10206,779
3235,1.00000,0.99861,0.08281,779
3236,1.00000,0.99904,0.08582,779
3237,1.00000,0.99895,0.08306,779
3238,1.00000,0.99870,0.07828,779
3239,1.00000,0.99847,0.10860,779
3240,1.00000,0.99881,0.10395,779
3241,1.00000,0.99932,0.11285,779
3242,1.00000,0.99921,0.10653,779
3243,1.00000,0.99713,0.09340,779
3244,1.00000,0.99801,0.06255,779
3245,1.00000,0.99798,0.07592,779
3246,1.00000,0.99809,0.06454,779
3247,1.00000,0.99768,0.07785,779
3248,1.00000,0.99775,0.08273,779
3249,1.00000,0.99780,0.09001,779
3250,1.00000,0.99888,0.08367,779
3251,1.00000,0.99830,0.10130,779
3252,1.00000,0.99795,0.07223,779
3253,1.00000,0.99672,0.07807,779
3254,1.00000,0.99774,0.07178,779
3255,1.00000,0.99827,0.08213,779
3256,1.00000,0.99807,0.08745,779
3257,1.00000,0.99756,0.11136,779
3258,1.00000,0.99751,0.10988,779
3259,1.00000,0.99770,0.09031,779
3260,1.00000,0.99819,0.06780,779
3261,1.00000,0.99721,0.07517,779
3262,1.00000,0.99709,0.06915,779
3263,1.00000,0.99702,0.05533,779
3264,1.00000,0.99823,0.08385,779
3265,1.00000,0.99754,0.10298,779
3266,1.00000,0.99888,0.09964,779
3267,1.00000,0.99849,0.10962,779
3268,1.00000,0.99819,0.10226,779
3269,1.00000,0.99815,0.10513,780
3270,1.00000,0.99846,0.07507,780
3271,1.00000,0.99832,0.08673,781
3272,1.00000,0.99784,0.06836,782
3273,1.00000,0.99775,0.09059,783
3274,1.00000,0.99838,0.09834,784
3275,1.00000,0.99784,0.08168,785
3276,1.00000,0.99810,0.06723,786
3277,1.00000,0.99802,0.08807,786
3278,1.00000,0.99745,0.05831,787
3279,1.00000,0.99776,0.08745,788
3280,1.00000,0.99800,0.09842,789
3281,1.00000,0.99729,0.10195,790
3282,1.00000,0.99856,0.08771,791
3283,1.00000,0.99794,0.09438,791
3284,1.00000,0.99836,0.08387,792
3285,1.00000,0.99915,0.08805,792
3286,1.00000,0.99871,0.07323,792
3287,1.00000,0.99895,0.08572,793
3288,1.00000,0.99898,0.09753,793
3289,1.00000,0.99786,0.08647,794
3290,1.00000,0.99799,0.09487,795
3291,1.00000,0.99856,0.07234,796
3292,1.00000,0.99756,0.09300,797
3293,1.00000,0.99785,0.06499,798
3294,1.00000,0.99808,0.08546,799
3295,1.00000,0.99751,0.10467,800
3296,1.00000,0.99829,0.09362,801
3297,1.00000,0.99885,0.08408,802
3298,1.00000,0.99870,0.06565,803
3299,1.00000,0.99828,0.08862,804
3300,1.00000,0.99780,0.08526,805
3301,1.00000,0.99818,0.07180,806
3302,1.00000,0.99862,0.08298,806
3303,1.00000,0.99778,0.10628,807
3304,1.00000,0.99799,0.10972,807
3305,1.00000,0.99751,0.10928,808
3306,1.00000,0.99646,0.06649,809
3307,1.00000,0.99817,0.06279,810
3308,1.00000,0.99672,0.06353,811
3309,1.00000,0.99696,0.08016,812
3310,1.00000,0.99684,0.09137,813
3311,1.00000,0.99691,0.06730,814
3312,1.00000,0.99799,0.07325,815
3313,1.00000,0.99720,0.08135,816
3314,1.00000,0.99747,0.09931,817
3315,1.00000,0.99772,0.09087,818
3316,1.00000,0.99785,0.05715,819
3317,1.00000,0.99875,0.07740,820
3318,1.00000,0.99802,0.07099,821
3319,1.00000,0.99753,0.08456,822
3320,1.00000,0.99774,0.08384,823
3321,1.00000,0.99789,0.08251,824
3322,1.00000,0.99701,0.04569,825
3323,1.00000,0.99735,0.04277,826
3324,1.00000,0.99866,0.03502,827
3325,1.00000,0.99733,0.05313,828
3326,1.00000,0.99802,0.08148,828
3327,1.00000,0.99734,0.08539,829
3328,1.00000,0.99835,0.09061,829
3329,1.00000,0.99766,0.08362,830
3330,1.00000,0.99714,0.08917,830
3331,1.00000,0.99787,0.08467,830
3332,1.00000,0.99725,0.06059,831
3333,1.00000,0.99770,0.07388,832
3334,1.00000,0.99785,0.07273,833
3335,1.00000,0.99783,0.05500,834
3336,1.00000,0.99785,0.06414,835
3337,1.00000,0.99789,0.09310,836
3338,1.00000,0.99903,0.09706,837
3339,1.00000,0.99769,0.08779,838
3340,1.00000,0.99709,0.09793,839
3341,1.00000,0.99874,0.10411,762
3442,1.00000,0.99981,0.11274,837
3443,1.00000,0.99966,0.11049,837
3444,1.00000,0.99958,0.11329,837
3445,1.00000,0.99941,0.10383,837
3446,1.00000,0.99925,0.10545,837
3447,1.00000,0.99946,0.10411,837
3448,1.00000,0.99909,0.10329,837
3449,1.00000,0.99961,0.10828,837
3450,1.00000,0.99938,0.10246,837
3451,1.00000,0.99874,0.10281,837
3452,1.00000,0.99913,0.10711,837
3453,1.00000,0.99880,0.09104,837
3454,1.00000,0.99940,0.10094,837
3455,1.00000,0.99877,0.10409,837
3456,1.00000,0.99866,0.10393,837
3457,1.00000,0.99820,0.09603,837
3458,1.00000,0.99764,0.09654,837
3459,1.00000,0.99801,0.09570,837
3460,1.00000,0.99788,0.08040,837
3461,1.00000,0.99819,0.07482,837
3462,1.00000,0.99819,0.10084,837
3463,1.00000,0.99809,0.08093,837
3464,1.00000,0.99798,0.09476,837
3465,1.00000,0.99838,0.09377,837
3466,1.00000,0.99908,0.09929,837
3467,1.00000,0.99888,0.07911,837
3468,1.00000,0.99839,0.09648,837
3469,1.00000,0.99812,0.08856,837
3470,1.00000,0.99825,0.09270,837
3471,1.00000,0.99825,0.08099,837
3472,1.00000,0.99807,0.08015,837
3473,1.00000,0.99874,0.04847,837
3474,1.00000,0.99789,0.06415,837
3475,1.00000,0.99849,0.06954,837
3476,1.00000,0.99863,0.08160,837
3477,1.00000,0.99841,0.09438,837
3478,1.00000,0.99836,0.10024,837
3479,1.00000,0.99808,0.07942,837
3480,1.00000,0.99749,0.09446,837
3481,1.00000,0.99794,0.08422,837
3482,1.00000,0.99774,0.09230,837
3483,1.00000,0.99835,0.06288,837
3484,1.00000,0.99815,0.07276,837
3485,1.00000,0.99850,0.08544,837
3486,1.00000,0.99900,0.08722,837
3487,1.00000,0.99895,0.09589,837
3488,1.00000,0.99894,0.10563,837
3489,1.00000,0.99836,0.09949,837
3490,1.00000,0.99901,0.10062,837
3491,1.00000,0.99786,0.07117,837
3492,1.00000,0.99754,0.07983,837
3493,1.00000,0.99797,0.06033,837
3494,1.00000,0.99839,0.05177,837
3495,1.00000,0.99832,0.08437,837
3496,1.00000,0.99834,0.05188,837
3497,1.00000,0.99841,0.09402,837
3498,1.00000,0.99828,0.08689,837
3499,1.00000,0.99858,0.09190,837
3500,1.00000,0.99764,0.10283,837
3501,1.00000,0.99729,0.10899,837
3502,1.00000,0.99773,0.10336,837
3503,1.00000,0.99845,0.07647,837
3504,1.00000,0.99779,0.04677,837
3505,1.00000,0.99776,0.07042,837
3506,1.00000,0.99802,0.08792,837
3507,1.00000,0.99834,0.08206,837
3508,1.00000,0.99835,0.09404,837
3509,1.00000,0.99839,0.07952,837
3510,1.00000,0.99792,0.07157,837
3511,1.00000,0.99685,0.05123,837
3512,1.00000,0.99617,0.06767,837
3513,1.00000,0.99631,0.03315,837
3514,1.00000,0.99537,0.07964,837
3515,1.00000,0.99768,0.10800,837
3516,1.00000,0.99723,0.11056,837
3517,1.00000,0.99688,0.10310,837
3518,1.00000,0.99714,0.11512,837
3519,1.00000,0.99860,0.10995,837
3520,1.00000,0.99764,0.07133,837
3521,1.00000,0.99818,0.05170,837
3522,1.00000,0.99643,0.04491,837
3523,1.00000,0.99749,0.04923,837
3524,1.00000,0.99757,0.08483,837
3525,1.00000,0.99743,0.09471,837
3526,1.00000,0.99805,0.09368,837
3527,1.00000,0.99821,0.08332,837
3528,1.00000,0.99851,0.08880,837
3529,1.00000,0.99878,0.08029,837
3530,1.00000,0.99835,0.08357,837
3531,1.00000,0.99817,0.08164,837
3532,1.00000,0.99840,0.08860,838
3533,1.00000,0.99899,0.08556,839
3534,1.00000,0.99741,0.08532,840
3535,1.00000,0.99777,0.05311,841
3536,1.00000,0.99762,0.05165,842
3537,1.00000,0.99870,0.06478,842
3538,1.00000,0.99759,0.05661,843
3539,1.00000,0.99823,0.06350,844
3540,1.00000,0.99787,0.08352,845
3541,1.00000,0.99710,0.09012,846
3542,1.00000,0.99841,0.06560,847
3543,1.00000,0.99829,0.07772,848
3544,1.00000,0.99710,0.06810,849
3545,1.00000,0.99775,0.06972,850
3546,1.00000,0.99785,0.07435,851
3547,1.00000,0.99812,0.05403,852
3548,1.00000,0.99729,0.04088,853
3549,1.00000,0.99798,0.04709,854
3550,1.00000,0.99720,0.08968,855
3551,1.00000,0.99794,0.08569,856
3552,1.00000,0.99789,0.08349,857
3553,1.00000,0.99820,0.09437,858
3554,1.00000,0.99862,0.09043,859
3555,1.00000,0.99885,0.08662,860
3556,1.00000,0.99903,0.07163,861
3557,1.00000,0.99860,0.08179,862
3558,1.00000,0.99777,0.08675,863
3559,1.00000,0.99853,0.07462,863
3560,1.00000,0.99828,0.07862,863
3561,1.00000,0.99921,0.07591,864
3562,1.00000,0.99920,0.08252,865
3563,1.00000,0.99877,0.08803,866
3564,1.00000,0.99866,0.09114,867
3565,1.00000,0.99916,0.08823,867
3566,1.00000,0.99838,0.08821,868
3567,1.00000,0.99938,0.07825,781
3668,1.00000,0.99978,0.11005,838
3669,1.00000,0.99980,0.10440,838
3670,1.00000,0.99993,0.10958,838
3671,1.00000,0.99919,0.09456,838
3672,1.00000,0.99914,0.09581,838
3673,1.00000,0.99878,0.10750,838
3674,1.00000,0.99881,0.08199,838
3675,1.00000,0.99879,0.10951,838
3676,1.00000,0.99909,0.10024,838
3677,1.00000,0.99880,0.10659,838
3678,1.00000,0.99836,0.09654,838
3679,1.00000,0.99851,0.07432,838
3680,1.00000,0.99826,0.09653,838
3681,1.00000,0.99808,0.05940,838
3682,1.00000,0.99849,0.08847,838
3683,1.00000,0.99830,0.09294,838
3684,1.00000,0.99879,0.08985,838
3685,1.00000,0.99881,0.09784,838
3686,1.00000,0.99920,0.08866,838
3687,1.00000,0.99855,0.08634,838
3688,1.00000,0.99811,0.07865,838
3689,1.00000,0.99895,0.07176,838
3690,1.00000,0.99783,0.07715,838
3691,1.00000,0.99820,0.09203,838
3692,1.00000,0.99793,0.06842,838
3693,1.00000,0.99801,0.09809,838
3694,1.00000,0.99794,0.10337,838
3695,1.00000,0.99864,0.07757,838
3696,1.00000,0.99829,0.08995,838
3697,1.00000,0.99837,0.04746,838
3698,1.00000,0.99801,0.08706,838
3699,1.00000,0.99831,0.05851,838
3700,1.00000,0.99767,0.09576,838
3701,1.00000,0.99749,0.08391,838
3702,1.00000,0.99834,0.10167,838
3703,1.00000,0.99823,0.10518,838
3704,1.00000,0.99759,0.10241,838
3705,1.00000,0.99868,0.09549,838
3706,1.00000,0.99819,0.06923,838
3707,1.00000,0.99772,0.06758,838
3708,1.00000,0.99751,0.05771,838
3709,1.00000,0.99753,0.07484,838
3710,1.00000,0.99782,0.08576,838
3711,1.00000,0.99741,0.10342,838
3712,1.00000,0.99742,0.09889,838
3713,1.00000,0.99751,0.09897,838
3714,1.00000,0.99694,0.08218,838
3715,1.00000,0.99776,0.04060,838
3716,1.00000,0.99718,0.07601,838
3717,1.00000,0.99752,0.08857,838
3718,1.00000,0.99784,0.09753,838
3719,1.00000,0.99867,0.10663,838
3720,1.00000,0.99784,0.11403,838
3721,1.00000,0.99906,0.10378,838
3722,1.00000,0.99895,0.09105,838
3723,1.00000,0.99819,0.08142,838
3724,1.00000,0.99837,0.06804,838
3725,1.00000,0.99830,0.06920,838
3726,1.00000,0.99764,0.07504,838
3727,1.00000,0.99764,0.07714,838
3728,1.00000,0.99705,0.06262,838
3729,1.00000,0.99757,0.08748,838
3730,1.00000,0.99666,0.10640,838
3731,1.00000,0.99811,0.08233,838
3732,1.00000,0.99840,0.07690,838
3733,1.00000,0.99686,0.09150,838
3734,1.00000,0.99739,0.07175,838
3735,1.00000,0.99850,0.02505,838
3736,1.00000,0.99730,0.05856,838
3737,1.00000,0.99699,0.07634,838
3738,1.00000,0.99744,0.06704,838
3739,1.00000,0.99670,0.07019,838
3740,1.00000,0.99697,0.10825,838
3741,1.00000,0.99583,0.10658,838
3742,1.00000,0.99731,0.08013,839
3743,1.00000,0.99682,0.07420,840
3744,1.00000,0.99694,0.08967,841
3745,1.00000,0.99690,0.06057,842
3746,1.00000,0.99158,0.09547,843
3747,1.00000,0.99402,0.09788,844
3748,1.00000,0.99486,0.09092,845
3749,1.00000,0.99315,0.04023,846
3750,1.00000,0.99639,0.07303,847
3751,1.00000,0.99726,0.07783,848
3752,1.00000,0.99841,0.05085,849
3753,1.00000,0.99749,0.08280,850
3754,1.00000,0.99828,0.10365,851
3755,1.00000,0.99766,0.09927,852
3756,1.00000,0.99803,0.09645,853
3757,1.00000,0.99836,0.10144,854
3758,1.00000,0.99784,0.09891,855
3759,1.00000,0.99816,0.07109,856
3760,1.00000,0.99839,0.03706,857
3761,1.00000,0.99822,0.06880,858
3762,1.00000,0.99832,0.05924,859
3763,1.00000,0.99683,0.06184,859
3764,1.00000,0.99696,0.07978,860
3765,1.00000,0.99704,0.10315,861
3766,1.00000,0.99818,0.10811,862
3767,1.00000,0.99909,0.09350,863
3768,1.00000,0.99883,0.07376,864
3769,1.00000,0.99909,0.07269,865
3770,1.00000,0.99831,0.07628,866
3771,1.00000,0.99829,0.09339,867
3772,1.00000,0.99877,0.09039,868
3773,1.00000,0.99886,0.08600,869
3774,1.00000,0.99825,0.08125,870
3775,1.00000,0.99804,0.07288,871
3776,1.00000,0.99767,0.06252,872
3777,1.00000,0.99709,0.08654,873
3778,1.00000,0.99819,0.07202,874
3779,1.00000,0.99713,0.10147,875
3780,1.00000,0.99833,0.08163,876
3781,1.00000,0.99903,0.07255,877
3782,1.00000,0.99781,0.08450,878
3783,1.00000,0.99661,0.08375,879
3784,1.00000,0.99706,0.08361,880
3785,1.00000,0.99695,0.03127,881
3786,1.00000,0.99775,0.05791,882
3787,1.00000,0.99809,0.06903,883
3788,1.00000,0.99815,0.06811,884
3789,1.00000,0.99847,0.07393,885
3790,1.00000,0.99879,0.08139,886
3791,1.00000,0.99877,0.06143,887
3792,1.00000,0.99862,0.06177,888
3793,1.00000,0.99823,0.07505,889
3794,1.00000,0.99855,0.08607,889
3795,1.00000,0.99884,0.09114,890
3796,1.00000,0.99822,0.09789,890
3797,1.00000,0.99858,0.09646,891
3798,1.00000,0.99848,0.08217,892
3799,1.00000,0.99876,0.05788,893
3800,1.00000,0.99795,0.06671,894
3801,1.00000,0.99817,0.05781,895
3802,1.00000,0.99837,0.06520,896
3803,1.00000,0.99878,0.08216,809
3904,1.00000,0.99994,0.11216,855
3905,1.00000,0.99980,0.10886,855
3906,1.00000,0.99937,0.09454,855
3907,1.00000,0.99902,0.11027,855
3908,1.00000,0.99888,0.08050,855
3909,1.00000,0.99885,0.09667,855
3910,1.00000,0.99873,0.09698,855
3911,1.00000,0.99881,0.09185,855
3912,1.00000,0.99804,0.08680,855
3913,1.00000,0.99804,0.08763,855
3914,1.00000,0.99889,0.08430,855
3915,1.00000,0.99876,0.09475,855
3916,1.00000,0.99812,0.09336,855
3917,1.00000,0.99886,0.10139,855
3918,1.00000,0.99899,0.09744,855
3919,1.00000,0.99879,0.10479,855
3920,1.00000,0.99787,0.07789,855
3921,1.00000,0.99826,0.08977,855
3922,1.00000,0.99885,0.07137,855
3923,1.00000,0.99839,0.07912,855
3924,1.00000,0.99846,0.07136,855
3925,1.00000,0.99822,0.08613,855
3926,1.00000,0.99805,0.06596,855
3927,1.00000,0.99806,0.10729,855
3928,1.00000,0.99811,0.07963,855
3929,1.00000,0.99791,0.08381,855
3930,1.00000,0.99852,0.07605,855
3931,1.00000,0.99840,0.07766,855
3932,1.00000,0.99872,0.07793,855
3933,1.00000,0.99894,0.07063,855
3934,1.00000,0.99855,0.07231,855
3935,1.00000,0.99853,0.08194,855
3936,1.00000,0.99876,0.08707,855
3937,1.00000,0.99860,0.08518,855
3938,1.00000,0.99800,0.10418,855
3939,1.00000,0.99827,0.09888,855
3940,1.00000,0.99876,0.08583,855
3941,1.00000,0.99836,0.08115,855
3942,1.00000,0.99788,0.07931,855
3943,1.00000,0.99781,0.07394,855
3944,1.00000,0.99514,0.05028,855
3945,1.00000,0.99720,0.08450,855
3946,1.00000,0.99682,0.07392,855
3947,1.00000,0.99595,0.06664,855
3948,1.00000,0.99631,0.09285,855
3949,1.00000,0.99525,0.11907,855
3950,1.00000,0.99643,0.05917,855
3951,1.00000,0.99628,0.09023,855
3952,1.00000,0.99777,0.06757,855
3953,1.00000,0.99729,0.07772,855
3954,1.00000,0.99786,0.06337,855
3955,1.00000,0.99767,0.07556,855
3956,1.00000,0.99789,0.07851,855
3957,1.00000,0.99740,0.09075,855
3958,1.00000,0.99871,0.10455,855
3959,1.00000,0.99864,0.08947,855
3960,1.00000,0.99848,0.09705,855
3961,1.00000,0.99800,0.07685,855
3962,1.00000,0.99853,0.08633,855
3963,1.00000,0.99851,0.06025,855
3964,1.00000,0.99793,0.07567,855
3965,1.00000,0.99887,0.07419,855
3966,1.00000,0.99861,0.07145,855
3967,1.00000,0.99856,0.08914,855
3968,1.00000,0.99784,0.08507,856
3969,1.00000,0.99713,0.09094,857
3970,1.00000,0.99804,0.04208,858
3971,1.00000,0.99650,0.08494,859
3972,1.00000,0.99804,0.06743,860
3973,1.00000,0.99805,0.07577,861
3974,1.00000,0.99656,0.08985,862
3975,1.00000,0.99792,0.11203,863
3976,1.00000,0.99748,0.10702,864
3977,1.00000,0.99726,0.09098,865
3978,1.00000,0.99811,0.10031,866
3979,1.00000,0.99802,0.07513,867
3980,1.00000,0.99754,0.06458,868
3981,1.00000,0.99818,0.07151,869
3982,1.00000,0.99870,0.07976,870
3983,1.00000,0.99877,0.08555,871
3984,1.00000,0.99839,0.09898,872
3985,1.00000,0.99850,0.11099,873
3986,1.00000,0.99809,0.10482,874
3987,1.00000,0.99889,0.10472,875
3988,1.00000,0.99782,0.08008,876
3989,1.00000,0.99842,0.05939,877
3990,1.00000,0.99778,0.03201,878
3991,1.00000,0.99745,0.06864,879
3992,1.00000,0.99870,0.08984,880
3993,1.00000,0.99775,0.09586,881
3994,1.00000,0.99707,0.06962,881
3995,1.00000,0.99781,0.08343,882
3996,1.00000,0.99761,0.07189,883
3997,1.00000,0.99759,0.08418,884
3998,1.00000,0.99750,0.08172,885
3999,1.00000,0.99824,0.09163,886
4000,1.00000,0.99866,0.08381,887
4001,1.00000,0.99763,0.09142,887
4002,1.00000,0.99781,0.06903,887
4003,1.00000,0.99674,0.03611,888
4004,1.00000,0.99646,0.04147,889
4005,1.00000,0.99691,0.02052,890
4006,1.00000,0.99677,0.06124,891
4007,1.00000,0.99683,0.04373,892
4008,1.00000,0.99759,0.08047,893
4009,1.00000,0.99789,0.09089,894
4010,1.00000,0.99829,0.07348,895
4011,1.00000,0.99798,0.09652,896
4012,1.00000,0.99837,0.08513,896
4013,1.00000,0.99764,0.07609,896
4014,1.00000,0.99836,0.05498,897
4015,1.00000,0.99806,0.04133,898
4016,1.00000,0.99823,0.06661,899
4017,1.00000,0.99788,0.06786,900
4018,1.00000,0.99845,0.08052,901
4019,1.00000,0.99894,0.08057,902
4020,1.00000,0.99791,0.07117,903
4021,1.00000,0.99817,0.06446,904
4022,1.00000,0.99707,0.06318,905
4023,1.00000,0.99642,0.07746,906
4024,1.00000,0.99685,0.09336,907
4025,1.00000,0.99792,0.11185,908
4026,1.00000,0.99609,0.08282,909
4027,1.00000,0.99722,0.10389,910
4028,1.00000,0.99692,0.07767,911
4029,1.00000,0.99791,0.06981,912
4030,1.00000,0.99730,0.05285,913
4031,1.00000,0.99804,0.08688,913
4032,1.00000,0.99891,0.09016,914
4033,1.00000,0.99824,0.08534,915
4034,1.00000,0.99875,0.09386,916
4035,1.00000,0.99908,0.08850,917
4036,1.00000,0.99877,0.07248,918
4037,1.00000,0.99890,0.07356,919
4038,1.00000,0.99861,0.06759,920
4039,1.00000,0.99869,0.06597,921
4040,1.00000,0.99869,0.06160,922
4041,1.00000,0.99805,0.07468,923
4042,1.00000,0.99812,0.09154,924
4043,1.00000,0.99840,0.08215,925
4044,1.00000,0.99828,0.09276,926
4045,1.00000,0.99927,0.08943,927
4046,1.00000,0.99874,0.07255,928
4047,1.00000,0.99861,0.06698,841
4148,1.00000,0.99999,0.11280,880
4149,1.00000,0.99974,0.10353,880
4150,1.00000,0.99982,0.11077,880
4151,1.00000,0.99962,0.09698,880
4152,1.00000,0.99894,0.09336,880
4153,1.00000,0.99842,0.09656,880
4154,1.00000,0.99918,0.08236,880
4155,1.00000,0.99911,0.08898,880
4156,1.00000,0.99872,0.08345,880
4157,1.00000,0.99852,0.08316,880
4158,1.00000,0.99877,0.09269,880
4159,1.00000,0.99922,0.10656,880
4160,1.00000,0.99924,0.09975,880
4161,1.00000,0.99924,0.10379,880
4162,1.00000,0.99930,0.10283,880
4163,1.00000,0.99897,0.09214,880
4164,1.00000,0.99872,0.09844,880
4165,1.00000,0.99869,0.08633,880
4166,1.00000,0.99864,0.08932,880
4167,1.00000,0.99885,0.08610,880
4168,1.00000,0.99914,0.09509,880
4169,1.00000,0.99950,0.09435,880
4170,1.00000,0.99942,0.10241,880
4171,1.00000,0.99863,0.11247,880
4172,1.00000,0.99852,0.10063,880
4173,1.00000,0.99831,0.09931,880
4174,1.00000,0.99812,0.06591,880
4175,1.00000,0.99814,0.08753,880
4176,1.00000,0.99809,0.09602,880
4177,1.00000,0.99807,0.10762,880
4178,1.00000,0.99909,0.10468,880
4179,1.00000,0.99834,0.10506,880
4180,1.00000,0.99867,0.10078,880
4181,1.00000,0.99766,0.09082,880
4182,1.00000,0.99819,0.08783,880
4183,1.00000,0.99839,0.08990,880
4184,1.00000,0.99842,0.06785,880
4185,1.00000,0.99843,0.08133,880
4186,1.00000,0.99819,0.07675,880
4187,1.00000,0.99779,0.09509,880
4188,1.00000,0.99777,0.08739,880
4189,1.00000,0.99758,0.09813,880
4190,1.00000,0.99770,0.07579,880
4191,1.00000,0.99878,0.05565,880
4192,1.00000,0.99819,0.08267,880
4193,1.00000,0.99851,0.09335,880
4194,1.00000,0.99780,0.10404,880
4195,1.00000,0.99782,0.10730,880
4196,1.00000,0.99805,0.12370,880
4197,1.00000,0.99912,0.09611,880
4198,1.00000,0.99755,0.09298,880
4199,1.00000,0.99913,0.07058,880
4200,1.00000,0.99807,0.07238,880
4201,1.00000,0.99866,0.07360,880
4202,1.00000,0.99875,0.07533,880
4203,1.00000,0.99897,0.09431,880
4204,1.00000,0.99918,0.09665,881
4205,1.00000,0.99874,0.08410,882
4206,1.00000,0.99873,0.08332,883
4207,1.00000,0.99825,0.07315,884
4208,1.00000,0.99805,0.07304,885
4209,1.00000,0.99739,0.05817,886
4210,1.00000,0.99847,0.09516,887
4211,1.00000,0.99825,0.09321,888
4212,1.00000,0.99780,0.10164,889
4213,1.00000,0.99763,0.10661,890
4214,1.00000,0.99858,0.11137,891
4215,1.00000,0.99848,0.09075,892
4216,1.00000,0.99901,0.07425,893
4217,1.00000,0.99871,0.06805,894
4218,1.00000,0.99890,0.07234,895
4219,1.00000,0.99906,0.07453,895
4220,1.00000,0.99812,0.08834,896
4221,1.00000,0.99820,0.10489,897
4222,1.00000,0.99839,0.10206,898
4223,1.00000,0.99797,0.08276,899
4224,1.00000,0.99828,0.07813,900
4225,1.00000,0.99856,0.09027,901
4226,1.00000,0.99798,0.05644,902
4227,1.00000,0.99823,0.05504,903
4228,1.00000,0.99848,0.05948,904
4229,1.00000,0.99909,0.07678,905
4230,1.00000,0.99871,0.08625,905
4231,1.00000,0.99822,0.07826,906
4232,1.00000,0.99834,0.08070,907
4233,1.00000,0.99838,0.06971,908
4234,1.00000,0.99827,0.07626,909
4235,1.00000,0.99613,0.06875,910
4236,1.00000,0.99814,0.05033,910
4237,1.00000,0.99736,0.06182,910
4238,1.00000,0.99799,0.07603,911
4239,1.00000,0.99822,0.08698,912
4240,1.00000,0.99848,0.09240,913
4241,1.00000,0.99719,0.06317,914
4242,1.00000,0.99868,0.07750,914
4243,1.00000,0.99722,0.04983,915
4244,1.00000,0.99759,0.06250,916
4245,1.00000,0.99784,0.05304,917
4246,1.00000,0.99756,0.09527,918
4247,1.00000,0.99803,0.09499,919
4248,1.00000,0.99849,0.08132,920
4249,1.00000,0.99792,0.07100,921
4250,1.00000,0.99729,0.07778,922
4251,1.00000,0.99825,0.06829,923
4252,1.00000,0.99895,0.08779,924
4253,1.00000,0.99879,0.08161,925
4254,1.00000,0.99847,0.06756,926
4255,1.00000,0.99840,0.09076,927
4256,1.00000,0.99879,0.09829,928
4257,1.00000,0.99812,0.10164,929
4258,1.00000,0.99770,0.10463,930
4259,1.00000,0.99726,0.10460,931
4260,1.00000,0.99593,0.07348,932
4261,1.00000,0.99735,0.06051,933
4262,1.00000,0.99716,0.03329,934
4263,1.00000,0.99656,0.06891,935
4264,1.00000,0.99711,0.09500,936
4265,1.00000,0.99705,0.10390,937
4266,1.00000,0.99796,0.09385,938
4267,1.00000,0.99831,0.10242,939
4268,1.00000,0.99815,0.06655,838
4369,1.00000,0.99987,0.11310,905
4370,1.00000,0.99969,0.10887,905
4371,1.00000,0.99941,0.10735,905
4372,1.00000,0.99946,0.10886,905
4373,1.00000,0.99962,0.09719,905
4374,1.00000,0.99929,0.09877,905
4375,1.00000,0.99912,0.09225,905
4376,1.00000,0.99926,0.09756,905
4377,1.00000,0.99923,0.10290,905
4378,1.00000,0.99924,0.09590,905
4379,1.00000,0.99920,0.09822,905
4380,1.00000,0.99938,0.10355,905
4381,1.00000,0.99856,0.09117,905
4382,1.00000,0.99914,0.08248,905
4383,1.00000,0.99801,0.09412,905
4384,1.00000,0.99850,0.05622,905
4385,1.00000,0.99810,0.08909,905
4386,1.00000,0.99716,0.02872,905
4387,1.00000,0.99680,0.07681,905
4388,1.00000,0.99686,0.05248,905
4389,1.00000,0.99836,0.08447,905
4390,1.00000,0.99796,0.08697,905
4391,1.00000,0.99805,0.11633,905
4392,1.00000,0.99751,0.10930,905
4393,1.00000,0.99721,0.09108,905
4394,1.00000,0.99740,0.08786,905
4395,1.00000,0.99740,0.06230,905
4396,1.00000,0.99613,0.02457,905
4397,1.00000,0.99748,0.05766,905
4398,1.00000,0.99535,0.01231,905
4399,1.00000,0.99714,0.07549,905
4400,1.00000,0.99712,0.05986,905
4401,1.00000,0.99669,0.11784,905
4402,1.00000,0.99727,0.10424,905
4403,1.00000,0.99778,0.12025,905
4404,1.00000,0.99768,0.08591,905
4405,1.00000,0.99791,0.08294,905
4406,1.00000,0.99753,0.07332,905
4407,1.00000,0.99801,0.04544,905
4408,1.00000,0.99786,0.05323,905
4409,1.00000,0.99738,0.03579,905
4410,1.00000,0.99749,0.07140,905
4411,1.00000,0.99783,0.05901,905
4412,1.00000,0.99804,0.08683,905
4413,1.00000,0.99791,0.10237,905
4414,1.00000,0.99888,0.09040,905
4415,1.00000,0.99795,0.09792,905
4416,1.00000,0.99838,0.07853,905
4417,1.00000,0.99870,0.07085,905
4418,1.00000,0.99844,0.06890,905
4419,1.00000,0.99841,0.05227,905
4420,1.00000,0.99833,0.07010,905
4421,1.00000,0.99787,0.05666,905
4422,1.00000,0.99761,0.06303,905
4423,1.00000,0.99754,0.08277,905
4424,1.00000,0.99818,0.07801,905
4425,1.00000,0.99882,0.07673,905
4426,1.00000,0.99805,0.07135,905
4427,1.00000,0.99821,0.07665,905
4428,1.00000,0.99896,0.07306,905
4429,1.00000,0.99845,0.06845,905
4430,1.00000,0.99876,0.07598,905
4431,1.00000,0.99813,0.07634,905
4432,1.00000,0.99882,0.06590,905
4433,1.00000,0.99953,0.05956,905
4434,1.00000,0.99851,0.08797,905
4435,1.00000,0.99891,0.06992,905
4436,1.00000,0.99881,0.07598,905
4437,1.00000,0.99846,0.06266,905
4438,1.00000,0.99853,0.05787,905
4439,1.00000,0.99824,0.05711,905
4440,1.00000,0.99880,0.06011,905
4441,1.00000,0.99809,0.03719,905
4442,1.00000,0.99847,0.07166,905
4443,1.00000,0.99905,0.06576,905
4444,1.00000,0.99855,0.05434,905
4445,1.00000,0.99862,0.06486,905
4446,1.00000,0.99784,0.03917,905
4447,1.00000,0.99771,0.05712,905
4448,1.00000,0.99715,0.01700,906
4449,1.00000,0.99766,0.05167,907
4450,1.00000,0.99621,0.04485,908
4451,1.00000,0.99762,0.01778,909
4452,1.00000,0.99808,0.04509,910
4453,1.00000,0.99765,0.02167,911
4454,1.00000,0.99683,0.07073,912
4455,1.00000,0.99669,-0.00135,913
4456,1.00000,0.99480,0.07090,914
4457,1.00000,0.99586,-0.00606,915
4458,1.00000,0.99664,0.07270,916
4459,1.00000,0.99536,0.02997,917
4460,1.00000,0.99739,0.07578,918
4461,1.00000,0.99711,0.03560,919
4462,1.00000,0.99791,0.07113,920
4463,1.00000,0.99774,0.02155,921
4464,1.00000,0.99779,0.05168,922
4465,1.00000,0.99837,0.01718,923
4466,1.00000,0.99549,0.01721,924
4467,1.00000,0.99689,0.03993,925
4468,1.00000,0.99599,0.02019,926
4469,1.00000,0.99779,0.08272,927
4470,1.00000,0.99719,0.02978,928
4471,1.00000,0.99482,0.09285,928
4472,1.00000,0.99842,0.02246,929
4473,1.00000,0.99822,0.06209,930
4474,1.00000,0.99846,0.03078,931
4475,1.00000,0.99866,0.04148,932
4476,1.00000,0.99829,0.02923,933
4477,1.00000,0.99851,0.05695,934
4478,1.00000,0.99879,0.01499,935
4479,1.00000,0.99712,0.07791,936
4480,1.00000,0.99689,0.02067,937
4481,1.00000,0.99654,0.07792,938
4482,1.00000,0.99742,0.02093,939
4483,1.00000,0.99849,0.06895,940
4484,1.00000,0.99788,0.01247,941
4485,1.00000,0.99684,0.04205,850
4586,1.00000,0.99984,0.11121,922
4587,1.00000,0.99985,0.10996,922
4588,1.00000,0.99980,0.10093,922
4589,1.00000,0.99966,0.10934,922
4590,1.00000,0.99916,0.08413,922
4591,1.00000,0.99914,0.11033,922
4592,1.00000,0.99940,0.09602,922
4593,1.00000,0.99949,0.11142,922
4594,1.00000,0.99907,0.09774,922
4595,1.00000,0.99930,0.10064,922
4596,1.00000,0.99732,0.09938,922
4597,1.00000,0.99777,0.06577,922
4598,1.00000,0.99794,0.10443,922
4599,1.00000,0.99860,0.05926,922
4600,1.00000,0.99870,0.08275,922
4601,1.00000,0.99901,0.09192,922
4602,1.00000,0.99871,0.10252,922
4603,1.00000,0.99872,0.10969,922
4604,1.00000,0.99870,0.10112,922
4605,1.00000,0.99873,0.10210,922
4606,1.00000,0.99826,0.08114,922
4607,1.00000,0.99798,0.07782,922
4608,1.00000,0.99846,0.06823,922
4609,1.00000,0.99864,0.05958,922
4610,1.00000,0.99867,0.08161,922
4611,1.00000,0.99885,0.07624,922
4612,1.00000,0.99814,0.09558,922
4613,1.00000,0.99880,0.08937,922
4614,1.00000,0.99910,0.10553,922
4615,1.00000,0.99624,0.09042,922
4616,1.00000,0.99782,0.07348,922
4617,1.00000,0.99663,0.07528,922
4618,1.00000,0.99734,0.05113,922
4619,1.00000,0.99773,0.05162,922
4620,1.00000,0.99766,0.06146,922
4621,1.00000,0.99858,0.07186,922
4622,1.00000,0.99871,0.07944,922
4623,1.00000,0.99693,0.06664,922
4624,1.00000,0.99763,0.08728,922
4625,1.00000,0.99851,0.05689,922
4626,1.00000,0.99813,0.07775,922
4627,1.00000,0.99806,0.05944,922
4628,1.00000,0.99803,0.06662,922
4629,1.00000,0.99763,0.05727,922
4630,1.00000,0.99721,0.08396,922
4631,1.00000,0.99748,0.04456,922
4632,1.00000,0.99842,0.10373,922
4633,1.00000,0.99790,0.04431,922
4634,1.00000,0.99812,0.07487,922
4635,1.00000,0.99828,0.05853,922
4636,1.00000,0.99778,0.08683,922
4637,1.00000,0.99785,0.03867,922
4638,1.00000,0.99858,0.08225,922
4639,1.00000,0.99710,0.03042,922
4640,1.00000,0.99736,0.07905,922
4641,1.00000,0.99711,0.03426,922
4642,1.00000,0.99709,0.07070,922
4643,1.00000,0.99747,0.05375,922
4644,1.00000,0.99778,0.05855,922
4645,1.00000,0.99783,0.06492,922
4646,1.00000,0.99810,0.05973,922
4647,1.00000,0.99854,0.07277,922
4648,1.00000,0.99852,0.06659,922
4649,1.00000,0.99893,0.04071,922
4650,1.00000,0.99787,0.06636,922
4651,1.00000,0.99659,0.02870,922
4652,1.00000,0.99755,0.06044,922
4653,1.00000,0.99821,0.03435,922
4654,1.00000,0.99855,0.05752,922
4655,1.00000,0.99772,0.04816,922
4656,1.00000,0.99787,0.06980,922
4657,1.00000,0.99811,0.05850,922
4658,1.00000,0.99788,0.05938,922
4659,1.00000,0.99757,0.06055,922
4660,1.00000,0.99864,0.06629,922
4661,1.00000,0.99788,0.03159,922
4662,1.00000,0.99815,0.07174,922
4663,1.00000,0.99807,0.04899,922
4664,1.00000,0.99799,0.06113,922
4665,1.00000,0.99765,0.03196,922
4666,1.00000,0.99764,0.05253,922
4667,1.00000,0.99848,0.02855,922
4668,1.00000,0.99726,0.05267,922
4669,1.00000,0.99671,0.06360,923
4670,1.00000,0.99807,0.07905,924
4671,1.00000,0.99814,0.06633,925
4672,1.00000,0.99741,0.07306,926
4673,1.00000,0.99746,0.06935,927
4674,1.00000,0.99764,0.01994,927
4675,1.00000,0.99771,0.06172,928
4676,1.00000,0.99739,0.01298,929
4677,1.00000,0.99720,0.05299,929
4678,1.00000,0.99757,0.03969,930
4679,1.00000,0.99792,0.06830,931
4680,1.00000,0.99828,0.04010,932
4681,1.00000,0.99844,0.06998,933
4682,1.00000,0.99766,0.01425,934
4683,1.00000,0.99784,0.04554,935
4684,1.00000,0.99887,0.01324,936
4685,1.00000,0.99813,0.02121,937
4686,1.00000,0.99856,0.03420,938
4687,1.00000,0.99881,0.03835,939
4688,1.00000,0.99870,0.04950,939
4689,1.00000,0.99844,0.07083,940
4690,1.00000,0.99842,0.05661,941
4691,1.00000,0.99844,0.05645,942
4692,1.00000,0.99813,0.05367,943
4693,1.00000,0.99904,0.04047,944
4694,1.00000,0.99883,0.05437,945
4695,1.00000,0.99856,0.04428,946
4696,1.00000,0.99848,0.05972,947
4697,1.00000,0.99867,0.04985,948
4698,1.00000,0.99880,0.05543,949
4699,1.00000,0.99704,0.03014,950
4700,1.00000,0.99591,0.02268,951
4701,1.00000,0.99509,0.02895,865
4802,1.00000,0.99966,0.09668,923
4803,1.00000,0.99898,0.10164,923
4804,1.00000,0.99878,0.09203,923
4805,1.00000,0.99856,0.08714,923
4806,1.00000,0.99906,0.09694,923
4807,1.00000,0.99918,0.10307,923
4808,1.00000,0.99941,0.11206,923
4809,1.00000,0.99878,0.09062,923
4810,1.00000,0.99791,0.12170,923
4811,1.00000,0.99855,0.08210,923
4812,1.00000,0.99815,0.09861,923
4813,1.00000,0.99897,0.09038,923
4814,1.00000,0.99897,0.09045,923
4815,1.00000,0.99845,0.07389,923
4816,1.00000,0.99876,0.10734,923
4817,1.00000,0.99755,0.06890,923
4818,1.00000,0.99837,0.09209,923
4819,1.00000,0.99876,0.09843,923
4820,1.00000,0.99866,0.09300,923
4821,1.00000,0.99892,0.07611,923
4822,1.00000,0.99863,0.09773,923
4823,1.00000,0.99858,0.05667,923
4824,1.00000,0.99814,0.08904,923
4825,1.00000,0.99873,0.04724,923
4826,1.00000,0.99523,0.09302,923
4827,1.00000,0.99629,0.02559,923
4828,1.00000,0.99714,0.09364,923
4829,1.00000,0.99698,0.03927,923
4830,1.00000,0.99745,0.09124,923
4831,1.00000,0.99767,0.06352,923
4832,1.00000,0.99759,0.10463,923
4833,1.00000,0.99783,0.07282,923
4834,1.00000,0.99743,0.09483,923
4835,1.00000,0.99829,0.09338,923
4836,1.00000,0.99930,0.08096,923
4837,1.00000,0.99895,0.06823,923
4838,1.00000,0.99820,0.07747,923
4839,1.00000,0.99850,0.06198,923
4840,1.00000,0.99845,0.06968,923
4841,1.00000,0.99870,0.05369,923
4842,1.00000,0.99728,0.07470,923
4843,1.00000,0.99862,0.04693,923
4844,1.00000,0.99730,0.07635,923
4845,1.00000,0.99808,0.06587,923
4846,1.00000,0.99847,0.07766,923
4847,1.00000,0.99870,0.07591,923
4848,1.00000,0.99834,0.07009,923
4849,1.00000,0.99856,0.08575,923
4850,1.00000,0.99849,0.07029,923
4851,1.00000,0.99913,0.06732,923
4852,1.00000,0.99926,0.07078,923
4853,1.00000,0.99874,0.06657,923
4854,1.00000,0.99811,0.06512,923
4855,1.00000,0.99793,0.09470,923
4856,1.00000,0.99806,0.05542,923
4857,1.00000,0.99760,0.07922,923
4858,1.00000,0.99730,0.07807,923
4859,1.00000,0.99865,0.05931,923
4860,1.00000,0.99823,0.06137,923
4861,1.00000,0.99766,0.03834,923
4862,1.00000,0.99685,0.05011,923
4863,1.00000,0.99827,0.02802,923
4864,1.00000,0.99855,0.07326,923
4865,1.00000,0.99854,0.07118,923
4866,1.00000,0.99765,0.06878,923
4867,1.00000,0.99885,0.08815,923
4868,1.00000,0.99733,0.05623,923
4869,1.00000,0.99779,0.06254,923
4870,1.00000,0.99784,0.04600,923
4871,1.00000,0.99761,0.05033,923
4872,1.00000,0.99829,0.04836,923
4873,1.00000,0.99825,0.05631,923
4874,1.00000,0.99832,0.07707,923
4875,1.00000,0.99824,0.04951,923
4876,1.00000,0.99795,0.07620,923
4877,1.00000,0.99819,0.04330,923
4878,1.00000,0.99584,0.01608,923
4879,1.00000,0.99620,0.04035,923
4880,1.00000,0.99675,0.01156,923
4881,1.00000,0.99676,0.03870,923
4882,1.00000,0.99595,0.06428,923
4883,1.00000,0.99751,0.07218,923
4884,1.00000,0.99752,0.09193,923
4885,1.00000,0.99769,0.07659,923
4886,1.00000,0.99813,0.08697,924
4887,1.00000,0.99817,0.06098,925
4888,1.00000,0.99767,0.03845,926
4889,1.00000,0.99843,0.04732,927
4890,1.00000,0.99786,0.03759,928
4891,1.00000,0.99819,0.03352,929
4892,1.00000,0.99798,0.03393,930
4893,1.00000,0.99797,0.04250,931
4894,1.00000,0.99839,0.05340,932
4895,1.00000,0.99808,0.04620,932
4896,1.00000,0.99736,0.05960,933
4897,1.00000,0.99830,0.02656,934
4898,1.00000,0.99855,0.03973,935
4899,1.00000,0.99867,0.03529,936
4900,1.00000,0.99846,0.02520,937
4901,1.00000,0.99846,0.04059,938
4902,1.00000,0.99865,0.03243,939
4903,1.00000,0.99739,0.05440,940
4904,1.00000,0.99768,0.03218,940
4905,1.00000,0.99748,0.05943,941
4906,1.00000,0.99780,0.01440,942
4907,1.00000,0.99689,0.02516,943
4908,1.00000,0.99734,0.01419,944
4909,1.00000,0.99664,0.03345,945
4910,1.00000,0.99810,0.01584,946
4911,1.00000,0.99824,0.05414,947
4912,1.00000,0.99830,0.04992,948
4913,1.00000,0.99815,0.04106,949
4914,1.00000,0.99771,0.04703,858
5015,1.00000,0.99993,0.10917,926
5016,1.00000,0.99984,0.11299,926
5017,1.00000,0.99982,0.10275,926
5018,1.00000,0.99976,0.10971,926
5019,1.00000,0.99906,0.09688,926
5020,1.00000,0.99867,0.09574,926
5021,1.00000,0.99809,0.07153,926
5022,1.00000,0.99831,0.09000,926
5023,1.00000,0.99892,0.06077,926
5024,1.00000,0.99867,0.09255,926
5025,1.00000,0.99843,0.07657,926
5026,1.00000,0.99858,0.10563,926
5027,1.00000,0.99855,0.09202,926
5028,1.00000,0.99863,0.10340,926
5029,1.00000,0.99875,0.09613,926
5030,1.00000,0.99886,0.09457,926
5031,1.00000,0.99915,0.07905,926
5032,1.00000,0.99828,0.07322,926
5033,1.00000,0.99858,0.08059,926
5034,1.00000,0.99813,0.05177,926
5035,1.00000,0.99813,0.07773,926
5036,1.00000,0.99831,0.06906,926
5037,1.00000,0.99935,0.07358,926
5038,1.00000,0.99870,0.08221,926
5039,1.00000,0.99878,0.08401,926
5040,1.00000,0.99892,0.08099,926
5041,1.00000,0.99824,0.08610,926
5042,1.00000,0.99872,0.08436,926
5043,1.00000,0.99678,0.06190,926
5044,1.00000,0.99776,0.07110,926
5045,1.00000,0.99746,0.06458,926
5046,1.00000,0.99694,0.05841,926
5047,1.00000,0.99776,0.03537,926
5048,1.00000,0.99806,0.06182,926
5049,1.00000,0.99773,0.04955,926
5050,1.00000,0.99787,0.03962,926
5051,1.00000,0.99864,0.07901,926
5052,1.00000,0.99914,0.06755,926
5053,1.00000,0.99784,0.07980,926
5054,1.00000,0.99815,0.07608,926
5055,1.00000,0.99866,0.09018,926
5056,1.00000,0.99794,0.06680,926
5057,1.00000,0.99803,0.07452,926
5058,1.00000,0.99842,0.05839,926
5059,1.00000,0.99716,0.04296,926
5060,1.00000,0.99805,0.06722,926
5061,1.00000,0.99791,0.03052,926
5062,1.00000,0.99769,0.09086,926
5063,1.00000,0.99803,0.02811,926
5064,1.00000,0.99807,0.09067,926
5065,1.00000,0.99731,0.03148,926
5066,1.00000,0.99730,0.06364,926
5067,1.00000,0.99700,0.04078,926
5068,1.00000,0.99856,0.05192,926
5069,1.00000,0.99792,0.03257,926
5070,1.00000,0.99780,0.06713,926
5071,1.00000,0.99736,0.06060,926
5072,1.00000,0.99774,0.04913,926
5073,1.00000,0.99765,0.09093,926
5074,1.00000,0.99790,0.05608,926
5075,1.00000,0.99813,0.06143,926
5076,1.00000,0.99845,0.07610,926
5077,1.00000,0.99889,0.06356,926
5078,1.00000,0.99815,0.04748,926
5079,1.00000,0.99727,0.05525,926
5080,1.00000,0.99622,0.05133,926
5081,1.00000,0.99704,0.03193,926
5082,1.00000,0.99746,0.04310,926
5083,1.00000,0.99628,0.06737,926
5084,1.00000,0.99690,0.02582,926
5085,1.00000,0.99806,0.04433,926
5086,1.00000,0.99778,0.03397,926
5087,1.00000,0.99832,0.03979,926
5088,1.00000,0.99782,0.03113,926
5089,1.00000,0.99829,0.04192,926
5090,1.00000,0.99858,0.04574,926
5091,1.00000,0.99606,0.04181,926
5092,1.00000,0.99635,0.02883,926
5093,1.00000,0.99681,0.04540,926
5094,1.00000,0.99696,0.00483,926
5095,1.00000,0.99691,0.03752,926
5096,1.00000,0.99480,0.01950,926
5097,1.00000,0.99649,0.06716,926
5098,1.00000,0.99519,0.02070,926
5099,1.00000,0.99705,0.06364,926
5100,1.00000,0.99805,0.04317,926
5101,1.00000,0.99810,0.06068,926
5102,1.00000,0.99693,0.01554,927
5103,1.00000,0.99740,0.08064,927
5104,1.00000,0.99686,0.01265,928
5105,1.00000,0.99764,0.06024,929
5106,1.00000,0.99761,0.04916,930
5107,1.00000,0.99840,0.05222,931
5108,1.00000,0.99886,0.05511,932
5109,1.00000,0.99874,0.04471,933
5110,1.00000,0.99834,0.04474,934
5111,1.00000,0.99778,0.04404,935
5112,1.00000,0.99815,0.02567,936
5113,1.00000,0.99811,0.03426,936
5114,1.00000,0.99826,0.01723,937
5115,1.00000,0.99620,0.01373,938
5116,1.00000,0.99625,0.00604,939
5117,1.00000,0.99774,0.02947,940
5118,1.00000,0.99855,0.04063,941
5119,1.00000,0.99742,0.05203,942
5120,1.00000,0.99809,0.04452,845
5221,1.00000,0.99961,0.10624,923
5222,1.00000,0.99916,0.10233,923
5223,1.00000,0.99945,0.10524,923
5224,1.00000,0.99850,0.08982,923
5225,1.00000,0.99851,0.08462,923
5226,1.00000,0.99800,0.09685,923
5227,1.00000,0.99752,0.06961,923
5228,1.00000,0.99699,0.09653,923
5229,1.00000,0.99708,0.08024,923
5230,1.00000,0.99631,0.07323,923
5231,1.00000,0.99676,0.08648,923
5232,1.00000,0.99806,0.07762,923
5233,1.00000,0.99760,0.08557,923
5234,1.00000,0.99522,0.05352,923
5235,1.00000,0.99488,0.06702,923
5236,1.00000,0.99519,0.04706,923
5237,1.00000,0.99563,0.06857,923
5238,1.00000,0.99654,0.05079,923
5239,1.00000,0.99657,0.09644,923
5240,1.00000,0.99806,0.07549,923
5241,1.00000,0.99773,0.09837,923
5242,1.00000,0.99798,0.10834,923
5243,1.00000,0.99812,0.08855,923
5244,1.00000,0.99838,0.09974,923
5245,1.00000,0.99814,0.05700,923
5246,1.00000,0.99884,0.07447,923
5247,1.00000,0.99764,0.06158,923
5248,1.00000,0.99830,0.06509,923
5249,1.00000,0.99783,0.07196,923
5250,1.00000,0.99802,0.08054,923
5251,1.00000,0.99864,0.07536,923
5252,1.00000,0.99852,0.09450,923
5253,1.00000,0.99753,0.08465,923
5254,1.00000,0.99801,0.09493,923
5255,1.00000,0.99798,0.08730,923
5256,1.00000,0.99816,0.08336,923
5257,1.00000,0.99851,0.08093,923
5258,1.00000,0.99811,0.07060,923
5259,1.00000,0.99818,0.05777,923
5260,1.00000,0.99703,0.04343,923
5261,1.00000,0.99692,0.03657,923
5262,1.00000,0.99793,0.05363,923
5263,1.00000,0.99735,0.04603,923
5264,1.00000,0.99695,0.05519,923
5265,1.00000,0.99831,0.09195,923
5266,1.00000,0.99804,0.07799,923
5267,1.00000,0.99779,0.09921,923
5268,1.00000,0.99799,0.08494,923
5269,1.00000,0.99862,0.08610,923
5270,1.00000,0.99757,0.05415,923
5271,1.00000,0.99777,0.05970,923
5272,1.00000,0.99657,0.04490,923
5273,1.00000,0.99574,0.03723,923
5274,1.00000,0.99684,0.06073,923
5275,1.00000,0.99673,0.05548,923
5276,1.00000,0.99606,0.05344,923
5277,1.00000,0.99657,0.08500,923
5278,1.00000,0.99750,0.07246,923
5279,1.00000,0.99606,0.07015,923
5280,1.00000,0.99773,0.05626,923
5281,1.00000,0.99829,0.05223,923
5282,1.00000,0.99781,0.04515,923
5283,1.00000,0.99754,0.03248,923
5284,1.00000,0.99785,0.05106,923
5285,1.00000,0.99751,0.02711,923
5286,1.00000,0.99746,0.07108,923
5287,1.00000,0.99780,0.05775,923
5288,1.00000,0.99822,0.05874,923
5289,1.00000,0.99615,0.07831,923
5290,1.00000,0.99672,0.04381,923
5291,1.00000,0.99730,0.06248,923
5292,1.00000,0.99749,0.04167,923
5293,1.00000,0.99713,0.02442,923
5294,1.00000,0.99654,0.03249,923
5295,1.00000,0.99698,0.03779,923
5296,1.00000,0.99845,0.03368,923
5297,1.00000,0.99732,0.08198,923
5298,1.00000,0.99707,0.04617,923
5299,1.00000,0.99846,0.07149,923
5300,1.00000,0.99822,0.06740,923
5301,1.00000,0.99796,0.05299,923
5302,1.00000,0.99659,0.05434,923
5303,1.00000,0.99797,0.03875,923
5304,1.00000,0.99745,0.03806,923
5305,1.00000,0.99835,0.05685,923
5306,1.00000,0.99835,0.04211,923
5307,1.00000,0.99761,0.05379,923
5308,1.00000,0.99808,0.06015,923
5309,1.00000,0.99720,0.03676,923
5310,1.00000,0.99823,0.07398,923
5311,1.00000,0.99755,0.04266,923
5312,1.00000,0.99790,0.04254,923
5313,1.00000,0.99838,0.06500,923
5314,1.00000,0.99630,0.03846,923
5315,1.00000,0.99626,0.06059,924
5316,1.00000,0.99810,0.06312,925
5317,1.00000,0.99756,0.05558,926
5318,1.00000,0.99899,0.04964,927
5319,1.00000,0.99835,0.05033,927
5320,1.00000,0.99836,0.05202,928
5321,1.00000,0.99710,0.04232,929
5322,1.00000,0.99757,0.05410,930
5323,1.00000,0.99773,0.06034,931
5324,1.00000,0.99573,0.04666,932
5325,1.00000,0.99709,0.03632,933
5326,1.00000,0.99622,0.04474,934
5327,1.00000,0.99668,0.00940,935
5328,1.00000,0.99696,0.04535,936
5329,1.00000,0.99805,0.02137,937
5330,1.00000,0.99735,0.04249,938
5331,1.00000,0.99680,0.01388,939
5332,1.00000,0.99706,0.03852,940
5333,1.00000,0.99754,0.02126,941
5334,1.00000,0.99599,0.01656,942
5335,1.00000,0.99770,0.04665,943
5336,1.00000,0.99615,0.02055,944
5337,1.00000,0.99718,0.04713,945
5338,1.00000,0.99785,0.05589,946
5339,1.00000,0.99849,0.05821,947
5340,1.00000,0.99881,0.05303,948
5341,1.00000,0.99743,0.07873,948
5342,1.00000,0.99614,0.03642,949
5343,1.00000,0.99510,0.05416,950
5344,1.00000,0.99587,0.02836,950
5345,1.00000,0.99715,0.03250,951
5346,1.00000,0.99792,0.05596,952
5347,1.00000,0.99805,0.07579,953
5348,1.00000,0.99811,0.08384,954
5349,1.00000,0.99729,0.08390,955
5350,1.00000,0.99697,0.07749,956
5351,1.00000,0.99670,0.06798,956
5352,1.00000,0.99722,0.03603,957
5353,1.00000,0.99656,0.06527,958
5354,1.00000,0.99521,0.01327,959
5355,1.00000,0.99569,0.05849,960
5356,1.00000,0.99660,0.04278,961
5357,1.00000,0.99758,0.06456,962
5358,1.00000,0.99885,0.06056,963
5359,1.00000,0.99885,0.06113,964
5360,1.00000,0.99775,0.06841,965
5361,1.00000,0.99779,0.05533,966
5362,1.00000,0.99730,0.05361,967
5363,1.00000,0.99801,0.10082,968
5364,1.00000,0.99788,0.06796,969
5365,1.00000,0.99834,0.09802,970
5366,1.00000,0.99736,0.10297,971
5367,1.00000,0.99516,0.09006,971
5368,1.00000,0.99607,0.07278,972
5369,1.00000,0.99104,0.07195,973
5370,1.00000,0.99339,0.04543,974
5371,1.00000,0.99590,0.04566,975
5372,1.00000,0.99602,0.04524,976
5373,1.00000,0.99743,0.04996,977
5374,1.00000,0.99782,0.08491,977
5375,1.00000,0.99477,0.08676,978
5376,1.00000,0.99764,0.11506,979
5377,1.00000,0.99442,0.04955,979
5378,1.00000,0.99561,0.10244,980
5379,1.00000,0.99714,0.05778,981
5380,1.00000,0.99702,0.04218,981
5381,1.00000,0.99573,0.04563,982
5382,1.00000,0.99621,0.07366,983
5383,1.00000,0.99762,0.06778,984
5384,1.00000,0.99375,0.10257,985
5385,1.00000,0.99393,0.09420,986
5386,1.00000,0.99561,0.11657,987
5387,1.00000,0.99436,0.03875,988
5388,1.00000,0.99652,0.06320,989
5389,1.00000,0.99708,0.04516,990
5390,1.00000,0.99608,0.05443,991
5391,1.00000,0.99752,0.04393,992
5392,1.00000,0.99629,0.08747,993
5393,1.00000,0.99726,0.06469,994
5394,1.00000,0.99792,0.08833,995
5395,1.00000,0.99764,0.05235,996
5396,1.00000,0.99736,0.08630,997
5397,1.00000,0.99711,0.05059,998
5398,1.00000,0.99725,0.05700,999
5399,1.00000,0.99888,0.07689,1000
5400,1.00000,0.99916,0.06246,1001
5401,1.00000,0.99843,0.07577,1002
5402,1.00000,0.99811,0.07237,1003
5403,1.00000,0.99815,0.06544,1004
5404,1.00000,0.99720,0.07301,1005
5405,1.00000,0.99846,0.04798,1006
5406,1.00000,0.99819,0.07034,1007
5407,1.00000,0.99781,0.05280,1008
5408,1.00000,0.99761,0.07273,1009
5409,1.00000,0.99796,0.07061,1010
5410,1.00000,0.99776,0.10713,1011
5411,1.00000,0.99856,0.08584,1012
5412,1.00000,0.99795,0.05418,1013
5413,1.00000,0.99773,0.07385,1014
5414,1.00000,0.99111,-0.00645,1015
5415,1.00000,0.99084,0.04702,1016
5416,1.00000,0.99085,0.00109,1016
5417,1.00000,0.99417,0.04691,1017
5418,1.00000,0.99584,0.05660,1018
5419,1.00000,0.99668,0.07747,1019
5420,1.00000,0.99697,0.11749,1020
5421,1.00000,0.99739,0.09787,1020
5422,1.00000,0.99782,0.11965,1020
5423,1.00000,0.99810,0.07524,1020
5424,1.00000,0.99761,0.04974,1020
5425,1.00000,0.99739,0.05247,1020
5426,1.00000,0.99782,0.01037,1020
5427,1.00000,0.99793,0.05130,1020
5428,1.00000,0.99784,0.02835,1020
5429,1.00000,0.99823,0.07506,1020
5430,1.00000,0.99763,0.07327,1020
5431,1.00000,0.99759,0.08511,1020
5432,1.00000,0.99727,0.08295,1020
5433,1.00000,0.99787,0.06448,1020
5434,1.00000,0.99855,0.06787,1020
5435,1.00000,0.99782,0.02299,1020
5436,1.00000,0.99777,0.06163,1020
5437,1.00000,0.99581,0.00139,1020
5438,1.00000,0.99626,0.05674,1020
5439,1.00000,0.99726,0.03001,1020
5440,1.00000,0.99614,0.06371,1020
5441,1.00000,0.99768,0.05759,1020
5442,1.00000,0.99832,0.07708,1020
5443,1.00000,0.99827,0.04680,1020
5444,1.00000,0.99880,0.05741,1020
5445,1.00000,0.99840,0.05504,1020
5446,1.00000,0.99797,0.06329,1020
5447,1.00000,0.99747,0.05992,1020
5448,1.00000,0.99542,0.04264,1020
5449,1.00000,0.99618,0.06272,1020
5450,1.00000,0.99701,0.01926,1020
5451,1.00000,0.99770,0.02398,1020
5452,1.00000,0.99669,0.03011,1020
5453,1.00000,0.99735,0.04466,1020
5454,1.00000,0.99702,0.03305,1020
5455,1.00000,0.99792,0.07265,1020
5456,1.00000,0.99719,0.07838,1020
5457,1.00000,0.99816,0.07751,1020
5458,1.00000,0.99839,0.06421,1020
5459,1.00000,0.99855,0.06536,1020
5460,1.00000,0.99778,0.04060,1020
5461,1.00000,0.99909,0.04588,1020
5462,1.00000,0.99790,0.02531,1020
5463,1.00000,0.99880,0.03670,1020
5464,1.00000,0.99665,0.00287,1020
5465,1.00000,0.99592,0.03330,1020
5466,1.00000,0.99522,-0.00367,1020
5467,1.00000,0.99504,0.04754,1020
5468,1.00000,0.99476,0.03759,1020
5469,1.00000,0.99665,0.06177,1020
5470,1.00000,0.99793,0.02261,1020
5471,1.00000,0.99566,0.04731,1020
5472,1.00000,0.99620,0.01676,1020
5473,1.00000,0.99669,0.01106,1020
5474,1.00000,0.99577,-0.01295,1020
5475,1.00000,0.99503,-0.00100,1020
5476,1.00000,0.99538,-0.01619,1020
5477,1.00000,0.99658,0.01629,1020
5478,1.00000,0.99721,0.01263,915
5579,1.00000,0.99972,0.11240,968
5580,1.00000,0.99935,0.10161,969
5581,1.00000,0.99925,0.10600,969
5582,1.00000,0.99911,0.09386,969
5583,1.00000,0.99893,0.08676,970
5584,1.00000,0.99858,0.07882,971
5585,1.00000,0.99792,0.08288,972
5586,1.00000,0.99743,0.06610,973
5587,1.00000,0.99868,0.10345,974
5588,1.00000,0.99865,0.08051,975
5589,1.00000,0.99723,0.07004,975
5590,1.00000,0.99715,0.07506,976
5591,1.00000,0.99730,0.05763,977
5592,1.00000,0.99807,0.06874,978
5593,1.00000,0.99855,0.06578,979
5594,1.00000,0.99760,0.09406,979
5595,1.00000,0.99836,0.07003,980
5596,1.00000,0.99788,0.09955,981
5597,1.00000,0.99767,0.06448,982
5598,1.00000,0.99672,0.10055,983
5599,1.00000,0.99692,0.04512,984
5600,1.00000,0.99807,0.07526,985
5601,1.00000,0.99900,0.04666,986
5602,1.00000,0.99847,0.06183,987
5603,1.00000,0.99809,0.06824,988
5604,1.00000,0.99775,0.09549,989
5605,1.00000,0.99773,0.08945,990
5606,1.00000,0.99841,0.08155,991
5607,1.00000,0.99814,0.08715,992
5608,1.00000,0.99851,0.05154,993
5609,1.00000,0.99905,0.05861,994
5610,1.00000,0.99693,0.03349,995
5611,1.00000,0.99812,0.07129,996
5612,1.00000,0.99810,0.03718,996
5613,1.00000,0.99837,0.08712,997
5614,1.00000,0.99715,0.04096,998
5615,1.00000,0.99888,0.08691,999
5616,1.00000,0.99688,0.04429,1000
5617,1.00000,0.99738,0.06152,1001
5618,1.00000,0.99704,0.05411,1002
5619,1.00000,0.99755,0.07327,1003
5620,1.00000,0.99805,0.04383,1004
5621,1.00000,0.99860,0.07046,1005
5622,1.00000,0.99809,0.06124,1006
5623,1.00000,0.99761,0.08973,1007
5624,1.00000,0.99797,0.05612,1008
5625,1.00000,0.99722,0.07200,1009
5626,1.00000,0.99721,0.04903,1010
5627,1.00000,0.99604,0.01955,1011
5628,1.00000,0.99660,0.05871,1011
5629,1.00000,0.99655,-0.00521,1012
5630,1.00000,0.99718,0.06426,1013
5631,1.00000,0.99661,0.04799,1014
5632,1.00000,0.99812,0.08351,1015
5633,1.00000,0.99797,0.08037,1016
5634,1.00000,0.99695,0.09227,1017
5635,1.00000,0.99840,0.05908,1018
5636,1.00000,0.99825,0.06203,1019
5637,1.00000,0.99795,0.03763,1020
5638,1.00000,0.99851,0.03832,1021
5639,1.00000,0.99814,0.03530,1021
5640,1.00000,0.99786,0.04645,1022
5641,1.00000,0.99570,0.06547,1023
5642,1.00000,0.99587,0.05513,1024
5643,1.00000,0.99565,0.05437,1025
5644,1.00000,0.99491,0.03138,1026
5645,1.00000,0.99513,-0.00135,1027
5646,1.00000,0.99499,0.01690,1028
5647,1.00000,0.99492,0.00381,1029
5648,1.00000,0.99568,0.01681,1030
5649,1.00000,0.99882,0.03802,1031
5650,1.00000,0.99839,0.03808,1032
5651,1.00000,0.99753,0.08229,1033
5652,1.00000,0.99770,0.05758,1034
5653,1.00000,0.99865,0.06125,1035
5654,1.00000,0.99834,0.04476,1036
5655,1.00000,0.99621,0.04778,1037
5656,1.00000,0.99682,0.01392,1038
5657,1.00000,0.99743,0.01655,1039
5658,1.00000,0.99677,0.01758,1039
5659,1.00000,0.99768,0.03763,1040
5660,1.00000,0.99843,0.04483,1041
5661,1.00000,0.99731,0.04922,1042
5662,1.00000,0.99795,0.07065,1043
5663,1.00000,0.99852,0.03778,1044
5664,1.00000,0.99716,0.05304,1045
5665,1.00000,0.99786,0.02467,1046
5666,1.00000,0.99672,0.01265,1047
5667,1.00000,0.99705,0.03233,1048
5668,1.00000,0.99798,-0.00010,1049
5669,1.00000,0.99863,0.04745,1050
5670,1.00000,0.99702,0.02595,1051
5671,1.00000,0.99719,0.06455,1052
5672,1.00000,0.99761,0.01626,1053
5673,1.00000,0.99774,0.03870,1054
5674,1.00000,0.99811,0.04464,1055
5675,1.00000,0.99774,0.01024,1056
5676,1.00000,0.99779,0.04065,1057
5677,1.00000,0.99733,0.01960,1057
5678,1.00000,0.99692,0.03741,1057
5679,1.00000,0.99738,0.02144,948
5780,1.00000,0.99965,0.11311,1031
5781,1.00000,0.99876,0.10062,1031
5782,1.00000,0.99835,0.10958,1031
5783,1.00000,0.99859,0.09848,1031
5784,1.00000,0.99889,0.09021,1031
5785,1.00000,0.99915,0.10099,1031
5786,1.00000,0.99912,0.10867,1031
5787,1.00000,0.99927,0.10049,1031
5788,1.00000,0.99924,0.10918,1031
5789,1.00000,0.99859,0.10840,1031
5790,1.00000,0.99866,0.08326,1031
5791,1.00000,0.99855,0.10020,1031
5792,1.00000,0.99781,0.05985,1031
5793,1.00000,0.99614,0.09549,1031
5794,1.00000,0.99522,0.04118,1031
5795,1.00000,0.99553,0.09984,1031
5796,1.00000,0.99676,0.05985,1031
5797,1.00000,0.99825,0.07804,1031
5798,1.00000,0.99802,0.07313,1031
5799,1.00000,0.99813,0.08307,1031
5800,1.00000,0.99791,0.06058,1031
5801,1.00000,0.99810,0.09774,1031
5802,1.00000,0.99864,0.07063,1031
5803,1.00000,0.99843,0.08039,1031
5804,1.00000,0.99859,0.07305,1031
5805,1.00000,0.99883,0.07960,1031
5806,1.00000,0.99878,0.05678,1031
5807,1.00000,0.99829,0.09650,1031
5808,1.00000,0.99936,0.08212,1031
5809,1.00000,0.99869,0.10629,1031
5810,1.00000,0.99735,0.08359,1031
5811,1.00000,0.99730,0.08478,1031
5812,1.00000,0.99719,0.06711,1031
5813,1.00000,0.99737,0.06305,1031
5814,1.00000,0.99739,0.03552,1031
5815,1.00000,0.99692,0.06739,1031
5816,1.00000,0.99693,0.05351,1031
5817,1.00000,0.99717,0.09035,1031
5818,1.00000,0.99757,0.07299,1031
5819,1.00000,0.99748,0.09257,1031
5820,1.00000,0.99843,0.07585,1031
5821,1.00000,0.99865,0.07230,1031
5822,1.00000,0.99866,0.06116,1031
5823,1.00000,0.99913,0.07061,1031
5824,1.00000,0.99771,0.07775,1031
5825,1.00000,0.99837,0.06864,1031
5826,1.00000,0.99850,0.08721,1031
5827,1.00000,0.99765,0.06446,1031
5828,1.00000,0.99848,0.07205,1031
5829,1.00000,0.99889,0.06699,1031
5830,1.00000,0.99848,0.06358,1031
5831,1.00000,0.99852,0.05520,1031
5832,1.00000,0.99878,0.06844,1031
5833,1.00000,0.99848,0.05513,1031
5834,1.00000,0.99788,0.06459,1031
5835,1.00000,0.99750,0.04882,1031
5836,1.00000,0.99727,0.03908,1031
5837,1.00000,0.99801,0.07034,1031
5838,1.00000,0.99755,0.03716,1031
5839,1.00000,0.99751,0.08678,1031
5840,1.00000,0.99730,0.03448,1031
5841,1.00000,0.99564,0.05467,1031
5842,1.00000,0.99721,0.05823,1031
5843,1.00000,0.99726,0.02490,1031
5844,1.00000,0.99805,0.05741,1031
5845,1.00000,0.99812,0.04007,1031
5846,1.00000,0.99894,0.07409,1031
5847,1.00000,0.99843,0.04673,1031
5848,1.00000,0.99829,0.07169,1031
5849,1.00000,0.99821,0.03494,1031
5850,1.00000,0.99692,0.05423,1031
5851,1.00000,0.99770,0.03500,1031
5852,1.00000,0.99750,0.03708,1031
5853,1.00000,0.99791,0.04464,1031
5854,1.00000,0.99702,0.04234,1031
5855,1.00000,0.99819,0.07110,1031
5856,1.00000,0.99542,0.03109,1031
5857,1.00000,0.99798,0.07541,1031
5858,1.00000,0.99777,0.02786,1031
5859,1.00000,0.99661,0.02515,1031
5860,1.00000,0.99675,0.01379,1031
5861,1.00000,0.99692,0.02242,1031
5862,1.00000,0.99622,0.01082,1031
5863,1.00000,0.99612,0.04272,1031
5864,1.00000,0.99724,0.06945,1031
5865,1.00000,0.99599,0.03400,1031
5866,1.00000,0.99717,0.06982,1031
5867,1.00000,0.99755,0.04046,1031
5868,1.00000,0.99810,0.02881,1031
5869,1.00000,0.99858,0.03244,1031
5870,1.00000,0.99789,0.03491,1031
5871,1.00000,0.99869,0.03977,1031
5872,1.00000,0.99871,0.04550,1031
5873,1.00000,0.99742,0.06657,1031
5874,1.00000,0.99767,0.08269,1031
5875,1.00000,0.99740,0.03856,1031
5876,1.00000,0.99816,0.07293,1031
5877,1.00000,0.99819,0.04486,1031
5878,1.00000,0.99911,0.06425,1031
5879,1.00000,0.99891,0.03708,1032
5880,1.00000,0.99768,0.05287,1033
5881,1.00000,0.99697,0.04383,1034
5882,1.00000,0.99798,0.03179,1035
5883,1.00000,0.99835,0.04401,1036
5884,1.00000,0.99832,0.03614,1037
5885,1.00000,0.99813,0.06564,1038
5886,1.00000,0.99733,0.01985,1039
5887,1.00000,0.99819,0.08973,1040
5888,1.00000,0.99899,0.04413,1041
5889,1.00000,0.99846,0.06241,1042
5890,1.00000,0.99814,0.06509,1043
5891,1.00000,0.99781,0.03881,1044
5892,1.00000,0.99724,0.04660,1045
5893,1.00000,0.99797,0.04782,1046
5894,1.00000,0.99842,0.05620,1047
5895,1.00000,0.99850,0.05589,1048
5896,1.00000,0.99895,0.08498,1049
5897,1.00000,0.99879,0.06141,1049
5898,1.00000,0.99778,0.06778,1049
5899,1.00000,0.99805,0.06434,1050
5900,1.00000,0.99782,0.04106,1051
5901,1.00000,0.99748,0.05968,1052
5902,1.00000,0.99804,0.05672,1053
5903,1.00000,0.99710,0.05192,1054
5904,1.00000,0.99823,0.06783,1055
5905,1.00000,0.99823,0.08031,1056
5906,1.00000,0.99702,0.04243,1057
5907,1.00000,0.99826,0.07551,1058
5908,1.00000,0.99757,0.02219,1059
5909,1.00000,0.99771,0.05872,1060
5910,1.00000,0.99767,0.04081,1061
5911,1.00000,0.99846,0.04351,1062
5912,1.00000,0.99857,0.06440,1063
5913,1.00000,0.99820,0.06996,1064
5914,1.00000,0.99841,0.06853,1065
5915,1.00000,0.99917,0.06826,1066
5916,1.00000,0.99791,0.07322,1067
5917,1.00000,0.99702,0.04298,1068
5918,1.00000,0.99783,0.03642,1069
5919,1.00000,0.99692,0.03019,1070
5920,1.00000,0.99680,0.03814,1070
5921,1.00000,0.99843,0.03464,1071
5922,1.00000,0.99716,0.05169,1072
5923,1.00000,0.99774,0.08020,1073
5924,1.00000,0.99704,0.04991,1074
5925,1.00000,0.99685,0.09639,1075
5926,1.00000,0.99850,0.06523,1076
5927,1.00000,0.99798,0.06728,1077
5928,1.00000,0.99785,0.05604,1078
5929,1.00000,0.99810,0.05596,1079
5930,1.00000,0.99816,0.05090,1080
5931,1.00000,0.99923,0.06149,1081
5932,1.00000,0.99827,0.06390,1082
5933,1.00000,0.99834,0.05102,1083
5934,1.00000,0.99892,0.05920,1084
5935,1.00000,0.99733,0.04158,1085
5936,1.00000,0.99819,0.04702,1086
5937,1.00000,0.99750,0.04597,1087
5938,1.00000,0.99749,0.05387,1088
5939,1.00000,0.99812,0.01624,1089
5940,1.00000,0.99769,0.04307,1090
5941,1.00000,0.99776,0.03704,1091
5942,1.00000,0.99792,0.04459,1092
5943,1.00000,0.99612,0.04406,1093
5944,1.00000,0.99550,0.04916,1094
5945,1.00000,0.99552,0.04432,1094
5946,1.00000,0.99802,0.03764,1095
5947,1.00000,0.99622,0.02058,1096
5948,1.00000,0.99679,0.02434,1097
5949,1.00000,0.99666,0.03552,1098
5950,1.00000,0.99670,0.02641,1099
5951,1.00000,0.99624,0.04254,1100
5952,1.00000,0.99575,0.05957,1100
5953,1.00000,0.99601,0.02656,1101
5954,1.00000,0.99776,0.05784,1102
5955,1.00000,0.99587,0.02102,1103
5956,1.00000,0.99611,0.03744,1104
5957,1.00000,0.99786,0.00744,1105
5958,1.00000,0.99751,0.04926,1106
5959,1.00000,0.99734,0.00649,1107
5960,1.00000,0.99656,0.04031,1108
5961,1.00000,0.99667,0.02220,1109
5962,1.00000,0.99668,0.03516,1110
5963,1.00000,0.99742,0.03794,1111
5964,1.00000,0.99765,0.06277,1004
