arm,tick,phase,err_ema,C,energy,approach,syncopes
full,0,0,0.10203,-0.30000,0.82808,0.00126,0.00000
full,10,0,0.12690,-0.30000,0.87246,0.01214,0.00000
full,20,0,0.13494,-0.30000,0.83312,0.02103,0.00000
full,30,0,0.13448,-0.30000,0.79962,0.02661,0.00000
full,40,0,0.13114,-0.22393,0.77494,0.02925,0.00000
full,50,0,0.12750,-0.22393,0.74610,0.02883,0.00000
full,60,0,0.12369,-0.22393,0.72208,0.02680,0.00000
full,70,0,0.11956,-0.22393,0.69892,0.02433,0.00000
full,80,0,0.11608,-0.16602,0.67973,0.02109,0.00000
full,90,0,0.11301,-0.16602,0.66501,0.01910,0.00000
full,100,0,0.11018,-0.16602,0.68180,0.02260,0.00000
full,110,0,0.10760,-0.16602,0.77236,0.02660,0.20000
full,120,0,0.10483,-0.13354,0.77236,0.02852,0.20000
full,130,0,0.10279,-0.13354,0.77078,0.02639,0.20000
full,140,0,0.10104,-0.13354,0.76876,0.02139,0.20000
full,150,0,0.09973,-0.13354,0.75928,0.01545,0.20000
full,160,0,0.09750,-0.11103,0.74509,0.01003,0.20000
full,170,0,0.09523,-0.11103,0.72830,0.00504,0.20000
full,180,0,0.09346,-0.11103,0.71074,0.00069,0.20000
full,190,0,0.09174,-0.11103,0.69667,-0.00360,0.20000
full,200,0,0.08969,-0.09487,0.71712,-0.00665,0.20000
full,210,0,0.08719,-0.09487,0.74462,-0.00838,0.20000
full,220,0,0.08446,-0.09487,0.74588,-0.01089,0.20000
full,230,0,0.08153,-0.09487,0.71943,-0.01423,0.20000
full,240,0,0.07866,-0.07548,0.69572,-0.01792,0.20000
full,250,0,0.07623,-0.07548,0.65929,-0.02177,0.20000
full,260,0,0.07377,-0.07548,0.62418,-0.02508,0.20000
full,270,0,0.07170,-0.07548,0.69445,-0.02751,0.40000
full,280,0,0.06987,-0.06727,0.67210,-0.02974,0.40000
full,290,0,0.06803,-0.06727,0.68608,-0.03090,0.40000
full,300,0,0.06633,-0.06727,0.68954,-0.03244,0.40000
full,310,0,0.06469,-0.06727,0.68612,-0.03414,0.40000
full,320,0,0.06354,-0.06124,0.67808,-0.03544,0.40000
full,330,0,0.06239,-0.06124,0.67138,-0.03636,0.40000
full,340,0,0.06100,-0.06124,0.67462,-0.03706,0.40000
full,350,0,0.05970,-0.06124,0.65112,-0.03853,0.40000
full,360,0,0.05874,-0.05719,0.62842,-0.03992,0.40000
full,370,0,0.05776,-0.05719,0.60481,-0.04067,0.40000
full,380,0,0.05662,-0.05719,0.57379,-0.04169,0.40000
full,390,0,0.05535,-0.05719,0.53198,-0.04276,0.40000
full,400,0,0.05427,-0.04959,0.49675,-0.04355,0.40000
full,410,0,0.05365,-0.04959,0.46701,-0.04409,0.40000
full,420,0,0.05283,-0.04959,0.45264,-0.04427,0.40000
full,430,0,0.05196,-0.04959,0.42582,-0.04457,0.40000
full,440,0,0.05138,-0.04904,0.48744,-0.04532,0.60000
full,450,0,0.05139,-0.04904,0.46833,-0.04579,0.60000
full,460,0,0.05131,-0.04904,0.44231,-0.04637,0.60000
full,470,0,0.05188,-0.04904,0.52703,-0.04655,0.80000
full,480,0,0.05188,-0.05021,0.52019,-0.04667,0.80000
full,490,0,0.05203,-0.05021,0.51225,-0.04685,0.80000
full,500,0,0.05216,-0.05021,0.50194,-0.04703,0.80000
full,510,0,0.05187,-0.05021,0.49480,-0.04718,0.80000
full,520,0,0.05169,-0.05384,0.48244,-0.04741,0.80000
full,530,0,0.05178,-0.05384,0.47287,-0.04757,0.80000
full,540,0,0.05230,-0.05384,0.46382,-0.04767,0.80000
full,550,0,0.05236,-0.05384,0.53418,-0.04768,1.00000
full,560,0,0.05170,-0.04942,0.52026,-0.04765,1.00000
full,570,0,0.05131,-0.04942,0.49671,-0.04766,1.00000
full,580,0,0.05037,-0.04942,0.47099,-0.04768,1.00000
full,590,0,0.04932,-0.04942,0.45982,-0.04729,1.00000
full,600,0,0.04864,-0.04726,0.43958,-0.04724,1.00000
full,610,0,0.04803,-0.04726,0.44391,-0.04642,1.00000
full,620,0,0.04764,-0.04726,0.59432,-0.04405,1.20000
full,630,0,0.04871,-0.04726,0.66056,-0.03860,1.20000
full,640,0,0.04984,-0.04798,0.66056,-0.03474,1.20000
full,650,0,0.05148,-0.04798,0.65643,-0.02777,1.20000
full,660,0,0.05292,-0.04798,0.64590,-0.02203,1.20000
full,670,0,0.05341,-0.04798,0.65465,-0.01775,1.20000
full,680,0,0.05305,-0.05154,0.64125,-0.01269,1.20000
full,690,0,0.05256,-0.05154,0.66195,-0.00769,1.20000
full,700,0,0.05201,-0.05154,0.70622,-0.00419,1.20000
full,710,0,0.05274,-0.05154,0.76966,-0.00066,1.20000
full,720,0,0.05403,-0.05195,0.75203,0.00297,1.20000
full,730,0,0.05513,-0.05195,0.73673,0.00765,1.20000
full,740,0,0.05531,-0.05195,0.72499,0.01599,1.20000
full,750,0,0.05474,-0.05195,0.71008,0.02319,1.20000
full,760,0,0.05457,-0.04997,0.70113,0.02845,1.20000
full,770,0,0.05407,-0.04997,0.69217,0.03463,1.20000
full,780,0,0.05347,-0.04997,0.68066,0.03904,1.20000
full,790,0,0.05354,-0.04997,0.76966,0.04353,1.40000
full,800,0,0.05380,-0.05020,0.76966,0.04231,1.40000
full,810,0,0.05444,-0.05020,0.76966,0.03905,1.40000
full,820,0,0.05466,-0.05020,0.76966,0.03940,1.40000
full,830,0,0.05538,-0.05020,0.76966,0.03890,1.40000
full,840,0,0.05511,-0.05254,0.76966,0.03577,1.40000
full,850,0,0.05545,-0.05254,0.76877,0.03133,1.40000
full,860,0,0.05555,-0.05254,0.76877,0.03117,1.40000
full,870,0,0.05680,-0.05254,0.76877,0.03050,1.40000
full,880,0,0.05869,-0.05848,0.76877,0.02575,1.40000
full,890,0,0.05964,-0.05848,0.75637,0.02146,1.40000
full,900,0,0.06068,-0.05848,0.73939,0.01747,1.40000
full,910,0,0.06079,-0.05848,0.72313,0.01350,1.40000
full,920,0,0.06037,-0.06486,0.71036,0.01002,1.40000
full,930,0,0.05984,-0.06486,0.69728,0.00714,1.40000
full,940,0,0.05905,-0.06486,0.68710,0.00459,1.40000
full,950,0,0.05851,-0.06486,0.76877,0.00225,1.60000
full,960,0,0.05799,-0.07285,0.76877,0.00036,1.60000
full,970,0,0.05674,-0.07285,0.76877,-0.00126,1.60000
full,980,0,0.05560,-0.07285,0.76877,-0.00266,1.60000
full,990,0,0.05506,-0.07285,0.76877,-0.00384,1.60000
full,1000,0,0.05455,-0.08104,0.76877,-0.00487,1.60000
full,1010,0,0.05375,-0.08104,0.76877,-0.00579,1.60000
full,1020,0,0.05274,-0.08104,0.76877,-0.00654,1.60000
full,1030,0,0.05199,-0.08104,0.76877,-0.00715,1.60000
full,1040,0,0.05089,-0.08760,0.76877,-0.00762,1.60000
full,1050,0,0.05031,-0.08760,0.76787,-0.00797,1.60000
full,1060,0,0.05002,-0.08760,0.74960,-0.00861,1.60000
full,1070,0,0.04969,-0.08760,0.73389,-0.00917,1.60000
full,1080,0,0.04921,-0.08923,0.72398,-0.00995,1.60000
full,1090,0,0.04866,-0.08923,0.71448,-0.01057,1.60000
full,1100,0,0.04834,-0.08923,0.70354,-0.01110,1.60000
full,1110,0,0.04784,-0.08923,0.69284,-0.01172,1.60000
full,1120,0,0.04770,-0.09233,0.68166,-0.01264,1.60000
full,1130,0,0.04731,-0.09233,0.76787,-0.01297,1.80000
full,1140,0,0.04666,-0.09233,0.76787,-0.01279,1.80000
full,1150,0,0.04605,-0.09233,0.76787,-0.01260,1.80000
full,1160,0,0.04554,-0.09269,0.76787,-0.01251,1.80000
full,1170,0,0.04514,-0.09269,0.76787,-0.01235,1.80000
full,1180,0,0.04481,-0.09269,0.76787,-0.01216,1.80000
full,1190,0,0.04449,-0.09269,0.76787,-0.01192,1.80000
full,1200,0,0.04408,-0.09357,0.76787,-0.01166,1.80000
full,1210,0,0.04394,-0.09357,0.76787,-0.01143,1.80000
full,1220,0,0.04374,-0.09357,0.76787,-0.01114,1.80000
full,1230,0,0.04473,-0.09357,0.76787,-0.01148,1.80000
full,1240,0,0.04534,-0.09594,0.76787,-0.01215,1.80000
full,1250,0,0.04565,-0.09594,0.76697,-0.01268,1.80000
full,1260,0,0.04610,-0.09594,0.76697,-0.01309,1.80000
full,1270,0,0.04600,-0.09594,0.76697,-0.01339,1.80000
full,1280,0,0.04639,-0.09888,0.76697,-0.01381,1.80000
full,1290,0,0.04672,-0.09888,0.76697,-0.01416,1.80000
full,1300,0,0.04698,-0.09888,0.76697,-0.01441,1.80000
full,1310,0,0.04661,-0.09888,0.76697,-0.01457,1.80000
full,1320,0,0.04627,-0.09836,0.76697,-0.01466,1.80000
full,1330,0,0.04596,-0.09836,0.76697,-0.01468,1.80000
full,1340,0,0.04597,-0.09836,0.76697,-0.01464,1.80000
full,1350,0,0.04621,-0.09836,0.76697,-0.01457,1.80000
full,1360,0,0.04616,-0.10206,0.76697,-0.01458,1.80000
full,1370,0,0.04596,-0.10206,0.76697,-0.01453,1.80000
full,1380,0,0.04573,-0.10206,0.76697,-0.01442,1.80000
full,1390,0,0.04509,-0.10206,0.76697,-0.01426,1.80000
full,1400,0,0.04463,-0.10357,0.76697,-0.01408,1.80000
full,1410,0,0.04433,-0.10357,0.76697,-0.01391,1.80000
full,1420,0,0.04391,-0.10357,0.76697,-0.01368,1.80000
full,1430,0,0.04336,-0.10357,0.76607,-0.01339,1.80000
full,1440,0,0.04317,-0.10282,0.76607,-0.01306,1.80000
full,1450,0,0.04266,-0.10282,0.76518,-0.01269,1.80000
full,1460,0,0.04212,-0.10282,0.76518,-0.01228,1.80000
full,1470,0,0.04214,-0.10282,0.76518,-0.01183,1.80000
full,1480,0,0.04207,-0.10261,0.76518,-0.01158,1.80000
full,1490,0,0.04196,-0.10261,0.76518,-0.01132,1.80000
full,1500,0,0.04176,-0.10261,0.76518,-0.01103,1.80000
full,1510,0,0.04174,-0.10261,0.76518,-0.01070,1.80000
full,1520,0,0.04123,-0.10255,0.76518,-0.01034,1.80000
full,1530,0,0.04101,-0.10255,0.76518,-0.00995,1.80000
full,1540,0,0.04080,-0.10255,0.76518,-0.00954,1.80000
full,1550,0,0.04039,-0.10255,0.76518,-0.00914,1.80000
full,1560,0,0.03988,-0.09962,0.76518,-0.00885,1.80000
full,1570,0,0.03966,-0.09962,0.76518,-0.00853,1.80000
full,1580,0,0.03971,-0.09962,0.76518,-0.00817,1.80000
full,1590,0,0.03953,-0.09962,0.76518,-0.00779,1.80000
full,1600,0,0.03955,-0.09342,0.76518,-0.00741,1.80000
full,1610,0,0.03999,-0.09342,0.76518,-0.00706,1.80000
full,1620,0,0.04037,-0.09342,0.76518,-0.00667,1.80000
full,1630,0,0.04014,-0.09342,0.76428,-0.00623,1.80000
full,1640,0,0.04013,-0.09125,0.76428,-0.00577,1.80000
full,1650,0,0.04026,-0.09125,0.76338,-0.00527,1.80000
full,1660,0,0.04033,-0.09125,0.76338,-0.00475,1.80000
full,1670,0,0.03999,-0.09125,0.76338,-0.00420,1.80000
full,1680,0,0.03983,-0.09110,0.76338,-0.00387,1.80000
full,1690,0,0.03937,-0.09110,0.76338,-0.00353,1.80000
full,1700,0,0.03940,-0.09110,0.76338,-0.00316,1.80000
full,1710,0,0.03972,-0.09110,0.76338,-0.00276,1.80000
full,1720,0,0.03957,-0.08950,0.76338,-0.00234,1.80000
full,1730,0,0.03955,-0.08950,0.76338,-0.00190,1.80000
full,1740,0,0.03937,-0.08950,0.76338,-0.00144,1.80000
full,1750,0,0.03925,-0.08950,0.76338,-0.00100,1.80000
full,1760,0,0.03927,-0.09096,0.76338,-0.00067,1.80000
full,1770,0,0.03942,-0.09096,0.76338,-0.00031,1.80000
full,1780,0,0.03955,-0.09096,0.76338,0.00008,1.80000
full,1790,0,0.03924,-0.09096,0.76338,0.00049,1.80000
full,1800,0,0.03932,-0.08725,0.76338,0.00090,1.80000
full,1810,0,0.03914,-0.08725,0.76338,0.00128,1.80000
full,1820,0,0.03937,-0.08725,0.76338,0.00169,1.80000
full,1830,0,0.03925,-0.08725,0.76248,0.00214,1.80000
full,1840,0,0.03951,-0.08458,0.76248,0.00263,1.80000
full,1850,0,0.03925,-0.08458,0.76159,0.00314,1.80000
full,1860,0,0.03917,-0.08458,0.76159,0.00368,1.80000
full,1870,0,0.03907,-0.08458,0.76159,0.00424,1.80000
full,1880,0,0.03922,-0.08515,0.76159,0.00458,1.80000
full,1890,0,0.03960,-0.08515,0.76159,0.00493,1.80000
full,1900,0,0.03956,-0.08515,0.76159,0.00531,1.80000
full,1910,0,0.03945,-0.08515,0.76159,0.00572,1.80000
full,1920,0,0.03909,-0.08566,0.76159,0.00615,1.80000
full,1930,0,0.03926,-0.08566,0.76159,0.00660,1.80000
full,1940,0,0.03951,-0.08566,0.76159,0.00706,1.80000
full,1950,0,0.03971,-0.08566,0.76159,0.00751,1.80000
full,1960,0,0.03945,-0.08528,0.76159,0.00785,1.80000
full,1970,0,0.03958,-0.08528,0.76159,0.00821,1.80000
full,1980,0,0.03946,-0.08528,0.76159,0.00860,1.80000
full,1990,0,0.03961,-0.08528,0.76159,0.00902,1.80000
full,2000,0,0.03970,-0.08377,0.76159,0.00943,1.80000
full,2010,0,0.03954,-0.08377,0.76159,0.00981,1.80000
full,2020,0,0.03944,-0.08377,0.76159,0.01023,1.80000
full,2030,0,0.03890,-0.08377,0.76069,0.01068,1.80000
full,2040,0,0.03905,-0.08402,0.76069,0.01117,1.80000
full,2050,0,0.03935,-0.08402,0.75979,0.01168,1.80000
full,2060,0,0.03943,-0.08402,0.75979,0.01222,1.80000
full,2070,0,0.03934,-0.08402,0.75979,0.01278,1.80000
full,2080,0,0.03912,-0.08081,0.75979,0.01313,1.80000
full,2090,0,0.03902,-0.08081,0.75979,0.01349,1.80000
full,2100,0,0.03875,-0.08081,0.75979,0.01387,1.80000
full,2110,0,0.03886,-0.08081,0.75979,0.01427,1.80000
full,2120,0,0.03926,-0.07902,0.75979,0.01470,1.80000
full,2130,0,0.03912,-0.07902,0.75979,0.01515,1.80000
full,2140,0,0.03933,-0.07902,0.75979,0.01562,1.80000
full,2150,0,0.03989,-0.07902,0.75979,0.01607,1.80000
full,2160,0,0.03968,-0.07783,0.75979,0.01641,1.80000
full,2170,0,0.03952,-0.07783,0.75979,0.01677,1.80000
full,2180,0,0.03936,-0.07783,0.75979,0.01716,1.80000
full,2190,0,0.03940,-0.07783,0.75979,0.01758,1.80000
full,2200,1,0.03956,-0.07606,0.75979,0.01794,1.80000
full,2210,1,0.03956,-0.07606,0.75979,0.01794,1.80000
full,2220,1,0.03956,-0.07333,0.75979,0.01794,1.80000
full,2230,1,0.03956,-0.07333,0.75979,0.01794,1.80000
full,2240,1,0.03956,-0.07047,0.75979,0.01794,1.80000
full,2250,1,0.03956,-0.06919,0.75979,0.01794,1.80000
full,2260,1,0.03956,-0.06919,0.75979,0.01794,1.80000
full,2270,1,0.03956,-0.06923,0.75979,0.01794,1.80000
full,2280,1,0.03956,-0.06923,0.75979,0.01794,1.80000
full,2290,1,0.03956,-0.07083,0.75979,0.01794,1.80000
full,2300,1,0.03956,-0.07294,0.75979,0.01794,1.80000
full,2310,1,0.03956,-0.07294,0.75979,0.01794,1.80000
full,2320,1,0.03956,-0.07574,0.75979,0.01794,1.80000
full,2330,1,0.03956,-0.07574,0.75979,0.01794,1.80000
full,2340,1,0.03956,-0.07670,0.75979,0.01794,1.80000
full,2350,1,0.03956,-0.07846,0.75979,0.01794,1.80000
full,2360,1,0.03956,-0.07846,0.75979,0.01794,1.80000
full,2370,1,0.03956,-0.07880,0.75979,0.01794,1.80000
full,2380,1,0.03956,-0.07880,0.75979,0.01794,1.80000
full,2390,1,0.03956,-0.07898,0.75979,0.01794,1.80000
full,2400,1,0.03956,-0.07980,0.75979,0.01794,1.80000
full,2410,1,0.03956,-0.07980,0.75979,0.01794,1.80000
full,2420,1,0.03956,-0.08199,0.75979,0.01794,1.80000
full,2430,1,0.03956,-0.08199,0.75979,0.01794,1.80000
full,2440,1,0.03956,-0.08026,0.75979,0.01794,1.80000
full,2450,1,0.03956,-0.08213,0.75979,0.01794,1.80000
full,2460,1,0.03956,-0.08213,0.75979,0.01794,1.80000
full,2470,1,0.03956,-0.08440,0.75979,0.01794,1.80000
full,2480,1,0.03956,-0.08440,0.75979,0.01794,1.80000
full,2490,1,0.03956,-0.08333,0.75979,0.01794,1.80000
full,2500,1,0.03956,-0.08534,0.75979,0.01794,1.80000
full,2510,1,0.03956,-0.08534,0.75979,0.01794,1.80000
full,2520,1,0.03956,-0.08597,0.75979,0.01794,1.80000
full,2530,1,0.03956,-0.08597,0.75979,0.01794,1.80000
full,2540,1,0.03956,-0.08466,0.75979,0.01794,1.80000
full,2550,1,0.03956,-0.08607,0.75979,0.01794,1.80000
full,2560,1,0.03956,-0.08607,0.75979,0.01794,1.80000
full,2570,1,0.03956,-0.08332,0.75979,0.01794,1.80000
full,2580,1,0.03956,-0.08332,0.75979,0.01794,1.80000
full,2590,1,0.03956,-0.08163,0.75979,0.01794,1.80000
full,2600,1,0.03956,-0.08206,0.75979,0.01794,1.80000
full,2610,1,0.03956,-0.08206,0.75979,0.01794,1.80000
full,2620,1,0.03956,-0.08101,0.75979,0.01794,1.80000
full,2630,1,0.03956,-0.08101,0.75979,0.01794,1.80000
full,2640,1,0.03956,-0.08065,0.75979,0.01794,1.80000
full,2650,1,0.03956,-0.08237,0.75979,0.01794,1.80000
full,2660,1,0.03956,-0.08237,0.75979,0.01794,1.80000
full,2670,1,0.03956,-0.07879,0.75979,0.01794,1.80000
full,2680,1,0.03956,-0.07879,0.75979,0.01794,1.80000
full,2690,1,0.03956,-0.07212,0.75979,0.01794,1.80000
full,2700,1,0.03956,-0.06508,0.75979,0.01794,1.80000
full,2710,1,0.03956,-0.06508,0.75979,0.01794,1.80000
full,2720,1,0.03956,-0.06113,0.75979,0.01794,1.80000
full,2730,1,0.03956,-0.06113,0.75979,0.01794,1.80000
full,2740,1,0.03956,-0.05990,0.75979,0.01794,1.80000
full,2750,1,0.03956,-0.06026,0.75979,0.01794,1.80000
full,2760,1,0.03956,-0.06026,0.75979,0.01794,1.80000
full,2770,1,0.03956,-0.06046,0.75979,0.01794,1.80000
full,2780,1,0.03956,-0.06046,0.75979,0.01794,1.80000
full,2790,1,0.03956,-0.06060,0.75979,0.01794,1.80000
full,2800,1,0.03956,-0.05961,0.75979,0.01794,1.80000
full,2810,1,0.03956,-0.05961,0.75979,0.01794,1.80000
full,2820,1,0.03956,-0.05884,0.75979,0.01794,1.80000
full,2830,1,0.03956,-0.05884,0.75979,0.01794,1.80000
full,2840,1,0.03956,-0.05790,0.75979,0.01794,1.80000
full,2850,1,0.03956,-0.05854,0.75979,0.01794,1.80000
full,2860,1,0.03956,-0.05854,0.75979,0.01794,1.80000
full,2870,1,0.03956,-0.05834,0.75979,0.01794,1.80000
full,2880,1,0.03956,-0.05834,0.75979,0.01794,1.80000
full,2890,1,0.03956,-0.05579,0.75979,0.01794,1.80000
full,2900,1,0.03956,-0.05585,0.75979,0.01794,1.80000
full,2910,1,0.03956,-0.05585,0.75979,0.01794,1.80000
full,2920,1,0.03956,-0.05653,0.75979,0.01794,1.80000
full,2930,1,0.03956,-0.05653,0.75979,0.01794,1.80000
full,2940,1,0.03956,-0.05393,0.75979,0.01794,1.80000
full,2950,1,0.03956,-0.05415,0.75979,0.01794,1.80000
full,2960,1,0.03956,-0.05415,0.75979,0.01794,1.80000
full,2970,1,0.03956,-0.05312,0.75979,0.01794,1.80000
full,2980,1,0.03956,-0.05312,0.75979,0.01794,1.80000
full,2990,1,0.03956,-0.05525,0.75979,0.01794,1.80000
full,3000,1,0.03956,-0.05637,0.75979,0.01794,1.80000
full,3010,1,0.03956,-0.05637,0.75979,0.01794,1.80000
full,3020,1,0.03956,-0.05680,0.75979,0.01794,1.80000
full,3030,1,0.03956,-0.05680,0.75979,0.01794,1.80000
full,3040,1,0.03956,-0.05798,0.75979,0.01794,1.80000
full,3050,1,0.03956,-0.05740,0.75979,0.01794,1.80000
full,3060,1,0.03956,-0.05740,0.75979,0.01794,1.80000
full,3070,1,0.03956,-0.05553,0.75979,0.01794,1.80000
full,3080,1,0.03956,-0.05553,0.75979,0.01794,1.80000
full,3090,1,0.03956,-0.05228,0.75979,0.01794,1.80000
full,3100,1,0.03956,-0.05050,0.75979,0.01794,1.80000
full,3110,1,0.03956,-0.05050,0.75979,0.01794,1.80000
full,3120,1,0.03956,-0.04889,0.75979,0.01794,1.80000
full,3130,1,0.03956,-0.04889,0.75979,0.01794,1.80000
full,3140,1,0.03956,-0.04936,0.75979,0.01794,1.80000
full,3150,1,0.03956,-0.04905,0.75979,0.01794,1.80000
full,3160,1,0.03956,-0.04905,0.75979,0.01794,1.80000
full,3170,1,0.03956,-0.04806,0.75979,0.01794,1.80000
full,3180,1,0.03956,-0.04806,0.75979,0.01794,1.80000
full,3190,1,0.03956,-0.04679,0.75979,0.01794,1.80000
full,3200,1,0.03956,-0.04700,0.75979,0.01794,1.80000
full,3210,1,0.03956,-0.04700,0.75979,0.01794,1.80000
full,3220,1,0.03956,-0.04582,0.75979,0.01794,1.80000
full,3230,1,0.03956,-0.04582,0.75979,0.01794,1.80000
full,3240,1,0.03956,-0.04755,0.75979,0.01794,1.80000
full,3250,1,0.03956,-0.04780,0.75979,0.01794,1.80000
full,3260,1,0.03956,-0.04780,0.75979,0.01794,1.80000
full,3270,1,0.03956,-0.04751,0.75979,0.01794,1.80000
full,3280,1,0.03956,-0.04751,0.75979,0.01794,1.80000
full,3290,1,0.03956,-0.04626,0.75979,0.01794,1.80000
full,3300,1,0.03956,-0.04692,0.75979,0.01794,1.80000
full,3310,1,0.03956,-0.04692,0.75979,0.01794,1.80000
full,3320,1,0.03956,-0.04581,0.75979,0.01794,1.80000
full,3330,1,0.03956,-0.04581,0.75979,0.01794,1.80000
full,3340,1,0.03956,-0.04524,0.75979,0.01794,1.80000
full,3350,1,0.03956,-0.04486,0.75979,0.01794,1.80000
full,3360,1,0.03956,-0.04486,0.75979,0.01794,1.80000
full,3370,1,0.03956,-0.04445,0.75979,0.01794,1.80000
full,3380,1,0.03956,-0.04445,0.75979,0.01794,1.80000
full,3390,1,0.03956,-0.04359,0.75979,0.01794,1.80000
full,3400,2,0.03993,-0.04214,0.75979,0.01797,1.80000
full,3410,2,0.04163,-0.04214,0.75979,0.01830,1.80000
full,3420,2,0.04305,-0.04214,0.75979,0.01864,1.80000
full,3430,2,0.04519,-0.04214,0.75889,0.01899,1.80000
full,3440,2,0.04648,-0.04188,0.75889,0.01934,1.80000
full,3450,2,0.04683,-0.04188,0.75800,0.01969,1.80000
full,3460,2,0.04748,-0.04188,0.75800,0.02005,1.80000
full,3470,2,0.04749,-0.04188,0.75800,0.02041,1.80000
full,3480,2,0.04755,-0.04253,0.75800,0.02056,1.80000
full,3490,2,0.04787,-0.04253,0.75800,0.02073,1.80000
full,3500,2,0.04752,-0.04253,0.75800,0.02095,1.80000
full,3510,2,0.04730,-0.04253,0.75800,0.02121,1.80000
full,3520,2,0.04728,-0.04256,0.75800,0.02150,1.80000
full,3530,2,0.04689,-0.04256,0.75800,0.02183,1.80000
full,3540,2,0.04621,-0.04256,0.75800,0.02219,1.80000
full,3550,2,0.04573,-0.04256,0.75800,0.02251,1.80000
full,3560,2,0.04511,-0.04456,0.75800,0.02269,1.80000
full,3570,2,0.04476,-0.04456,0.75800,0.02288,1.80000
full,3580,2,0.04420,-0.04456,0.75800,0.02308,1.80000
full,3590,2,0.04401,-0.04456,0.75800,0.02329,1.80000
full,3600,2,0.04383,-0.04460,0.75800,0.02347,1.80000
full,3610,2,0.04388,-0.04460,0.75800,0.02361,1.80000
full,3620,2,0.04364,-0.04460,0.75800,0.02377,1.80000
full,3630,2,0.04339,-0.04460,0.75710,0.02396,1.80000
full,3640,2,0.04307,-0.04489,0.75710,0.02417,1.80000
full,3650,2,0.04259,-0.04489,0.75620,0.02439,1.80000
full,3660,2,0.04212,-0.04489,0.75620,0.02464,1.80000
full,3670,2,0.04186,-0.04489,0.75620,0.02489,1.80000
full,3680,2,0.04130,-0.04469,0.75620,0.02494,1.80000
full,3690,2,0.04139,-0.04469,0.75620,0.02503,1.80000
full,3700,2,0.04123,-0.04469,0.75620,0.02517,1.80000
full,3710,2,0.04140,-0.04469,0.75620,0.02536,1.80000
full,3720,2,0.04131,-0.04505,0.75620,0.02559,1.80000
full,3730,2,0.04174,-0.04505,0.75620,0.02586,1.80000
full,3740,2,0.04213,-0.04505,0.75620,0.02616,1.80000
full,3750,2,0.04205,-0.04505,0.75620,0.02644,1.80000
full,3760,2,0.04195,-0.04453,0.75620,0.02658,1.80000
full,3770,2,0.04229,-0.04453,0.75620,0.02673,1.80000
full,3780,2,0.04228,-0.04453,0.75620,0.02690,1.80000
full,3790,2,0.04188,-0.04453,0.75620,0.02707,1.80000
full,3800,2,0.04163,-0.04373,0.75620,0.02722,1.80000
full,3810,2,0.04158,-0.04373,0.75620,0.02734,1.80000
full,3820,2,0.04173,-0.04373,0.75620,0.02748,1.80000
full,3830,2,0.04122,-0.04373,0.75530,0.02764,1.80000
full,3840,2,0.04106,-0.04364,0.75530,0.02783,1.80000
full,3850,2,0.04116,-0.04364,0.75441,0.02804,1.80000
full,3860,2,0.04126,-0.04364,0.75441,0.02827,1.80000
full,3870,2,0.04124,-0.04364,0.75441,0.02851,1.80000
full,3880,2,0.04093,-0.04288,0.75441,0.02855,1.80000
full,3890,2,0.04115,-0.04288,0.75441,0.02862,1.80000
full,3900,2,0.04081,-0.04288,0.75441,0.02875,1.80000
full,3910,2,0.04067,-0.04288,0.75441,0.02893,1.80000
full,3920,2,0.04080,-0.04201,0.75441,0.02915,1.80000
full,3930,2,0.04100,-0.04201,0.75441,0.02942,1.80000
full,3940,2,0.04089,-0.04201,0.75441,0.02971,1.80000
full,3950,2,0.04080,-0.04201,0.75441,0.02998,1.80000
full,3960,2,0.04068,-0.04292,0.75441,0.03012,1.80000
full,3970,2,0.04073,-0.04292,0.75441,0.03027,1.80000
full,3980,2,0.04037,-0.04292,0.75441,0.03043,1.80000
full,3990,2,0.04060,-0.04292,0.75441,0.03059,1.80000
full,4000,2,0.04019,-0.04308,0.75441,0.03074,1.80000
full,4010,2,0.04022,-0.04308,0.75441,0.03085,1.80000
full,4020,2,0.04037,-0.04308,0.75441,0.03099,1.80000
full,4030,2,0.04038,-0.04308,0.75351,0.03116,1.80000
full,4040,2,0.04025,-0.04264,0.75351,0.03134,1.80000
full,4050,2,0.04018,-0.04264,0.75261,0.03155,1.80000
full,4060,2,0.04022,-0.04264,0.75261,0.03177,1.80000
full,4070,2,0.04075,-0.04264,0.75261,0.03201,1.80000
full,4080,2,0.04120,-0.04212,0.75261,0.03205,1.80000
full,4090,2,0.04144,-0.04212,0.75261,0.03212,1.80000
full,4100,2,0.04099,-0.04212,0.75261,0.03225,1.80000
full,4110,2,0.04116,-0.04212,0.75261,0.03243,1.80000
full,4120,2,0.04135,-0.04273,0.75261,0.03265,1.80000
full,4130,2,0.04131,-0.04273,0.75261,0.03291,1.80000
full,4140,2,0.04160,-0.04273,0.75261,0.03321,1.80000
full,4150,2,0.04159,-0.04273,0.75261,0.03348,1.80000
full,4160,2,0.04170,-0.04326,0.75261,0.03361,1.80000
full,4170,2,0.04207,-0.04326,0.75261,0.03376,1.80000
full,4180,2,0.04193,-0.04326,0.75261,0.03392,1.80000
full,4190,2,0.04194,-0.04326,0.75261,0.03409,1.80000
full,4200,2,0.04197,-0.04416,0.75261,0.03424,1.80000
full,4210,2,0.04189,-0.04416,0.75261,0.03434,1.80000
full,4220,2,0.04231,-0.04416,0.75261,0.03448,1.80000
full,4230,2,0.04232,-0.04416,0.75171,0.03464,1.80000
full,4240,2,0.04211,-0.04407,0.75171,0.03483,1.80000
full,4250,2,0.04187,-0.04407,0.75082,0.03504,1.80000
full,4260,2,0.04171,-0.04407,0.75082,0.03526,1.80000
full,4270,2,0.04169,-0.04407,0.75082,0.03550,1.80000
full,4280,2,0.04197,-0.04428,0.75082,0.03554,1.80000
full,4290,2,0.04207,-0.04428,0.75082,0.03561,1.80000
full,4300,2,0.04201,-0.04428,0.75082,0.03574,1.80000
full,4310,2,0.04247,-0.04428,0.75082,0.03592,1.80000
full,4320,2,0.04300,-0.04441,0.75082,0.03614,1.80000
full,4330,2,0.04310,-0.04441,0.75082,0.03640,1.80000
full,4340,2,0.04294,-0.04441,0.75082,0.03670,1.80000
full,4350,2,0.04313,-0.04441,0.75082,0.03696,1.80000
full,4360,2,0.04346,-0.04406,0.75082,0.03710,1.80000
full,4370,2,0.04409,-0.04406,0.75082,0.03725,1.80000
full,4380,2,0.04402,-0.04406,0.75082,0.03740,1.80000
full,4390,2,0.04394,-0.04406,0.75082,0.03757,1.80000
full,4400,2,0.04402,-0.04366,0.75082,0.03772,1.80000
full,4410,2,0.04360,-0.04366,0.75082,0.03783,1.80000
full,4420,2,0.04404,-0.04366,0.75082,0.03797,1.80000
full,4430,2,0.04396,-0.04366,0.74992,0.03813,1.80000
full,4440,2,0.04435,-0.04413,0.74992,0.03832,1.80000
full,4450,2,0.04407,-0.04413,0.74902,0.03852,1.80000
full,4460,2,0.04413,-0.04413,0.74902,0.03875,1.80000
full,4470,2,0.04397,-0.04413,0.74902,0.03899,1.80000
full,4480,2,0.04374,-0.04410,0.74902,0.03902,1.80000
full,4490,2,0.04353,-0.04410,0.74902,0.03910,1.80000
full,4500,2,0.04395,-0.04410,0.74902,0.03923,1.80000
full,4510,2,0.04392,-0.04410,0.74902,0.03940,1.80000
full,4520,2,0.04382,-0.04458,0.74902,0.03962,1.80000
full,4530,2,0.04400,-0.04458,0.74902,0.03989,1.80000
full,4540,2,0.04391,-0.04458,0.74902,0.04018,1.80000
full,4550,2,0.04435,-0.04458,0.74902,0.04045,1.80000
full,4560,2,0.04426,-0.04480,0.74902,0.04058,1.80000
full,4570,2,0.04416,-0.04480,0.74902,0.04073,1.80000
full,4580,2,0.04414,-0.04480,0.74902,0.04089,1.80000
full,4590,2,0.04433,-0.04480,0.74902,0.04106,1.80000
full,4600,2,0.04455,-0.04529,0.74902,0.04121,1.80000
full,4610,2,0.04475,-0.04529,0.74902,0.04132,1.80000
full,4620,2,0.04495,-0.04529,0.74902,0.04145,1.80000
full,4630,2,0.04596,-0.04529,0.74812,0.04162,1.80000
full,4640,2,0.04593,-0.04502,0.74812,0.04180,1.80000
full,4650,2,0.04564,-0.04502,0.74723,0.04201,1.80000
full,4660,2,0.04610,-0.04502,0.74723,0.04223,1.80000
full,4670,2,0.04649,-0.04502,0.74723,0.04247,1.80000
full,4680,2,0.04639,-0.04406,0.74723,0.04251,1.80000
full,4690,2,0.04705,-0.04406,0.74723,0.04258,1.80000
full,4700,2,0.04668,-0.04406,0.74723,0.04271,1.80000
full,4710,2,0.04662,-0.04406,0.74723,0.04289,1.80000
full,4720,2,0.04691,-0.04413,0.74723,0.04311,1.80000
full,4730,2,0.04690,-0.04413,0.74723,0.04337,1.80000
full,4740,2,0.04677,-0.04413,0.74723,0.04367,1.80000
full,4750,2,0.04700,-0.04413,0.74723,0.04393,1.80000
full,4760,2,0.04690,-0.04464,0.74723,0.04407,1.80000
full,4770,2,0.04742,-0.04464,0.74723,0.04422,1.80000
full,4780,2,0.04720,-0.04464,0.74723,0.04437,1.80000
full,4790,2,0.04671,-0.04464,0.74723,0.04454,1.80000
full,4800,2,0.04644,-0.04559,0.74723,0.04469,1.80000
full,4810,2,0.04609,-0.04559,0.74723,0.04480,1.80000
full,4820,2,0.04617,-0.04559,0.74723,0.04494,1.80000
full,4830,2,0.04641,-0.04559,0.74633,0.04510,1.80000
full,4840,2,0.04641,-0.04499,0.74633,0.04529,1.80000
full,4850,2,0.04625,-0.04499,0.74543,0.04549,1.80000
full,4860,2,0.04644,-0.04499,0.74543,0.04572,1.80000
full,4870,2,0.04656,-0.04499,0.74543,0.04596,1.80000
full,4880,2,0.04691,-0.04507,0.74543,0.04600,1.80000
full,4890,2,0.04720,-0.04507,0.74543,0.04607,1.80000
full,4900,2,0.04725,-0.04507,0.74543,0.04620,1.80000
full,4910,2,0.04737,-0.04507,0.74543,0.04637,1.80000
full,4920,2,0.04706,-0.04498,0.74543,0.04659,1.80000
full,4930,2,0.04686,-0.04498,0.74543,0.04686,1.80000
full,4940,2,0.04707,-0.04498,0.74543,0.04715,1.80000
full,4950,2,0.04706,-0.04498,0.74543,0.04742,1.80000
full,4960,2,0.04679,-0.04512,0.74543,0.04756,1.80000
full,4970,2,0.04673,-0.04512,0.74543,0.04770,1.80000
full,4980,2,0.04709,-0.04512,0.74543,0.04786,1.80000
full,4990,2,0.04764,-0.04512,0.74543,0.04803,1.80000
full,5000,2,0.04847,-0.04612,0.74543,0.04818,1.80000
full,5010,2,0.04832,-0.04612,0.74543,0.04829,1.80000
full,5020,2,0.04846,-0.04612,0.74543,0.04842,1.80000
full,5030,2,0.04882,-0.04612,0.74453,0.04859,1.80000
full,5040,2,0.04889,-0.04652,0.74453,0.04877,1.80000
full,5050,2,0.04827,-0.04652,0.74364,0.04898,1.80000
full,5060,2,0.04822,-0.04652,0.74364,0.04920,1.80000
full,5070,2,0.04844,-0.04652,0.74364,0.04944,1.80000
full,5080,2,0.04856,-0.04688,0.74364,0.04948,1.80000
full,5090,2,0.04877,-0.04688,0.74364,0.04955,1.80000
full,5100,2,0.04867,-0.04688,0.74364,0.04968,1.80000
full,5110,2,0.04905,-0.04688,0.74364,0.04986,1.80000
full,5120,2,0.04894,-0.04676,0.74364,0.05008,1.80000
full,5130,2,0.04877,-0.04676,0.74364,0.05034,1.80000
full,5140,2,0.04850,-0.04676,0.74364,0.05064,1.80000
full,5150,2,0.04892,-0.04676,0.74364,0.05091,1.80000
full,5160,2,0.04878,-0.04694,0.74364,0.05104,1.80000
full,5170,2,0.04910,-0.04694,0.74364,0.05119,1.80000
full,5180,2,0.04900,-0.04694,0.74364,0.05135,1.80000
full,5190,2,0.04903,-0.04694,0.74364,0.05151,1.80000
full,5200,2,0.04849,-0.04663,0.74364,0.05166,1.80000
full,5210,2,0.04870,-0.04663,0.74364,0.05177,1.80000
full,5220,2,0.04935,-0.04663,0.74364,0.05191,1.80000
full,5230,2,0.04958,-0.04663,0.74274,0.05207,1.80000
full,5240,2,0.04954,-0.04621,0.74274,0.05226,1.80000
full,5250,2,0.04934,-0.04621,0.74184,0.05246,1.80000
full,5260,2,0.04923,-0.04621,0.74184,0.05269,1.80000
full,5270,2,0.04857,-0.04621,0.74184,0.05293,1.80000
full,5280,2,0.04849,-0.04584,0.74184,0.05297,1.80000
full,5290,2,0.04865,-0.04584,0.74184,0.05304,1.80000
full,5300,2,0.04920,-0.04584,0.74184,0.05317,1.80000
full,5310,2,0.04919,-0.04584,0.74184,0.05334,1.80000
full,5320,2,0.04972,-0.04698,0.74184,0.05357,1.80000
full,5330,2,0.04951,-0.04698,0.74184,0.05383,1.80000
full,5340,2,0.04961,-0.04698,0.74184,0.05412,1.80000
full,5350,2,0.04953,-0.04698,0.74184,0.05439,1.80000
full,5360,2,0.04990,-0.04638,0.74184,0.05453,1.80000
full,5370,2,0.05011,-0.04638,0.74184,0.05467,1.80000
full,5380,2,0.05027,-0.04638,0.74184,0.05483,1.80000
full,5390,2,0.04998,-0.04638,0.74184,0.05500,1.80000
full,5400,2,0.05026,-0.04765,0.74184,0.05515,1.80000
full,5410,2,0.05040,-0.04765,0.74184,0.05526,1.80000
full,5420,2,0.05017,-0.04765,0.74184,0.05540,1.80000
full,5430,2,0.05039,-0.04765,0.74094,0.05556,1.80000
full,5440,2,0.05037,-0.04813,0.74094,0.05574,1.80000
full,5450,2,0.05091,-0.04813,0.74005,0.05595,1.80000
full,5460,2,0.05082,-0.04813,0.74005,0.05618,1.80000
full,5470,2,0.05072,-0.04813,0.74005,0.05641,1.80000
full,5480,2,0.05073,-0.04756,0.74005,0.05645,1.80000
full,5490,2,0.05019,-0.04756,0.74005,0.05653,1.80000
full,5500,2,0.05023,-0.04756,0.74005,0.05665,1.80000
full,5510,2,0.05066,-0.04756,0.74005,0.05683,1.80000
full,5520,2,0.05017,-0.04791,0.74005,0.05705,1.80000
full,5530,2,0.05060,-0.04791,0.74005,0.05731,1.80000
full,5540,2,0.05016,-0.04791,0.74005,0.05761,1.80000
full,5550,2,0.05076,-0.04791,0.74005,0.05788,1.80000
full,5560,2,0.05133,-0.04860,0.74005,0.05801,1.80000
full,5570,2,0.05105,-0.04860,0.74005,0.05816,1.80000
full,5580,2,0.05124,-0.04860,0.74005,0.05832,1.80000
full,5590,2,0.05116,-0.04860,0.74005,0.05848,1.80000
full,5600,3,0.05143,-0.04878,0.74005,0.06020,1.80000
full,5610,3,0.05295,-0.04878,0.74005,0.07516,1.80000
full,5620,3,0.05470,-0.04878,0.74005,0.08872,1.80000
full,5630,3,0.05614,-0.04878,0.74815,0.10098,1.80000
full,5640,3,0.05756,-0.04825,0.74815,0.11210,1.80000
full,5650,3,0.05842,-0.04825,0.76541,0.12210,1.80000
full,5660,3,0.05878,-0.04825,0.76541,0.13118,1.80000
full,5670,3,0.05891,-0.04825,0.76541,0.13946,1.80000
full,5680,3,0.05962,-0.04921,0.76460,0.14702,1.80000
full,5690,3,0.05944,-0.04921,0.76460,0.15392,1.80000
full,5700,3,0.05874,-0.04921,0.76460,0.16023,1.80000
full,5710,3,0.05838,-0.04921,0.76460,0.16599,1.80000
full,5720,3,0.05827,-0.05660,0.76460,0.17125,1.80000
full,5730,3,0.05708,-0.05660,0.76460,0.17604,1.80000
full,5740,3,0.05624,-0.05660,0.76460,0.18042,1.80000
full,5750,3,0.05576,-0.05660,0.76460,0.18436,1.80000
full,5760,3,0.05541,-0.06339,0.76460,0.18776,1.80000
full,5770,3,0.05524,-0.06339,0.76460,0.19087,1.80000
full,5780,3,0.05425,-0.06339,0.76460,0.19373,1.80000
full,5790,3,0.05360,-0.06339,0.76460,0.19635,1.80000
full,5800,3,0.05256,-0.06973,0.76370,0.19875,1.80000
full,5810,3,0.05223,-0.06973,0.76370,0.20097,1.80000
full,5820,3,0.05187,-0.06973,0.76370,0.20301,1.80000
full,5830,3,0.05108,-0.06973,0.77180,0.20485,1.80000
full,5840,3,0.05083,-0.07099,0.77180,0.20654,1.80000
full,5850,3,0.05029,-0.07099,0.78907,0.20803,1.80000
full,5860,3,0.05086,-0.07099,0.78907,0.20940,1.80000
full,5870,3,0.05052,-0.07099,0.78907,0.21070,1.80000
full,5880,3,0.04979,-0.07455,0.78825,0.21196,1.80000
full,5890,3,0.04973,-0.07455,0.78825,0.21316,1.80000
full,5900,3,0.04957,-0.07455,0.78825,0.21431,1.80000
full,5910,3,0.04948,-0.07455,0.78825,0.21541,1.80000
full,5920,3,0.04919,-0.07469,0.78825,0.21645,1.80000
full,5930,3,0.04848,-0.07469,0.78825,0.21743,1.80000
full,5940,3,0.04887,-0.07469,0.78825,0.21836,1.80000
full,5950,3,0.04856,-0.07469,0.78825,0.21918,1.80000
full,5960,3,0.04844,-0.07634,0.78825,0.21976,1.80000
full,5970,3,0.04821,-0.07634,0.78825,0.22032,1.80000
full,5980,3,0.04848,-0.07634,0.78825,0.22087,1.80000
full,5990,3,0.04815,-0.07634,0.78825,0.22140,1.80000
full,6000,3,0.04824,-0.07805,0.78735,0.22192,1.80000
full,6010,3,0.04828,-0.07805,0.78735,0.22243,1.80000
full,6020,3,0.04828,-0.07805,0.78735,0.22292,1.80000
full,6030,3,0.04814,-0.07805,0.79546,0.22337,1.80000
full,6040,3,0.04804,-0.07715,0.79546,0.22380,1.80000
full,6050,3,0.04764,-0.07715,0.81272,0.22414,1.80000
full,6060,3,0.04743,-0.07715,0.81272,0.22448,1.80000
full,6070,3,0.04720,-0.07715,0.81272,0.22485,1.80000
full,6080,3,0.04719,-0.07797,0.81191,0.22526,1.80000
full,6090,3,0.04706,-0.07797,0.81191,0.22570,1.80000
full,6100,3,0.04712,-0.07797,0.81191,0.22616,1.80000
full,6110,3,0.04709,-0.07797,0.81191,0.22663,1.80000
full,6120,3,0.04685,-0.07857,0.81191,0.22711,1.80000
full,6130,3,0.04697,-0.07857,0.81191,0.22758,1.80000
full,6140,3,0.04730,-0.07857,0.81191,0.22804,1.80000
full,6150,3,0.04745,-0.07857,0.81191,0.22845,1.80000
full,6160,3,0.04716,-0.07982,0.81191,0.22865,1.80000
full,6170,3,0.04688,-0.07982,0.81191,0.22887,1.80000
full,6180,3,0.04705,-0.07982,0.81191,0.22911,1.80000
full,6190,3,0.04657,-0.07982,0.81191,0.22936,1.80000
full,6200,3,0.04658,-0.08199,0.81101,0.22963,1.80000
full,6210,3,0.04709,-0.08199,0.81101,0.22991,1.80000
full,6220,3,0.04672,-0.08199,0.81101,0.23020,1.80000
full,6230,3,0.04655,-0.08199,0.81911,0.23045,1.80000
full,6240,3,0.04657,-0.08177,0.81911,0.23068,1.80000
full,6250,3,0.04659,-0.08177,0.83638,0.23080,1.80000
full,6260,3,0.04651,-0.08177,0.83638,0.23089,1.80000
full,6270,3,0.04648,-0.08177,0.83638,0.23101,1.80000
full,6280,3,0.04593,-0.08165,0.83556,0.23115,1.80000
full,6290,3,0.04601,-0.08165,0.83556,0.23131,1.80000
full,6300,3,0.04591,-0.08165,0.83556,0.23148,1.80000
full,6310,3,0.04556,-0.08165,0.83556,0.23165,1.80000
full,6320,3,0.04563,-0.08117,0.83556,0.23182,1.80000
full,6330,3,0.04546,-0.08117,0.83556,0.23196,1.80000
full,6340,3,0.04556,-0.08117,0.83556,0.23210,1.80000
full,6350,3,0.04564,-0.08117,0.83556,0.23217,1.80000
full,6360,3,0.04558,-0.08110,0.83556,0.23206,1.80000
full,6370,3,0.04602,-0.08110,0.83556,0.23200,1.80000
full,6380,3,0.04614,-0.08110,0.83556,0.23198,1.80000
full,6390,3,0.04572,-0.08110,0.83556,0.23200,1.80000
full,6400,3,0.04544,-0.08231,0.83466,0.23206,1.80000
full,6410,3,0.04526,-0.08231,0.83466,0.23215,1.80000
full,6420,3,0.04508,-0.08231,0.83466,0.23227,1.80000
full,6430,3,0.04464,-0.08231,0.84277,0.23233,1.80000
full,6440,3,0.04461,-0.08069,0.84277,0.23238,1.80000
full,6450,3,0.04459,-0.08069,0.86003,0.23233,1.80000
full,6460,3,0.04477,-0.08069,0.86003,0.23228,1.80000
full,6470,3,0.04446,-0.08069,0.86003,0.23227,1.80000
full,6480,3,0.04442,-0.07970,0.85921,0.23229,1.80000
full,6490,3,0.04417,-0.07970,0.85921,0.23234,1.80000
full,6500,3,0.04419,-0.07970,0.85921,0.23241,1.80000
full,6510,3,0.04410,-0.07970,0.85921,0.23249,1.80000
full,6520,3,0.04385,-0.08082,0.85921,0.23258,1.80000
full,6530,3,0.04375,-0.08082,0.85921,0.23265,1.80000
full,6540,3,0.04393,-0.08082,0.85921,0.23272,1.80000
full,6550,3,0.04365,-0.08082,0.85921,0.23273,1.80000
full,6560,3,0.04299,-0.08346,0.85921,0.23257,1.80000
full,6570,3,0.04295,-0.08346,0.85921,0.23246,1.80000
full,6580,3,0.04322,-0.08346,0.85921,0.23240,1.80000
full,6590,3,0.04358,-0.08346,0.85921,0.23238,1.80000
full,6600,3,0.04388,-0.08253,0.85832,0.23240,1.80000
full,6610,3,0.04411,-0.08253,0.85832,0.23246,1.80000
full,6620,3,0.04390,-0.08253,0.85832,0.23255,1.80000
full,6630,3,0.04418,-0.08253,0.86642,0.23259,1.80000
full,6640,3,0.04502,-0.08330,0.86642,0.23260,1.80000
full,6650,3,0.04512,-0.08330,0.88368,0.23254,1.80000
full,6660,3,0.04536,-0.08330,0.88368,0.23247,1.80000
full,6670,3,0.04478,-0.08330,0.88368,0.23244,1.80000
full,6680,3,0.04439,-0.08136,0.88287,0.23244,1.80000
full,6690,3,0.04458,-0.08136,0.88287,0.23248,1.80000
full,6700,3,0.04534,-0.08136,0.88287,0.23253,1.80000
full,6710,3,0.04526,-0.08136,0.88287,0.23260,1.80000
full,6720,3,0.04542,-0.07874,0.88287,0.23268,1.80000
full,6730,3,0.04567,-0.07874,0.88287,0.23274,1.80000
full,6740,3,0.04578,-0.07874,0.88287,0.23281,1.80000
full,6750,3,0.04607,-0.07874,0.88287,0.23281,1.80000
full,6760,3,0.04574,-0.08032,0.88287,0.23264,1.80000
full,6770,3,0.04548,-0.08032,0.88287,0.23252,1.80000
full,6780,3,0.04537,-0.08032,0.88287,0.23245,1.80000
full,6790,3,0.04511,-0.08032,0.88287,0.23243,1.80000
full,6800,3,0.04542,-0.08152,0.88197,0.23245,1.80000
full,6810,3,0.04523,-0.08152,0.88197,0.23250,1.80000
full,6820,3,0.04465,-0.08152,0.88197,0.23258,1.80000
full,6830,3,0.04404,-0.08152,0.89008,0.23262,1.80000
full,6840,3,0.04414,-0.08036,0.89008,0.23263,1.80000
full,6850,3,0.04478,-0.08036,0.90734,0.23257,1.80000
full,6860,3,0.04465,-0.08036,0.90734,0.23249,1.80000
full,6870,3,0.04458,-0.08036,0.90734,0.23246,1.80000
full,6880,3,0.04476,-0.07929,0.90652,0.23246,1.80000
full,6890,3,0.04497,-0.07929,0.90652,0.23249,1.80000
full,6900,3,0.04489,-0.07929,0.90652,0.23255,1.80000
full,6910,3,0.04456,-0.07929,0.90652,0.23262,1.80000
full,6920,3,0.04402,-0.08494,0.90652,0.23269,1.80000
full,6930,3,0.04360,-0.08494,0.90652,0.23276,1.80000
full,6940,3,0.04327,-0.08494,0.90652,0.23282,1.80000
full,6950,3,0.04308,-0.08494,0.90652,0.23282,1.80000
full,6960,3,0.04347,-0.08435,0.90652,0.23265,1.80000
full,6970,3,0.04342,-0.08435,0.90652,0.23253,1.80000
full,6980,3,0.04341,-0.08435,0.90652,0.23246,1.80000
full,6990,3,0.04335,-0.08435,0.90652,0.23244,1.80000
full,7000,3,0.04341,-0.08509,0.90563,0.23245,1.80000
full,7010,3,0.04327,-0.08509,0.90563,0.23251,1.80000
full,7020,3,0.04316,-0.08509,0.90563,0.23259,1.80000
full,7030,3,0.04310,-0.08509,0.91373,0.23262,1.80000
full,7040,3,0.04256,-0.08440,0.91373,0.23264,1.80000
full,7050,3,0.04201,-0.08440,0.92939,0.23257,1.80000
full,7060,3,0.04186,-0.08440,0.92939,0.23250,1.80000
full,7070,3,0.04189,-0.08440,0.92939,0.23246,1.80000
full,7080,3,0.04173,-0.08473,0.92857,0.23246,1.80000
full,7090,3,0.04161,-0.08473,0.92857,0.23250,1.80000
full,7100,3,0.04135,-0.08473,0.92857,0.23255,1.80000
full,7110,3,0.04111,-0.08473,0.92857,0.23262,1.80000
full,7120,3,0.04123,-0.08543,0.92857,0.23269,1.80000
full,7130,3,0.04088,-0.08543,0.92857,0.23276,1.80000
full,7140,3,0.04058,-0.08543,0.92857,0.23282,1.80000
full,7150,3,0.04029,-0.08543,0.92857,0.23282,1.80000
full,7160,3,0.04046,-0.08380,0.92857,0.23265,1.80000
full,7170,3,0.04007,-0.08380,0.92857,0.23253,1.80000
full,7180,3,0.03982,-0.08380,0.92857,0.23246,1.80000
full,7190,3,0.03970,-0.08380,0.92857,0.23244,1.80000
full,7200,3,0.03987,-0.08382,0.92768,0.23246,1.80000
full,7210,3,0.03965,-0.08382,0.92768,0.23251,1.80000
full,7220,3,0.03973,-0.08382,0.92768,0.23259,1.80000
full,7230,3,0.04014,-0.08382,0.93578,0.23262,1.80000
full,7240,3,0.04063,-0.08374,0.93578,0.23264,1.80000
full,7250,3,0.04065,-0.08374,0.93578,0.23257,1.80000
full,7260,3,0.04059,-0.08374,0.93578,0.23250,1.80000
full,7270,3,0.04050,-0.08374,0.93578,0.23246,1.80000
full,7280,3,0.04060,-0.08448,0.93496,0.23247,1.80000
full,7290,3,0.04049,-0.08448,0.93496,0.23250,1.80000
full,7300,3,0.04033,-0.08448,0.93496,0.23255,1.80000
full,7310,3,0.04030,-0.08448,0.93496,0.23262,1.80000
full,7320,3,0.04018,-0.08381,0.93496,0.23269,1.80000
full,7330,3,0.04024,-0.08381,0.93496,0.23276,1.80000
full,7340,3,0.04062,-0.08381,0.93496,0.23282,1.80000
full,7350,3,0.04037,-0.08381,0.93496,0.23282,1.80000
full,7360,3,0.04016,-0.08344,0.93496,0.23265,1.80000
full,7370,3,0.03989,-0.08344,0.93496,0.23253,1.80000
full,7380,3,0.04035,-0.08344,0.93496,0.23246,1.80000
full,7390,3,0.04047,-0.08344,0.93496,0.23244,1.80000
full,7400,3,0.04055,-0.08154,0.93407,0.23246,1.80000
full,7410,3,0.04172,-0.08154,0.93407,0.23251,1.80000
full,7420,3,0.04176,-0.08154,0.93407,0.23259,1.80000
full,7430,3,0.04198,-0.08154,0.94217,0.23262,1.80000
full,7440,3,0.04160,-0.08205,0.94217,0.23264,1.80000
full,7450,3,0.04140,-0.08205,0.94217,0.23257,1.80000
full,7460,3,0.04182,-0.08205,0.94217,0.23250,1.80000
full,7470,3,0.04149,-0.08205,0.94217,0.23246,1.80000
full,7480,3,0.04109,-0.08254,0.94135,0.23247,1.80000
full,7490,3,0.04072,-0.08254,0.94135,0.23250,1.80000
full,7500,3,0.04042,-0.08254,0.94135,0.23255,1.80000
full,7510,3,0.04052,-0.08254,0.94135,0.23262,1.80000
full,7520,3,0.04088,-0.08096,0.94135,0.23269,1.80000
full,7530,3,0.04063,-0.08096,0.94135,0.23276,1.80000
full,7540,3,0.04076,-0.08096,0.94135,0.23282,1.80000
full,7550,3,0.04026,-0.08096,0.94135,0.23282,1.80000
full,7560,3,0.04043,-0.08376,0.94135,0.23265,1.80000
full,7570,3,0.04021,-0.08376,0.94135,0.23253,1.80000
full,7580,3,0.04027,-0.08376,0.94135,0.23246,1.80000
full,7590,3,0.03965,-0.08376,0.94135,0.23244,1.80000
full,7600,3,0.03955,-0.08341,0.94046,0.23246,1.80000
full,7610,3,0.03959,-0.08341,0.94046,0.23251,1.80000
full,7620,3,0.03944,-0.08341,0.94046,0.23259,1.80000
full,7630,3,0.03939,-0.08341,0.94856,0.23262,1.80000
full,7640,3,0.03933,-0.08377,0.94856,0.23264,1.80000
full,7650,3,0.03952,-0.08377,0.94856,0.23257,1.80000
full,7660,3,0.03993,-0.08377,0.94856,0.23250,1.80000
full,7670,3,0.03976,-0.08377,0.94856,0.23246,1.80000
full,7680,3,0.04031,-0.08407,0.94775,0.23247,1.80000
full,7690,3,0.04032,-0.08407,0.94775,0.23250,1.80000
full,7700,3,0.04032,-0.08407,0.94775,0.23255,1.80000
full,7710,3,0.04059,-0.08407,0.94775,0.23262,1.80000
full,7720,3,0.04072,-0.08500,0.94775,0.23269,1.80000
full,7730,3,0.04072,-0.08500,0.94775,0.23276,1.80000
full,7740,3,0.04044,-0.08500,0.94775,0.23282,1.80000
full,7750,3,0.04032,-0.08500,0.94775,0.23282,1.80000
full,7760,3,0.04038,-0.08219,0.94775,0.23265,1.80000
full,7770,3,0.04002,-0.08219,0.94775,0.23253,1.80000
full,7780,3,0.03987,-0.08219,0.94775,0.23246,1.80000
full,7790,3,0.04011,-0.08219,0.94775,0.23244,1.80000
full,7800,4,0.04001,-0.08067,0.94685,0.23245,1.80000
full,7810,4,0.04001,-0.08067,0.94685,0.23245,1.80000
full,7820,4,0.04001,-0.08184,0.94685,0.23245,1.80000
full,7830,4,0.04001,-0.08184,0.94685,0.23245,1.80000
full,7840,4,0.04001,-0.08177,0.94685,0.23245,1.80000
full,7850,4,0.04001,-0.08083,0.94685,0.23245,1.80000
full,7860,4,0.04001,-0.08083,0.94685,0.23245,1.80000
full,7870,4,0.04001,-0.07788,0.94685,0.23245,1.80000
full,7880,4,0.04001,-0.07788,0.94685,0.23245,1.80000
full,7890,4,0.04001,-0.07680,0.94685,0.23245,1.80000
full,7900,4,0.04001,-0.07688,0.94685,0.23245,1.80000
full,7910,4,0.04001,-0.07688,0.94685,0.23245,1.80000
full,7920,4,0.04001,-0.07729,0.94685,0.23245,1.80000
full,7930,4,0.04001,-0.07729,0.94685,0.23245,1.80000
full,7940,4,0.04001,-0.07752,0.94685,0.23245,1.80000
full,7950,4,0.04001,-0.07541,0.94685,0.23245,1.80000
full,7960,4,0.04001,-0.07541,0.94685,0.23245,1.80000
full,7970,4,0.04001,-0.07466,0.94685,0.23245,1.80000
full,7980,4,0.04001,-0.07466,0.94685,0.23245,1.80000
full,7990,4,0.04001,-0.07537,0.94685,0.23245,1.80000
full,8000,4,0.04001,-0.07437,0.94685,0.23245,1.80000
full,8010,4,0.04001,-0.07437,0.94685,0.23245,1.80000
full,8020,4,0.04001,-0.07458,0.94685,0.23245,1.80000
full,8030,4,0.04001,-0.07458,0.94685,0.23245,1.80000
full,8040,4,0.04001,-0.07590,0.94685,0.23245,1.80000
full,8050,4,0.04001,-0.07584,0.94685,0.23245,1.80000
full,8060,4,0.04001,-0.07584,0.94685,0.23245,1.80000
full,8070,4,0.04001,-0.07267,0.94685,0.23245,1.80000
full,8080,4,0.04001,-0.07267,0.94685,0.23245,1.80000
full,8090,4,0.04001,-0.06995,0.94685,0.23245,1.80000
full,8100,4,0.04001,-0.06715,0.94685,0.23245,1.80000
full,8110,4,0.04001,-0.06715,0.94685,0.23245,1.80000
full,8120,4,0.04001,-0.06609,0.94685,0.23245,1.80000
full,8130,4,0.04001,-0.06609,0.94685,0.23245,1.80000
full,8140,4,0.04001,-0.06575,0.94685,0.23245,1.80000
full,8150,4,0.04001,-0.06523,0.94685,0.23245,1.80000
full,8160,4,0.04001,-0.06523,0.94685,0.23245,1.80000
full,8170,4,0.04001,-0.06407,0.94685,0.23245,1.80000
full,8180,4,0.04001,-0.06407,0.94685,0.23245,1.80000
full,8190,4,0.04001,-0.06234,0.94685,0.23245,1.80000
full,8200,4,0.04001,-0.06238,0.94685,0.23245,1.80000
full,8210,4,0.04001,-0.06238,0.94685,0.23245,1.80000
full,8220,4,0.04001,-0.06379,0.94685,0.23245,1.80000
full,8230,4,0.04001,-0.06379,0.94685,0.23245,1.80000
full,8240,4,0.04001,-0.06332,0.94685,0.23245,1.80000
full,8250,4,0.04001,-0.06296,0.94685,0.23245,1.80000
full,8260,4,0.04001,-0.06296,0.94685,0.23245,1.80000
full,8270,4,0.04001,-0.06275,0.94685,0.23245,1.80000
full,8280,4,0.04001,-0.06275,0.94685,0.23245,1.80000
full,8290,4,0.04001,-0.06224,0.94685,0.23245,1.80000
full,8300,4,0.04001,-0.06209,0.94685,0.23245,1.80000
full,8310,4,0.04001,-0.06209,0.94685,0.23245,1.80000
full,8320,4,0.04001,-0.06314,0.94685,0.23245,1.80000
full,8330,4,0.04001,-0.06314,0.94685,0.23245,1.80000
full,8340,4,0.04001,-0.06357,0.94685,0.23245,1.80000
full,8350,4,0.04001,-0.06168,0.94685,0.23245,1.80000
full,8360,4,0.04001,-0.06168,0.94685,0.23245,1.80000
full,8370,4,0.04001,-0.06279,0.94685,0.23245,1.80000
full,8380,4,0.04001,-0.06279,0.94685,0.23245,1.80000
full,8390,4,0.04001,-0.06633,0.94685,0.23245,1.80000
full,8400,4,0.04001,-0.06746,0.94685,0.23245,1.80000
full,8410,4,0.04001,-0.06746,0.94685,0.23245,1.80000
full,8420,4,0.04001,-0.06619,0.94685,0.23245,1.80000
full,8430,4,0.04001,-0.06619,0.94685,0.23245,1.80000
full,8440,4,0.04001,-0.06424,0.94685,0.23245,1.80000
full,8450,4,0.04001,-0.06467,0.94685,0.23245,1.80000
full,8460,4,0.04001,-0.06467,0.94685,0.23245,1.80000
full,8470,4,0.04001,-0.06528,0.94685,0.23245,1.80000
full,8480,4,0.04001,-0.06528,0.94685,0.23245,1.80000
full,8490,4,0.04001,-0.06303,0.94685,0.23245,1.80000
full,8500,4,0.04001,-0.06195,0.94685,0.23245,1.80000
full,8510,4,0.04001,-0.06195,0.94685,0.23245,1.80000
full,8520,4,0.04001,-0.06028,0.94685,0.23245,1.80000
full,8530,4,0.04001,-0.06028,0.94685,0.23245,1.80000
full,8540,4,0.04001,-0.05964,0.94685,0.23245,1.80000
full,8550,4,0.04001,-0.05963,0.94685,0.23245,1.80000
full,8560,4,0.04001,-0.05963,0.94685,0.23245,1.80000
full,8570,4,0.04001,-0.06052,0.94685,0.23245,1.80000
full,8580,4,0.04001,-0.06052,0.94685,0.23245,1.80000
full,8590,4,0.04001,-0.06096,0.94685,0.23245,1.80000
full,8600,4,0.04001,-0.06037,0.94685,0.23245,1.80000
full,8610,4,0.04001,-0.06037,0.94685,0.23245,1.80000
full,8620,4,0.04001,-0.06180,0.94685,0.23245,1.80000
full,8630,4,0.04001,-0.06180,0.94685,0.23245,1.80000
full,8640,4,0.04001,-0.06227,0.94685,0.23245,1.80000
full,8650,4,0.04001,-0.06371,0.94685,0.23245,1.80000
full,8660,4,0.04001,-0.06371,0.94685,0.23245,1.80000
full,8670,4,0.04001,-0.06369,0.94685,0.23245,1.80000
full,8680,4,0.04001,-0.06369,0.94685,0.23245,1.80000
full,8690,4,0.04001,-0.06310,0.94685,0.23245,1.80000
full,8700,4,0.04001,-0.06261,0.94685,0.23245,1.80000
full,8710,4,0.04001,-0.06261,0.94685,0.23245,1.80000
full,8720,4,0.04001,-0.06169,0.94685,0.23245,1.80000
full,8730,4,0.04001,-0.06169,0.94685,0.23245,1.80000
full,8740,4,0.04001,-0.06388,0.94685,0.23245,1.80000
full,8750,4,0.04001,-0.06383,0.94685,0.23245,1.80000
full,8760,4,0.04001,-0.06383,0.94685,0.23245,1.80000
full,8770,4,0.04001,-0.06289,0.94685,0.23245,1.80000
full,8780,4,0.04001,-0.06289,0.94685,0.23245,1.80000
full,8790,4,0.04001,-0.06256,0.94685,0.23245,1.80000
full,8800,4,0.04001,-0.06308,0.94685,0.23245,1.80000
full,8810,4,0.04001,-0.06308,0.94685,0.23245,1.80000
full,8820,4,0.04001,-0.06370,0.94685,0.23245,1.80000
full,8830,4,0.04001,-0.06370,0.94685,0.23245,1.80000
full,8840,4,0.04001,-0.06212,0.94685,0.23245,1.80000
full,8850,4,0.04001,-0.06270,0.94685,0.23245,1.80000
full,8860,4,0.04001,-0.06270,0.94685,0.23245,1.80000
full,8870,4,0.04001,-0.06235,0.94685,0.23245,1.80000
full,8880,4,0.04001,-0.06235,0.94685,0.23245,1.80000
full,8890,4,0.04001,-0.06345,0.94685,0.23245,1.80000
full,8900,4,0.04001,-0.06362,0.94685,0.23245,1.80000
full,8910,4,0.04001,-0.06362,0.94685,0.23245,1.80000
full,8920,4,0.04001,-0.06310,0.94685,0.23245,1.80000
full,8930,4,0.04001,-0.06310,0.94685,0.23245,1.80000
full,8940,4,0.04001,-0.06282,0.94685,0.23245,1.80000
full,8950,4,0.04001,-0.06255,0.94685,0.23245,1.80000
full,8960,4,0.04001,-0.06255,0.94685,0.23245,1.80000
full,8970,4,0.04001,-0.06177,0.94685,0.23245,1.80000
full,8980,4,0.04001,-0.06177,0.94685,0.23245,1.80000
full,8990,4,0.04001,-0.06231,0.94685,0.23245,1.80000
full,9000,5,0.04030,-0.06261,0.94685,0.23246,1.80000
full,9010,5,0.04147,-0.06261,0.94685,0.23251,1.80000
full,9020,5,0.04193,-0.06261,0.94685,0.23259,1.80000
full,9030,5,0.04235,-0.06261,0.95495,0.23262,1.80000
full,9040,5,0.04193,-0.06533,0.95495,0.23264,1.80000
full,9050,5,0.04181,-0.06533,0.95495,0.23257,1.80000
full,9060,5,0.04205,-0.06533,0.95495,0.23250,1.80000
full,9070,5,0.04240,-0.06533,0.95495,0.23246,1.80000
full,9080,5,0.04235,-0.06857,0.95414,0.23247,1.80000
full,9090,5,0.04229,-0.06857,0.95414,0.23250,1.80000
full,9100,5,0.04244,-0.06857,0.95414,0.23255,1.80000
full,9110,5,0.04251,-0.06857,0.95414,0.23262,1.80000
full,9120,5,0.04214,-0.07197,0.95414,0.23269,1.80000
full,9130,5,0.04206,-0.07197,0.95414,0.23276,1.80000
full,9140,5,0.04165,-0.07197,0.95414,0.23282,1.80000
full,9150,5,0.04169,-0.07197,0.95414,0.23282,1.80000
full,9160,5,0.04182,-0.07206,0.95414,0.23265,1.80000
full,9170,5,0.04149,-0.07206,0.95414,0.23253,1.80000
full,9180,5,0.04137,-0.07206,0.95414,0.23246,1.80000
full,9190,5,0.04156,-0.07206,0.95414,0.23244,1.80000
full,9200,5,0.04188,-0.07287,0.95324,0.23246,1.80000
full,9210,5,0.04160,-0.07287,0.95324,0.23251,1.80000
full,9220,5,0.04151,-0.07287,0.95324,0.23259,1.80000
full,9230,5,0.04160,-0.07287,0.96134,0.23262,1.80000
full,9240,5,0.04188,-0.07291,0.96134,0.23264,1.80000
full,9250,5,0.04203,-0.07291,0.96134,0.23257,1.80000
full,9260,5,0.04204,-0.07291,0.96134,0.23250,1.80000
full,9270,5,0.04183,-0.07291,0.96134,0.23246,1.80000
full,9280,5,0.04156,-0.07296,0.96053,0.23247,1.80000
full,9290,5,0.04167,-0.07296,0.96053,0.23250,1.80000
full,9300,5,0.04182,-0.07296,0.96053,0.23255,1.80000
full,9310,5,0.04178,-0.07296,0.96053,0.23262,1.80000
full,9320,5,0.04145,-0.07336,0.96053,0.23269,1.80000
full,9330,5,0.04141,-0.07336,0.96053,0.23276,1.80000
full,9340,5,0.04191,-0.07336,0.96053,0.23282,1.80000
full,9350,5,0.04256,-0.07336,0.96053,0.23282,1.80000
full,9360,5,0.04237,-0.07357,0.96053,0.23265,1.80000
full,9370,5,0.04181,-0.07357,0.96053,0.23253,1.80000
full,9380,5,0.04154,-0.07357,0.96053,0.23246,1.80000
full,9390,5,0.04160,-0.07357,0.96053,0.23244,1.80000
full,9400,5,0.04167,-0.07389,0.95963,0.23246,1.80000
full,9410,5,0.04185,-0.07389,0.95963,0.23251,1.80000
full,9420,5,0.04157,-0.07389,0.95963,0.23259,1.80000
full,9430,5,0.04108,-0.07389,0.96774,0.23262,1.80000
full,9440,5,0.04107,-0.07478,0.96774,0.23264,1.80000
full,9450,5,0.04102,-0.07478,0.96774,0.23257,1.80000
full,9460,5,0.04079,-0.07478,0.96774,0.23250,1.80000
full,9470,5,0.04051,-0.07478,0.96774,0.23246,1.80000
full,9480,5,0.04026,-0.07599,0.96692,0.23247,1.80000
full,9490,5,0.04033,-0.07599,0.96692,0.23250,1.80000
full,9500,5,0.04024,-0.07599,0.96692,0.23255,1.80000
full,9510,5,0.04030,-0.07599,0.96692,0.23262,1.80000
full,9520,5,0.04031,-0.07587,0.96692,0.23269,1.80000
full,9530,5,0.04023,-0.07587,0.96692,0.23276,1.80000
full,9540,5,0.04056,-0.07587,0.96692,0.23282,1.80000
full,9550,5,0.04040,-0.07587,0.96692,0.23282,1.80000
full,9560,5,0.04058,-0.07539,0.96692,0.23265,1.80000
full,9570,5,0.04055,-0.07539,0.96692,0.23253,1.80000
full,9580,5,0.04032,-0.07539,0.96692,0.23246,1.80000
full,9590,5,0.04072,-0.07539,0.96692,0.23244,1.80000
full,9600,5,0.04048,-0.07598,0.96602,0.23246,1.80000
full,9610,5,0.04045,-0.07598,0.96602,0.23251,1.80000
full,9620,5,0.04041,-0.07598,0.96602,0.23259,1.80000
full,9630,5,0.04067,-0.07598,0.97413,0.23262,1.80000
full,9640,5,0.04106,-0.07509,0.97413,0.23264,1.80000
full,9650,5,0.04130,-0.07509,0.97413,0.23257,1.80000
full,9660,5,0.04068,-0.07509,0.97413,0.23250,1.80000
full,9670,5,0.04054,-0.07509,0.97413,0.23246,1.80000
full,9680,5,0.04048,-0.07430,0.97331,0.23247,1.80000
full,9690,5,0.04055,-0.07430,0.97331,0.23250,1.80000
full,9700,5,0.04040,-0.07430,0.97331,0.23255,1.80000
full,9710,5,0.04045,-0.07430,0.97331,0.23262,1.80000
full,9720,5,0.04026,-0.07323,0.97331,0.23269,1.80000
full,9730,5,0.03978,-0.07323,0.97331,0.23276,1.80000
full,9740,5,0.04010,-0.07323,0.97331,0.23282,1.80000
full,9750,5,0.04003,-0.07323,0.97331,0.23282,1.80000
full,9760,5,0.04035,-0.07406,0.97331,0.23265,1.80000
full,9770,5,0.04027,-0.07406,0.97331,0.23253,1.80000
full,9780,5,0.04021,-0.07406,0.97331,0.23246,1.80000
full,9790,5,0.03985,-0.07406,0.97331,0.23244,1.80000
full,9800,5,0.03969,-0.07473,0.97241,0.23246,1.80000
full,9810,5,0.03951,-0.07473,0.97241,0.23251,1.80000
full,9820,5,0.03968,-0.07473,0.97241,0.23259,1.80000
full,9830,5,0.03945,-0.07473,0.97432,0.23262,1.80000
full,9840,5,0.03897,-0.07400,0.97432,0.23264,1.80000
full,9850,5,0.03909,-0.07400,0.97432,0.23257,1.80000
full,9860,5,0.03930,-0.07400,0.97432,0.23250,1.80000
full,9870,5,0.03978,-0.07400,0.97432,0.23246,1.80000
full,9880,5,0.03977,-0.07391,0.97350,0.23247,1.80000
full,9890,5,0.03922,-0.07391,0.97350,0.23250,1.80000
full,9900,5,0.03912,-0.07391,0.97350,0.23255,1.80000
full,9910,5,0.03908,-0.07391,0.97350,0.23262,1.80000
full,9920,5,0.03861,-0.07400,0.97350,0.23269,1.80000
full,9930,5,0.03825,-0.07400,0.97350,0.23276,1.80000
full,9940,5,0.03810,-0.07400,0.97350,0.23282,1.80000
full,9950,5,0.03799,-0.07400,0.97350,0.23282,1.80000
full,9960,5,0.03833,-0.07297,0.97350,0.23265,1.80000
full,9970,5,0.03827,-0.07297,0.97350,0.23253,1.80000
full,9980,5,0.03815,-0.07297,0.97350,0.23246,1.80000
full,9990,5,0.03865,-0.07297,0.97350,0.23244,1.80000
full,10000,5,0.03902,-0.07227,0.97260,0.23246,1.80000
full,10010,5,0.03925,-0.07227,0.97260,0.23251,1.80000
full,10020,5,0.03934,-0.07227,0.97260,0.23259,1.80000
full,10030,5,0.03939,-0.07227,0.97260,0.23262,1.80000
full,10040,5,0.03905,-0.07245,0.97260,0.23264,1.80000
full,10050,5,0.03903,-0.07245,0.97260,0.23257,1.80000
full,10060,5,0.03897,-0.07245,0.97260,0.23250,1.80000
full,10070,5,0.03883,-0.07245,0.97260,0.23246,1.80000
full,10080,5,0.03839,-0.07144,0.97179,0.23247,1.80000
full,10090,5,0.03846,-0.07144,0.97179,0.23250,1.80000
full,10100,5,0.03873,-0.07144,0.97179,0.23255,1.80000
full,10110,5,0.03872,-0.07144,0.97179,0.23262,1.80000
full,10120,5,0.03905,-0.07271,0.97179,0.23269,1.80000
full,10130,5,0.03900,-0.07271,0.97179,0.23276,1.80000
full,10140,5,0.03920,-0.07271,0.97179,0.23282,1.80000
full,10150,5,0.03918,-0.07271,0.97179,0.23282,1.80000
full,10160,5,0.03949,-0.07134,0.97179,0.23265,1.80000
full,10170,5,0.03979,-0.07134,0.97179,0.23253,1.80000
full,10180,5,0.03963,-0.07134,0.97179,0.23246,1.80000
full,10190,5,0.03965,-0.07134,0.97179,0.23244,1.80000
full,10200,5,0.03978,-0.07117,0.97089,0.23246,1.80000
full,10210,5,0.03983,-0.07117,0.97089,0.23251,1.80000
full,10220,5,0.04012,-0.07117,0.97089,0.23259,1.80000
full,10230,5,0.04063,-0.07117,0.97089,0.23262,1.80000
full,10240,5,0.04061,-0.07098,0.97089,0.23264,1.80000
full,10250,5,0.04063,-0.07098,0.97089,0.23257,1.80000
full,10260,5,0.04003,-0.07098,0.97089,0.23250,1.80000
full,10270,5,0.04026,-0.07098,0.97089,0.23246,1.80000
full,10280,5,0.04020,-0.07328,0.97008,0.23247,1.80000
full,10290,5,0.04034,-0.07328,0.97008,0.23250,1.80000
full,10300,5,0.04067,-0.07328,0.97008,0.23255,1.80000
full,10310,5,0.04058,-0.07328,0.97008,0.23262,1.80000
full,10320,5,0.04042,-0.07239,0.97008,0.23269,1.80000
full,10330,5,0.04023,-0.07239,0.97008,0.23276,1.80000
full,10340,5,0.03995,-0.07239,0.97008,0.23282,1.80000
full,10350,5,0.03994,-0.07239,0.97008,0.23282,1.80000
full,10360,5,0.03987,-0.07303,0.97008,0.23265,1.80000
full,10370,5,0.03985,-0.07303,0.97008,0.23253,1.80000
full,10380,5,0.03948,-0.07303,0.97008,0.23246,1.80000
full,10390,5,0.03915,-0.07303,0.97008,0.23244,1.80000
full,10400,5,0.03881,-0.07311,0.96918,0.23246,1.80000
full,10410,5,0.03872,-0.07311,0.96918,0.23251,1.80000
full,10420,5,0.03849,-0.07311,0.96918,0.23259,1.80000
full,10430,5,0.03902,-0.07311,0.96918,0.23262,1.80000
full,10440,5,0.03949,-0.07312,0.96918,0.23264,1.80000
full,10450,5,0.03981,-0.07312,0.96918,0.23257,1.80000
full,10460,5,0.03974,-0.07312,0.96918,0.23250,1.80000
full,10470,5,0.03977,-0.07312,0.96918,0.23246,1.80000
full,10480,5,0.03958,-0.07301,0.96836,0.23247,1.80000
full,10490,5,0.03905,-0.07301,0.96836,0.23250,1.80000
full,10500,5,0.03923,-0.07301,0.96836,0.23255,1.80000
full,10510,5,0.03970,-0.07301,0.96836,0.23262,1.80000
full,10520,5,0.03969,-0.07229,0.96836,0.23269,1.80000
full,10530,5,0.03980,-0.07229,0.96836,0.23276,1.80000
full,10540,5,0.03942,-0.07229,0.96836,0.23282,1.80000
full,10550,5,0.03920,-0.07229,0.96836,0.23282,1.80000
full,10560,5,0.03900,-0.07501,0.96836,0.23265,1.80000
full,10570,5,0.03906,-0.07501,0.96836,0.23253,1.80000
full,10580,5,0.03911,-0.07501,0.96836,0.23246,1.80000
full,10590,5,0.03910,-0.07501,0.96836,0.23244,1.80000
full,10600,5,0.03973,-0.07529,0.96747,0.23246,1.80000
full,10610,5,0.03973,-0.07529,0.96747,0.23251,1.80000
full,10620,5,0.04018,-0.07529,0.96747,0.23259,1.80000
full,10630,5,0.03986,-0.07529,0.96747,0.23262,1.80000
full,10640,5,0.04025,-0.07516,0.96747,0.23264,1.80000
full,10650,5,0.03981,-0.07516,0.96747,0.23257,1.80000
full,10660,5,0.04010,-0.07516,0.96747,0.23250,1.80000
full,10670,5,0.04028,-0.07516,0.96747,0.23246,1.80000
full,10680,5,0.04044,-0.07255,0.96665,0.23247,1.80000
full,10690,5,0.04023,-0.07255,0.96665,0.23250,1.80000
full,10700,5,0.04040,-0.07255,0.96665,0.23255,1.80000
full,10710,5,0.04026,-0.07255,0.96665,0.23262,1.80000
full,10720,5,0.04046,-0.07251,0.96665,0.23269,1.80000
full,10730,5,0.04030,-0.07251,0.96665,0.23276,1.80000
full,10740,5,0.04077,-0.07251,0.96665,0.23282,1.80000
full,10750,5,0.04068,-0.07251,0.96665,0.23282,1.80000
full,10760,5,0.04088,-0.07259,0.96665,0.23265,1.80000
full,10770,5,0.04077,-0.07259,0.96665,0.23253,1.80000
full,10780,5,0.04035,-0.07259,0.96665,0.23246,1.80000
full,10790,5,0.04057,-0.07259,0.96665,0.23244,1.80000
full,10800,5,0.04061,-0.07439,0.96575,0.23246,1.80000
full,10810,5,0.04105,-0.07439,0.96575,0.23251,1.80000
full,10820,5,0.04073,-0.07439,0.96575,0.23259,1.80000
full,10830,5,0.04031,-0.07439,0.96575,0.23262,1.80000
full,10840,5,0.03989,-0.07387,0.96575,0.23264,1.80000
full,10850,5,0.03975,-0.07387,0.96575,0.23257,1.80000
full,10860,5,0.03903,-0.07387,0.96575,0.23250,1.80000
full,10870,5,0.03900,-0.07387,0.96575,0.23246,1.80000
full,10880,5,0.03934,-0.07451,0.96494,0.23247,1.80000
full,10890,5,0.04005,-0.07451,0.96494,0.23250,1.80000
full,10900,5,0.04025,-0.07451,0.96494,0.23255,1.80000
full,10910,5,0.04021,-0.07451,0.96494,0.23262,1.80000
full,10920,5,0.03999,-0.07310,0.96494,0.23269,1.80000
full,10930,5,0.03961,-0.07310,0.96494,0.23276,1.80000
full,10940,5,0.03983,-0.07310,0.96494,0.23282,1.80000
full,10950,5,0.04013,-0.07310,0.96494,0.23282,1.80000
full,10960,5,0.03973,-0.07138,0.96494,0.23265,1.80000
full,10970,5,0.03941,-0.07138,0.96494,0.23253,1.80000
full,10980,5,0.03958,-0.07138,0.96494,0.23246,1.80000
full,10990,5,0.04030,-0.07138,0.96494,0.23244,1.80000
full,11000,5,0.04002,-0.07243,0.96404,0.23246,1.80000
full,11010,5,0.03984,-0.07243,0.96404,0.23251,1.80000
full,11020,5,0.03992,-0.07243,0.96404,0.23259,1.80000
full,11030,5,0.03982,-0.07243,0.96404,0.23262,1.80000
full,11040,5,0.03992,-0.07181,0.96404,0.23264,1.80000
full,11050,5,0.03989,-0.07181,0.96404,0.23257,1.80000
full,11060,5,0.04013,-0.07181,0.96404,0.23250,1.80000
full,11070,5,0.03970,-0.07181,0.96404,0.23246,1.80000
full,11080,5,0.03946,-0.07110,0.96323,0.23247,1.80000
full,11090,5,0.03961,-0.07110,0.96323,0.23250,1.80000
full,11100,5,0.03943,-0.07110,0.96323,0.23255,1.80000
full,11110,5,0.03955,-0.07110,0.96323,0.23262,1.80000
full,11120,5,0.04002,-0.07058,0.96323,0.23269,1.80000
full,11130,5,0.04027,-0.07058,0.96323,0.23276,1.80000
full,11140,5,0.04035,-0.07058,0.96323,0.23282,1.80000
full,11150,5,0.04054,-0.07058,0.96323,0.23282,1.80000
full,11160,5,0.04056,-0.06960,0.96323,0.23265,1.80000
full,11170,5,0.04092,-0.06960,0.96323,0.23253,1.80000
full,11180,5,0.04110,-0.06960,0.96323,0.23246,1.80000
full,11190,5,0.04084,-0.06960,0.96323,0.23244,1.80000
uniform,0,0,0.10204,-0.30000,0.82763,0.00126,0.00000
uniform,10,0,0.12861,-0.30000,0.87796,0.01157,0.00000
uniform,20,0,0.13813,-0.30000,0.85191,0.01952,0.00000
uniform,30,0,0.13774,-0.30000,0.83072,0.02267,0.00000
uniform,40,0,0.13461,-0.22619,0.81348,0.02382,0.00000
uniform,50,0,0.13104,-0.22619,0.79455,0.02314,0.00000
uniform,60,0,0.12812,-0.22619,0.77923,0.02372,0.00000
uniform,70,0,0.12641,-0.22619,0.76598,0.02982,0.00000
uniform,80,0,0.12527,-0.17157,0.74992,0.03213,0.00000
uniform,90,0,0.12378,-0.17157,0.73329,0.03146,0.00000
uniform,100,0,0.12182,-0.17157,0.71377,0.03225,0.00000
uniform,110,0,0.12000,-0.17157,0.81218,0.03433,0.20000
uniform,120,0,0.11963,-0.14212,0.81218,0.04180,0.20000
uniform,130,0,0.11754,-0.14212,0.81218,0.04714,0.20000
uniform,140,0,0.11637,-0.14212,0.81218,0.05065,0.20000
uniform,150,0,0.11445,-0.14212,0.81218,0.05354,0.20000
uniform,160,0,0.11209,-0.12110,0.81218,0.05506,0.20000
uniform,170,0,0.10897,-0.12110,0.81218,0.05601,0.20000
uniform,180,0,0.10653,-0.12110,0.81218,0.05684,0.20000
uniform,190,0,0.10357,-0.12110,0.81218,0.05815,0.20000
uniform,200,0,0.10086,-0.10504,0.81218,0.05905,0.20000
uniform,210,0,0.09812,-0.10504,0.79655,0.05941,0.20000
uniform,220,0,0.09476,-0.10504,0.78220,0.05960,0.20000
uniform,230,0,0.09148,-0.10504,0.76449,0.05966,0.20000
uniform,240,0,0.08836,-0.08716,0.75357,0.05951,0.20000
uniform,250,0,0.08586,-0.08716,0.72785,0.05907,0.20000
uniform,260,0,0.08336,-0.08716,0.70978,0.05915,0.20000
uniform,270,0,0.08088,-0.08716,0.77199,0.05870,0.40000
uniform,280,0,0.07912,-0.07886,0.77035,0.05877,0.40000
uniform,290,0,0.07737,-0.07886,0.77386,0.05908,0.40000
uniform,300,0,0.07576,-0.07886,0.77033,0.05909,0.40000
uniform,310,0,0.07412,-0.07886,0.76994,0.05917,0.40000
uniform,320,0,0.07272,-0.07290,0.77058,0.05926,0.40000
uniform,330,0,0.07123,-0.07290,0.76309,0.05932,0.40000
uniform,340,0,0.06978,-0.07290,0.74860,0.05903,0.40000
uniform,350,0,0.06885,-0.07290,0.72997,0.05868,0.40000
uniform,360,0,0.06769,-0.06904,0.71743,0.05846,0.40000
uniform,370,0,0.06660,-0.06904,0.70803,0.05837,0.40000
uniform,380,0,0.06568,-0.06904,0.67935,0.05825,0.40000
uniform,390,0,0.06414,-0.06904,0.65576,0.05807,0.40000
uniform,400,0,0.06244,-0.06160,0.63750,0.05800,0.40000
uniform,410,0,0.06134,-0.06160,0.61779,0.05800,0.40000
uniform,420,0,0.05986,-0.06160,0.59750,0.05799,0.40000
uniform,430,0,0.05865,-0.06160,0.57518,0.05807,0.40000
uniform,440,0,0.05780,-0.05621,0.55646,0.05813,0.40000
uniform,450,0,0.05722,-0.05621,0.63282,0.05812,0.60000
uniform,460,0,0.05676,-0.05621,0.62720,0.05827,0.60000
uniform,470,0,0.05637,-0.05621,0.62063,0.05835,0.60000
uniform,480,0,0.05569,-0.05584,0.61567,0.05832,0.60000
uniform,490,0,0.05504,-0.05584,0.70051,0.05837,0.80000
uniform,500,0,0.05501,-0.05584,0.70051,0.05850,0.80000
uniform,510,0,0.05460,-0.05584,0.70051,0.05866,0.80000
uniform,520,0,0.05446,-0.05442,0.70051,0.05885,0.80000
uniform,530,0,0.05393,-0.05442,0.70051,0.05909,0.80000
uniform,540,0,0.05344,-0.05442,0.70051,0.05936,0.80000
uniform,550,0,0.05319,-0.05442,0.69169,0.05967,0.80000
uniform,560,0,0.05246,-0.05046,0.67112,0.06000,0.80000
uniform,570,0,0.05135,-0.05046,0.65548,0.06033,0.80000
uniform,580,0,0.05024,-0.05046,0.64435,0.06066,0.80000
uniform,590,0,0.04956,-0.05046,0.63008,0.06097,0.80000
uniform,600,0,0.04852,-0.04940,0.60790,0.06121,0.80000
uniform,610,0,0.04759,-0.04940,0.68080,0.06151,1.00000
uniform,620,0,0.04690,-0.04940,0.67587,0.06184,1.00000
uniform,630,0,0.04640,-0.04940,0.66848,0.06215,1.00000
uniform,640,0,0.04587,-0.04921,0.66151,0.06244,1.00000
uniform,650,0,0.04554,-0.04921,0.64809,0.06270,1.00000
uniform,660,0,0.04490,-0.04921,0.63639,0.06294,1.00000
uniform,670,0,0.04444,-0.04921,0.62541,0.06308,1.00000
uniform,680,0,0.04390,-0.04802,0.61475,0.06307,1.00000
uniform,690,0,0.04362,-0.04802,0.69968,0.06317,1.20000
uniform,700,0,0.04347,-0.04802,0.69968,0.06326,1.20000
uniform,710,0,0.04310,-0.04802,0.69788,0.06338,1.20000
uniform,720,0,0.04281,-0.04653,0.68022,0.06353,1.20000
uniform,730,0,0.04242,-0.04653,0.66330,0.06373,1.20000
uniform,740,0,0.04204,-0.04653,0.65230,0.06396,1.20000
uniform,750,0,0.04158,-0.04653,0.63937,0.06423,1.20000
uniform,760,0,0.04157,-0.04495,0.62736,0.06453,1.20000
uniform,770,0,0.04125,-0.04495,0.61654,0.06484,1.20000
uniform,780,0,0.04129,-0.04495,0.69968,0.06517,1.40000
uniform,790,0,0.04110,-0.04495,0.69044,0.06543,1.40000
uniform,800,0,0.04056,-0.04444,0.67464,0.06564,1.40000
uniform,810,0,0.04026,-0.04444,0.65969,0.06587,1.40000
uniform,820,0,0.04001,-0.04444,0.64803,0.06608,1.40000
uniform,830,0,0.03976,-0.04444,0.63283,0.06632,1.40000
uniform,840,0,0.03945,-0.04378,0.62241,0.06660,1.40000
uniform,850,0,0.03939,-0.04378,0.61120,0.06688,1.40000
uniform,860,0,0.03919,-0.04378,0.69884,0.06722,1.60000
uniform,870,0,0.03889,-0.04378,0.69884,0.06746,1.60000
uniform,880,0,0.03860,-0.04365,0.69362,0.06755,1.60000
uniform,890,0,0.03904,-0.04365,0.67236,0.06768,1.60000
uniform,900,0,0.03873,-0.04365,0.65649,0.06774,1.60000
uniform,910,0,0.03866,-0.04365,0.64373,0.06783,1.60000
uniform,920,0,0.03855,-0.04323,0.63034,0.06797,1.60000
uniform,930,0,0.03800,-0.04323,0.61737,0.06815,1.60000
uniform,940,0,0.03743,-0.04323,0.69884,0.06836,1.80000
uniform,950,0,0.03730,-0.04323,0.69884,0.06856,1.80000
uniform,960,0,0.03760,-0.04295,0.68942,0.06864,1.80000
uniform,970,0,0.03721,-0.04295,0.68046,0.06854,1.80000
uniform,980,0,0.03717,-0.04295,0.67125,0.06853,1.80000
uniform,990,0,0.03711,-0.04295,0.66182,0.06869,1.80000
uniform,1000,0,0.03733,-0.04361,0.65642,0.06884,1.80000
uniform,1010,0,0.03699,-0.04361,0.64640,0.06897,1.80000
uniform,1020,0,0.03651,-0.04361,0.63415,0.06911,1.80000
uniform,1030,0,0.03637,-0.04361,0.62355,0.06926,1.80000
uniform,1040,0,0.03615,-0.04235,0.61100,0.06939,1.80000
uniform,1050,0,0.03627,-0.04235,0.67977,0.06944,2.00000
uniform,1060,0,0.03597,-0.04235,0.66423,0.06951,2.00000
uniform,1070,0,0.03566,-0.04235,0.65108,0.06948,2.00000
uniform,1080,0,0.03549,-0.04141,0.64101,0.06933,2.00000
uniform,1090,0,0.03556,-0.04141,0.62904,0.06924,2.00000
uniform,1100,0,0.03550,-0.04141,0.61703,0.06910,2.00000
uniform,1110,0,0.03544,-0.04141,0.69801,0.06901,2.20000
uniform,1120,0,0.03563,-0.04110,0.69801,0.06899,2.20000
uniform,1130,0,0.03570,-0.04110,0.69801,0.06902,2.20000
uniform,1140,0,0.03548,-0.04110,0.69801,0.06910,2.20000
uniform,1150,0,0.03513,-0.04110,0.69282,0.06915,2.20000
uniform,1160,0,0.03485,-0.04199,0.67478,0.06926,2.20000
uniform,1170,0,0.03452,-0.04199,0.66444,0.06939,2.20000
uniform,1180,0,0.03446,-0.04199,0.65782,0.06949,2.20000
uniform,1190,0,0.03416,-0.04199,0.65290,0.06959,2.20000
uniform,1200,0,0.03400,-0.04091,0.64551,0.06969,2.20000
uniform,1210,0,0.03403,-0.04091,0.63160,0.06980,2.20000
uniform,1220,0,0.03395,-0.04091,0.61222,0.06982,2.20000
uniform,1230,0,0.03373,-0.04091,0.59667,0.06956,2.20000
uniform,1240,0,0.03337,-0.04076,0.58223,0.06918,2.20000
uniform,1250,0,0.03332,-0.04076,0.64923,0.06903,2.40000
uniform,1260,0,0.03327,-0.04076,0.63839,0.06907,2.40000
uniform,1270,0,0.03314,-0.04076,0.62783,0.06901,2.40000
uniform,1280,0,0.03350,-0.04038,0.61695,0.06883,2.40000
uniform,1290,0,0.03336,-0.04038,0.69717,0.06871,2.60000
uniform,1300,0,0.03332,-0.04038,0.69717,0.06855,2.60000
uniform,1310,0,0.03331,-0.04038,0.69717,0.06843,2.60000
uniform,1320,0,0.03314,-0.04089,0.69717,0.06838,2.60000
uniform,1330,0,0.03335,-0.04089,0.69717,0.06840,2.60000
uniform,1340,0,0.03323,-0.04089,0.69717,0.06846,2.60000
uniform,1350,0,0.03339,-0.04089,0.69717,0.06853,2.60000
uniform,1360,0,0.03351,-0.04216,0.68830,0.06856,2.60000
uniform,1370,0,0.03349,-0.04216,0.67850,0.06865,2.60000
uniform,1380,0,0.03338,-0.04216,0.67082,0.06844,2.60000
uniform,1390,0,0.03384,-0.04216,0.66115,0.06818,2.60000
uniform,1400,0,0.03371,-0.04103,0.63586,0.06801,2.60000
uniform,1410,0,0.03381,-0.04103,0.62018,0.06786,2.60000
uniform,1420,0,0.03376,-0.04103,0.60384,0.06772,2.60000
uniform,1430,0,0.03342,-0.04103,0.58963,0.06759,2.60000
uniform,1440,0,0.03332,-0.03928,0.57336,0.06744,2.60000
uniform,1450,0,0.03301,-0.03928,0.55685,0.06731,2.60000
uniform,1460,0,0.03287,-0.03928,0.63180,0.06722,2.80000
uniform,1470,0,0.03335,-0.03928,0.62593,0.06708,2.80000
uniform,1480,0,0.03364,-0.03884,0.62134,0.06677,2.80000
uniform,1490,0,0.03366,-0.03884,0.61715,0.06653,2.80000
uniform,1500,0,0.03404,-0.03884,0.61219,0.06625,2.80000
uniform,1510,0,0.03432,-0.03884,0.60670,0.06601,2.80000
uniform,1520,0,0.03443,-0.03781,0.69634,0.06595,3.00000
uniform,1530,0,0.03422,-0.03781,0.69634,0.06597,3.00000
uniform,1540,0,0.03441,-0.03781,0.69634,0.06602,3.00000
uniform,1550,0,0.03441,-0.03781,0.69634,0.06609,3.00000
uniform,1560,0,0.03441,-0.03792,0.69634,0.06617,3.00000
uniform,1570,0,0.03478,-0.03792,0.68418,0.06624,3.00000
uniform,1580,0,0.03492,-0.03792,0.66607,0.06631,3.00000
uniform,1590,0,0.03467,-0.03792,0.65702,0.06637,3.00000
uniform,1600,0,0.03448,-0.03745,0.64738,0.06643,3.00000
uniform,1610,0,0.03443,-0.03745,0.63590,0.06648,3.00000
uniform,1620,0,0.03493,-0.03745,0.62203,0.06644,3.00000
uniform,1630,0,0.03579,-0.03745,0.60488,0.06640,3.00000
uniform,1640,0,0.03586,-0.03970,0.68460,0.06638,3.20000
uniform,1650,0,0.03601,-0.03970,0.68460,0.06635,3.20000
uniform,1660,0,0.03614,-0.03970,0.68460,0.06633,3.20000
uniform,1670,0,0.03670,-0.03970,0.68460,0.06621,3.20000
uniform,1680,0,0.03667,-0.04170,0.68460,0.06599,3.20000
uniform,1690,0,0.03639,-0.04170,0.68460,0.06583,3.20000
uniform,1700,0,0.03705,-0.04170,0.68460,0.06563,3.20000
uniform,1710,0,0.03733,-0.04170,0.68460,0.06549,3.20000
uniform,1720,0,0.03710,-0.04424,0.68460,0.06542,3.20000
uniform,1730,0,0.03707,-0.04424,0.68460,0.06541,3.20000
uniform,1740,0,0.03709,-0.04424,0.68222,0.06545,3.20000
uniform,1750,0,0.03706,-0.04424,0.66732,0.06550,3.20000
uniform,1760,0,0.03694,-0.04608,0.65287,0.06557,3.20000
uniform,1770,0,0.03711,-0.04608,0.64389,0.06564,3.20000
uniform,1780,0,0.03663,-0.04608,0.63480,0.06571,3.20000
uniform,1790,0,0.03678,-0.04608,0.62419,0.06577,3.20000
uniform,1800,0,0.03658,-0.04655,0.61497,0.06582,3.20000
uniform,1810,0,0.03618,-0.04655,0.60563,0.06587,3.20000
uniform,1820,0,0.03601,-0.04655,0.59559,0.06592,3.20000
uniform,1830,0,0.03597,-0.04655,0.68377,0.06597,3.40000
uniform,1840,0,0.03609,-0.04709,0.68339,0.06600,3.40000
uniform,1850,0,0.03635,-0.04709,0.68339,0.06603,3.40000
uniform,1860,0,0.03698,-0.04709,0.68339,0.06606,3.40000
uniform,1870,0,0.03695,-0.04709,0.68339,0.06599,3.40000
uniform,1880,0,0.03709,-0.04902,0.68339,0.06581,3.40000
uniform,1890,0,0.03698,-0.04902,0.68339,0.06568,3.40000
uniform,1900,0,0.03705,-0.04902,0.68339,0.06552,3.40000
uniform,1910,0,0.03691,-0.04902,0.68339,0.06540,3.40000
uniform,1920,0,0.03689,-0.04854,0.68339,0.06536,3.40000
uniform,1930,0,0.03705,-0.04854,0.66447,0.06538,3.40000
uniform,1940,0,0.03696,-0.04854,0.64805,0.06544,3.40000
uniform,1950,0,0.03666,-0.04854,0.63876,0.06552,3.40000
uniform,1960,0,0.03656,-0.04853,0.62983,0.06561,3.40000
uniform,1970,0,0.03646,-0.04853,0.61897,0.06570,3.40000
uniform,1980,0,0.03621,-0.04853,0.60837,0.06578,3.40000
uniform,1990,0,0.03592,-0.04853,0.59948,0.06585,3.40000
uniform,2000,0,0.03586,-0.04841,0.68339,0.06592,3.60000
uniform,2010,0,0.03550,-0.04841,0.68339,0.06599,3.60000
uniform,2020,0,0.03576,-0.04841,0.68339,0.06604,3.60000
uniform,2030,0,0.03557,-0.04841,0.68255,0.06610,3.60000
uniform,2040,0,0.03612,-0.04875,0.68222,0.06614,3.60000
uniform,2050,0,0.03639,-0.04875,0.68222,0.06618,3.60000
uniform,2060,0,0.03657,-0.04875,0.68222,0.06622,3.60000
uniform,2070,0,0.03688,-0.04875,0.68222,0.06615,3.60000
uniform,2080,0,0.03692,-0.04810,0.68222,0.06597,3.60000
uniform,2090,0,0.03670,-0.04810,0.68222,0.06585,3.60000
uniform,2100,0,0.03664,-0.04810,0.67718,0.06569,3.60000
uniform,2110,0,0.03683,-0.04810,0.66676,0.06559,3.60000
uniform,2120,0,0.03730,-0.04961,0.65452,0.06555,3.60000
uniform,2130,0,0.03762,-0.04961,0.64508,0.06557,3.60000
uniform,2140,0,0.03760,-0.04961,0.63533,0.06563,3.60000
uniform,2150,0,0.03757,-0.04961,0.62608,0.06571,3.60000
uniform,2160,0,0.03731,-0.04989,0.61716,0.06580,3.60000
uniform,2170,0,0.03739,-0.04989,0.60694,0.06589,3.60000
uniform,2180,0,0.03717,-0.04989,0.59800,0.06597,3.60000
uniform,2190,0,0.03709,-0.04989,0.68222,0.06605,3.80000
uniform,2200,1,0.03718,-0.04914,0.68222,0.06611,3.80000
uniform,2210,1,0.03718,-0.04914,0.68222,0.06611,3.80000
uniform,2220,1,0.03718,-0.04830,0.68222,0.06611,3.80000
uniform,2230,1,0.03718,-0.04830,0.68222,0.06611,3.80000
uniform,2240,1,0.03718,-0.04592,0.68222,0.06611,3.80000
uniform,2250,1,0.03718,-0.04351,0.68222,0.06611,3.80000
uniform,2260,1,0.03718,-0.04351,0.68222,0.06611,3.80000
uniform,2270,1,0.03718,-0.04311,0.68222,0.06611,3.80000
uniform,2280,1,0.03718,-0.04311,0.68222,0.06611,3.80000
uniform,2290,1,0.03718,-0.04107,0.68222,0.06611,3.80000
uniform,2300,1,0.03718,-0.04096,0.68222,0.06611,3.80000
uniform,2310,1,0.03718,-0.04096,0.68222,0.06611,3.80000
uniform,2320,1,0.03718,-0.04040,0.68222,0.06611,3.80000
uniform,2330,1,0.03718,-0.04040,0.68222,0.06611,3.80000
uniform,2340,1,0.03718,-0.04076,0.68222,0.06611,3.80000
uniform,2350,1,0.03718,-0.04046,0.68222,0.06611,3.80000
uniform,2360,1,0.03718,-0.04046,0.68222,0.06611,3.80000
uniform,2370,1,0.03718,-0.03976,0.68222,0.06611,3.80000
uniform,2380,1,0.03718,-0.03976,0.68222,0.06611,3.80000
uniform,2390,1,0.03718,-0.03844,0.68222,0.06611,3.80000
uniform,2400,1,0.03718,-0.03832,0.68222,0.06611,3.80000
uniform,2410,1,0.03718,-0.03832,0.68222,0.06611,3.80000
uniform,2420,1,0.03718,-0.03754,0.68222,0.06611,3.80000
uniform,2430,1,0.03718,-0.03754,0.68222,0.06611,3.80000
uniform,2440,1,0.03718,-0.03665,0.68222,0.06611,3.80000
uniform,2450,1,0.03718,-0.03698,0.68222,0.06611,3.80000
uniform,2460,1,0.03718,-0.03698,0.68222,0.06611,3.80000
uniform,2470,1,0.03718,-0.03694,0.68222,0.06611,3.80000
uniform,2480,1,0.03718,-0.03694,0.68222,0.06611,3.80000
uniform,2490,1,0.03718,-0.03650,0.68222,0.06611,3.80000
uniform,2500,1,0.03718,-0.03553,0.68222,0.06611,3.80000
uniform,2510,1,0.03718,-0.03553,0.68222,0.06611,3.80000
uniform,2520,1,0.03718,-0.03614,0.68222,0.06611,3.80000
uniform,2530,1,0.03718,-0.03614,0.68222,0.06611,3.80000
uniform,2540,1,0.03718,-0.03497,0.68222,0.06611,3.80000
uniform,2550,1,0.03718,-0.03532,0.68222,0.06611,3.80000
uniform,2560,1,0.03718,-0.03532,0.68222,0.06611,3.80000
uniform,2570,1,0.03718,-0.03448,0.68222,0.06611,3.80000
uniform,2580,1,0.03718,-0.03448,0.68222,0.06611,3.80000
uniform,2590,1,0.03718,-0.03335,0.68222,0.06611,3.80000
uniform,2600,1,0.03718,-0.03317,0.68222,0.06611,3.80000
uniform,2610,1,0.03718,-0.03317,0.68222,0.06611,3.80000
uniform,2620,1,0.03718,-0.03323,0.68222,0.06611,3.80000
uniform,2630,1,0.03718,-0.03323,0.68222,0.06611,3.80000
uniform,2640,1,0.03718,-0.03423,0.68222,0.06611,3.80000
uniform,2650,1,0.03718,-0.03430,0.68222,0.06611,3.80000
uniform,2660,1,0.03718,-0.03430,0.68222,0.06611,3.80000
uniform,2670,1,0.03718,-0.03425,0.68222,0.06611,3.80000
uniform,2680,1,0.03718,-0.03425,0.68222,0.06611,3.80000
uniform,2690,1,0.03718,-0.03458,0.68222,0.06611,3.80000
uniform,2700,1,0.03718,-0.03395,0.68222,0.06611,3.80000
uniform,2710,1,0.03718,-0.03395,0.68222,0.06611,3.80000
uniform,2720,1,0.03718,-0.03329,0.68222,0.06611,3.80000
uniform,2730,1,0.03718,-0.03329,0.68222,0.06611,3.80000
uniform,2740,1,0.03718,-0.03344,0.68222,0.06611,3.80000
uniform,2750,1,0.03718,-0.03398,0.68222,0.06611,3.80000
uniform,2760,1,0.03718,-0.03398,0.68222,0.06611,3.80000
uniform,2770,1,0.03718,-0.03472,0.68222,0.06611,3.80000
uniform,2780,1,0.03718,-0.03472,0.68222,0.06611,3.80000
uniform,2790,1,0.03718,-0.03502,0.68222,0.06611,3.80000
uniform,2800,1,0.03718,-0.03466,0.68222,0.06611,3.80000
uniform,2810,1,0.03718,-0.03466,0.68222,0.06611,3.80000
uniform,2820,1,0.03718,-0.03431,0.68222,0.06611,3.80000
uniform,2830,1,0.03718,-0.03431,0.68222,0.06611,3.80000
uniform,2840,1,0.03718,-0.03415,0.68222,0.06611,3.80000
uniform,2850,1,0.03718,-0.03485,0.68222,0.06611,3.80000
uniform,2860,1,0.03718,-0.03485,0.68222,0.06611,3.80000
uniform,2870,1,0.03718,-0.03439,0.68222,0.06611,3.80000
uniform,2880,1,0.03718,-0.03439,0.68222,0.06611,3.80000
uniform,2890,1,0.03718,-0.03558,0.68222,0.06611,3.80000
uniform,2900,1,0.03718,-0.03609,0.68222,0.06611,3.80000
uniform,2910,1,0.03718,-0.03609,0.68222,0.06611,3.80000
uniform,2920,1,0.03718,-0.03557,0.68222,0.06611,3.80000
uniform,2930,1,0.03718,-0.03557,0.68222,0.06611,3.80000
uniform,2940,1,0.03718,-0.03509,0.68222,0.06611,3.80000
uniform,2950,1,0.03718,-0.03606,0.68222,0.06611,3.80000
uniform,2960,1,0.03718,-0.03606,0.68222,0.06611,3.80000
uniform,2970,1,0.03718,-0.03587,0.68222,0.06611,3.80000
uniform,2980,1,0.03718,-0.03587,0.68222,0.06611,3.80000
uniform,2990,1,0.03718,-0.03577,0.68222,0.06611,3.80000
uniform,3000,1,0.03718,-0.03609,0.68222,0.06611,3.80000
uniform,3010,1,0.03718,-0.03609,0.68222,0.06611,3.80000
uniform,3020,1,0.03718,-0.03520,0.68222,0.06611,3.80000
uniform,3030,1,0.03718,-0.03520,0.68222,0.06611,3.80000
uniform,3040,1,0.03718,-0.03541,0.68222,0.06611,3.80000
uniform,3050,1,0.03718,-0.03524,0.68222,0.06611,3.80000
uniform,3060,1,0.03718,-0.03524,0.68222,0.06611,3.80000
uniform,3070,1,0.03718,-0.03528,0.68222,0.06611,3.80000
uniform,3080,1,0.03718,-0.03528,0.68222,0.06611,3.80000
uniform,3090,1,0.03718,-0.03494,0.68222,0.06611,3.80000
uniform,3100,1,0.03718,-0.03393,0.68222,0.06611,3.80000
uniform,3110,1,0.03718,-0.03393,0.68222,0.06611,3.80000
uniform,3120,1,0.03718,-0.03426,0.68222,0.06611,3.80000
uniform,3130,1,0.03718,-0.03426,0.68222,0.06611,3.80000
uniform,3140,1,0.03718,-0.03412,0.68222,0.06611,3.80000
uniform,3150,1,0.03718,-0.03448,0.68222,0.06611,3.80000
uniform,3160,1,0.03718,-0.03448,0.68222,0.06611,3.80000
uniform,3170,1,0.03718,-0.03498,0.68222,0.06611,3.80000
uniform,3180,1,0.03718,-0.03498,0.68222,0.06611,3.80000
uniform,3190,1,0.03718,-0.03486,0.68222,0.06611,3.80000
uniform,3200,1,0.03718,-0.03602,0.68222,0.06611,3.80000
uniform,3210,1,0.03718,-0.03602,0.68222,0.06611,3.80000
uniform,3220,1,0.03718,-0.03594,0.68222,0.06611,3.80000
uniform,3230,1,0.03718,-0.03594,0.68222,0.06611,3.80000
uniform,3240,1,0.03718,-0.03537,0.68222,0.06611,3.80000
uniform,3250,1,0.03718,-0.03516,0.68222,0.06611,3.80000
uniform,3260,1,0.03718,-0.03516,0.68222,0.06611,3.80000
uniform,3270,1,0.03718,-0.03443,0.68222,0.06611,3.80000
uniform,3280,1,0.03718,-0.03443,0.68222,0.06611,3.80000
uniform,3290,1,0.03718,-0.03379,0.68222,0.06611,3.80000
uniform,3300,1,0.03718,-0.03385,0.68222,0.06611,3.80000
uniform,3310,1,0.03718,-0.03385,0.68222,0.06611,3.80000
uniform,3320,1,0.03718,-0.03281,0.68222,0.06611,3.80000
uniform,3330,1,0.03718,-0.03281,0.68222,0.06611,3.80000
uniform,3340,1,0.03718,-0.03327,0.68222,0.06611,3.80000
uniform,3350,1,0.03718,-0.03375,0.68222,0.06611,3.80000
uniform,3360,1,0.03718,-0.03375,0.68222,0.06611,3.80000
uniform,3370,1,0.03718,-0.03393,0.68222,0.06611,3.80000
uniform,3380,1,0.03718,-0.03393,0.68222,0.06611,3.80000
uniform,3390,1,0.03718,-0.03355,0.68222,0.06611,3.80000
uniform,3400,2,0.03728,-0.03317,0.68222,0.06612,3.80000
uniform,3410,2,0.03774,-0.03317,0.68222,0.06618,3.80000
uniform,3420,2,0.03751,-0.03317,0.68222,0.06624,3.80000
uniform,3430,2,0.03739,-0.03317,0.68139,0.06630,3.80000
uniform,3440,2,0.03754,-0.03359,0.68111,0.06634,3.80000
uniform,3450,2,0.03698,-0.03359,0.68111,0.06638,3.80000
uniform,3460,2,0.03751,-0.03359,0.68111,0.06642,3.80000
uniform,3470,2,0.03713,-0.03359,0.68111,0.06635,3.80000
uniform,3480,2,0.03750,-0.03424,0.68111,0.06618,3.80000
uniform,3490,2,0.03762,-0.03424,0.67339,0.06606,3.80000
uniform,3500,2,0.03728,-0.03424,0.66217,0.06590,3.80000
uniform,3510,2,0.03746,-0.03424,0.65104,0.06579,3.80000
uniform,3520,2,0.03790,-0.03476,0.64210,0.06575,3.80000
uniform,3530,2,0.03797,-0.03476,0.63317,0.06577,3.80000
uniform,3540,2,0.03761,-0.03476,0.62423,0.06584,3.80000
uniform,3550,2,0.03732,-0.03476,0.61530,0.06592,3.80000
uniform,3560,2,0.03707,-0.03508,0.60548,0.06601,3.80000
uniform,3570,2,0.03667,-0.03508,0.59433,0.06610,3.80000
uniform,3580,2,0.03634,-0.03508,0.68111,0.06618,4.00000
uniform,3590,2,0.03661,-0.03508,0.68111,0.06625,4.00000
uniform,3600,2,0.03656,-0.03533,0.68111,0.06632,4.00000
uniform,3610,2,0.03674,-0.03533,0.68111,0.06639,4.00000
uniform,3620,2,0.03626,-0.03533,0.68111,0.06645,4.00000
uniform,3630,2,0.03664,-0.03533,0.68027,0.06650,4.00000
uniform,3640,2,0.03697,-0.03567,0.68005,0.06655,4.00000
uniform,3650,2,0.03675,-0.03567,0.68005,0.06659,4.00000
uniform,3660,2,0.03678,-0.03567,0.68005,0.06663,4.00000
uniform,3670,2,0.03682,-0.03567,0.68005,0.06656,4.00000
uniform,3680,2,0.03691,-0.03468,0.66807,0.06638,4.00000
uniform,3690,2,0.03677,-0.03468,0.65554,0.06626,4.00000
uniform,3700,2,0.03653,-0.03468,0.64659,0.06610,4.00000
uniform,3710,2,0.03635,-0.03468,0.63723,0.06600,4.00000
uniform,3720,2,0.03648,-0.03463,0.62659,0.06595,4.00000
uniform,3730,2,0.03590,-0.03463,0.61727,0.06598,4.00000
uniform,3740,2,0.03585,-0.03463,0.60700,0.06604,4.00000
uniform,3750,2,0.03555,-0.03463,0.59800,0.06612,4.00000
uniform,3760,2,0.03561,-0.03476,0.68005,0.06621,4.20000
uniform,3770,2,0.03569,-0.03476,0.68005,0.06630,4.20000
uniform,3780,2,0.03537,-0.03476,0.68005,0.06638,4.20000
uniform,3790,2,0.03549,-0.03476,0.68005,0.06646,4.20000
uniform,3800,2,0.03548,-0.03567,0.68005,0.06653,4.20000
uniform,3810,2,0.03556,-0.03567,0.68005,0.06659,4.20000
uniform,3820,2,0.03594,-0.03567,0.68005,0.06665,4.20000
uniform,3830,2,0.03568,-0.03567,0.67921,0.06671,4.20000
uniform,3840,2,0.03576,-0.03582,0.67904,0.06676,4.20000
uniform,3850,2,0.03597,-0.03582,0.67904,0.06680,4.20000
uniform,3860,2,0.03584,-0.03582,0.67815,0.06683,4.20000
uniform,3870,2,0.03589,-0.03582,0.66921,0.06677,4.20000
uniform,3880,2,0.03587,-0.03598,0.65944,0.06659,4.20000
uniform,3890,2,0.03589,-0.03598,0.65005,0.06647,4.20000
uniform,3900,2,0.03547,-0.03598,0.64108,0.06631,4.20000
uniform,3910,2,0.03530,-0.03598,0.63214,0.06621,4.20000
uniform,3920,2,0.03524,-0.03611,0.62321,0.06617,4.20000
uniform,3930,2,0.03560,-0.03611,0.61427,0.06619,4.20000
uniform,3940,2,0.03542,-0.03611,0.60530,0.06625,4.20000
uniform,3950,2,0.03542,-0.03611,0.59623,0.06633,4.20000
uniform,3960,2,0.03571,-0.03775,0.67904,0.06642,4.40000
uniform,3970,2,0.03603,-0.03775,0.67904,0.06651,4.40000
uniform,3980,2,0.03611,-0.03775,0.67904,0.06659,4.40000
uniform,3990,2,0.03637,-0.03775,0.67904,0.06667,4.40000
uniform,4000,2,0.03599,-0.03782,0.67904,0.06674,4.40000
uniform,4010,2,0.03606,-0.03782,0.67904,0.06680,4.40000
uniform,4020,2,0.03606,-0.03782,0.67904,0.06686,4.40000
uniform,4030,2,0.03591,-0.03782,0.67820,0.06692,4.40000
uniform,4040,2,0.03620,-0.03821,0.67808,0.06697,4.40000
uniform,4050,2,0.03620,-0.03821,0.67808,0.06701,4.40000
uniform,4060,2,0.03628,-0.03821,0.67630,0.06704,4.40000
uniform,4070,2,0.03692,-0.03821,0.66313,0.06698,4.40000
uniform,4080,2,0.03683,-0.03839,0.65427,0.06680,4.40000
uniform,4090,2,0.03698,-0.03839,0.64541,0.06669,4.40000
uniform,4100,2,0.03659,-0.03839,0.63655,0.06653,4.40000
uniform,4110,2,0.03670,-0.03839,0.62768,0.06643,4.40000
uniform,4120,2,0.03689,-0.03795,0.61741,0.06639,4.40000
uniform,4130,2,0.03697,-0.03795,0.60854,0.06641,4.40000
uniform,4140,2,0.03692,-0.03795,0.59914,0.06648,4.40000
uniform,4150,2,0.03663,-0.03795,0.59027,0.06656,4.40000
uniform,4160,2,0.03661,-0.03840,0.67808,0.06665,4.60000
uniform,4170,2,0.03687,-0.03840,0.67808,0.06674,4.60000
uniform,4180,2,0.03719,-0.03840,0.67808,0.06682,4.60000
uniform,4190,2,0.03738,-0.03840,0.67808,0.06689,4.60000
uniform,4200,2,0.03748,-0.03843,0.67808,0.06696,4.60000
uniform,4210,2,0.03759,-0.03843,0.67808,0.06703,4.60000
uniform,4220,2,0.03764,-0.03843,0.67808,0.06709,4.60000
uniform,4230,2,0.03801,-0.03843,0.67725,0.06715,4.60000
uniform,4240,2,0.03801,-0.03823,0.67718,0.06719,4.60000
uniform,4250,2,0.03816,-0.03823,0.67718,0.06723,4.60000
uniform,4260,2,0.03809,-0.03823,0.66398,0.06727,4.60000
uniform,4270,2,0.03816,-0.03823,0.64885,0.06720,4.60000
uniform,4280,2,0.03800,-0.03870,0.63998,0.06702,4.60000
uniform,4290,2,0.03777,-0.03870,0.63095,0.06691,4.60000
uniform,4300,2,0.03767,-0.03870,0.62208,0.06675,4.60000
uniform,4310,2,0.03786,-0.03870,0.61320,0.06664,4.60000
uniform,4320,2,0.03820,-0.03841,0.60433,0.06660,4.60000
uniform,4330,2,0.03805,-0.03841,0.59546,0.06663,4.60000
uniform,4340,2,0.03796,-0.03841,0.67718,0.06669,4.80000
uniform,4350,2,0.03808,-0.03841,0.67718,0.06677,4.80000
uniform,4360,2,0.03863,-0.03852,0.67718,0.06686,4.80000
uniform,4370,2,0.03892,-0.03852,0.67718,0.06695,4.80000
uniform,4380,2,0.03890,-0.03852,0.67718,0.06703,4.80000
uniform,4390,2,0.03870,-0.03852,0.67718,0.06711,4.80000
uniform,4400,2,0.03868,-0.03830,0.67718,0.06718,4.80000
uniform,4410,2,0.03847,-0.03830,0.67718,0.06724,4.80000
uniform,4420,2,0.03866,-0.03830,0.67718,0.06730,4.80000
uniform,4430,2,0.03871,-0.03830,0.67634,0.06736,4.80000
uniform,4440,2,0.03926,-0.03892,0.67633,0.06740,4.80000
uniform,4450,2,0.03906,-0.03892,0.65995,0.06744,4.80000
uniform,4460,2,0.03900,-0.03892,0.64943,0.06748,4.80000
uniform,4470,2,0.03876,-0.03892,0.64046,0.06741,4.80000
uniform,4480,2,0.03869,-0.03925,0.62891,0.06723,4.80000
uniform,4490,2,0.03855,-0.03925,0.61621,0.06711,4.80000
uniform,4500,2,0.03872,-0.03925,0.60562,0.06695,4.80000
uniform,4510,2,0.03834,-0.03925,0.59663,0.06684,4.80000
uniform,4520,2,0.03835,-0.03885,0.58764,0.06679,4.80000
uniform,4530,2,0.03856,-0.03885,0.67633,0.06681,5.00000
uniform,4540,2,0.03880,-0.03885,0.67633,0.06688,5.00000
uniform,4550,2,0.03890,-0.03885,0.67633,0.06696,5.00000
uniform,4560,2,0.03889,-0.03855,0.67633,0.06705,5.00000
uniform,4570,2,0.03902,-0.03855,0.67633,0.06714,5.00000
uniform,4580,2,0.03895,-0.03855,0.67633,0.06722,5.00000
uniform,4590,2,0.03882,-0.03855,0.67633,0.06730,5.00000
uniform,4600,2,0.03865,-0.03829,0.67633,0.06737,5.00000
uniform,4610,2,0.03869,-0.03829,0.67633,0.06743,5.00000
uniform,4620,2,0.03909,-0.03829,0.67633,0.06749,5.00000
uniform,4630,2,0.03953,-0.03829,0.66404,0.06755,5.00000
uniform,4640,2,0.03931,-0.03746,0.65328,0.06759,5.00000
uniform,4650,2,0.03889,-0.03746,0.64398,0.06763,5.00000
uniform,4660,2,0.03895,-0.03746,0.63306,0.06766,5.00000
uniform,4670,2,0.03928,-0.03746,0.62407,0.06759,5.00000
uniform,4680,2,0.03907,-0.03815,0.61508,0.06742,5.00000
uniform,4690,2,0.03921,-0.03815,0.60608,0.06730,5.00000
uniform,4700,2,0.03922,-0.03815,0.59709,0.06714,5.00000
uniform,4710,2,0.03907,-0.03815,0.58810,0.06703,5.00000
uniform,4720,2,0.03918,-0.03838,0.67553,0.06699,5.20000
uniform,4730,2,0.03922,-0.03838,0.67553,0.06701,5.20000
uniform,4740,2,0.03904,-0.03838,0.67553,0.06708,5.20000
uniform,4750,2,0.03913,-0.03838,0.67553,0.06716,5.20000
uniform,4760,2,0.03954,-0.03848,0.67553,0.06725,5.20000
uniform,4770,2,0.04001,-0.03848,0.67553,0.06733,5.20000
uniform,4780,2,0.04008,-0.03848,0.67553,0.06742,5.20000
uniform,4790,2,0.03982,-0.03848,0.67553,0.06749,5.20000
uniform,4800,2,0.03975,-0.03770,0.67553,0.06756,5.20000
uniform,4810,2,0.03995,-0.03770,0.67553,0.06763,5.20000
uniform,4820,2,0.04055,-0.03770,0.66887,0.06769,5.20000
uniform,4830,2,0.04058,-0.03770,0.65904,0.06774,5.20000
uniform,4840,2,0.04042,-0.03785,0.64751,0.06779,5.20000
uniform,4850,2,0.04029,-0.03785,0.63852,0.06783,5.20000
uniform,4860,2,0.04050,-0.03785,0.62953,0.06786,5.20000
uniform,4870,2,0.04033,-0.03785,0.62055,0.06780,5.20000
uniform,4880,2,0.04050,-0.03787,0.61108,0.06762,5.20000
uniform,4890,2,0.04053,-0.03787,0.60117,0.06750,5.20000
uniform,4900,2,0.04080,-0.03787,0.59218,0.06734,5.20000
uniform,4910,2,0.04072,-0.03787,0.67478,0.06723,5.40000
uniform,4920,2,0.04083,-0.03712,0.67478,0.06719,5.40000
uniform,4930,2,0.04064,-0.03712,0.67478,0.06722,5.40000
uniform,4940,2,0.04043,-0.03712,0.67478,0.06728,5.40000
uniform,4950,2,0.04011,-0.03712,0.67478,0.06736,5.40000
uniform,4960,2,0.04004,-0.03734,0.67478,0.06745,5.40000
uniform,4970,2,0.03958,-0.03734,0.67478,0.06754,5.40000
uniform,4980,2,0.03942,-0.03734,0.67478,0.06762,5.40000
uniform,4990,2,0.03900,-0.03734,0.67478,0.06770,5.40000
uniform,5000,2,0.03930,-0.03776,0.67478,0.06777,5.40000
uniform,5010,2,0.03977,-0.03776,0.67121,0.06783,5.40000
uniform,5020,2,0.03983,-0.03776,0.66135,0.06789,5.40000
uniform,5030,2,0.04002,-0.03776,0.65153,0.06795,5.40000
uniform,5040,2,0.03981,-0.03699,0.64269,0.06799,5.40000
uniform,5050,2,0.03946,-0.03699,0.63184,0.06803,5.40000
uniform,5060,2,0.03948,-0.03699,0.62286,0.06807,5.40000
uniform,5070,2,0.03958,-0.03699,0.61228,0.06800,5.40000
uniform,5080,2,0.03968,-0.03767,0.60326,0.06783,5.40000
uniform,5090,2,0.03966,-0.03767,0.59386,0.06771,5.40000
uniform,5100,2,0.03963,-0.03767,0.67409,0.06755,5.60000
uniform,5110,2,0.04023,-0.03767,0.67409,0.06744,5.60000
uniform,5120,2,0.04029,-0.03847,0.67409,0.06740,5.60000
uniform,5130,2,0.04044,-0.03847,0.67409,0.06742,5.60000
uniform,5140,2,0.04036,-0.03847,0.67409,0.06749,5.60000
uniform,5150,2,0.04072,-0.03847,0.67409,0.06757,5.60000
uniform,5160,2,0.04097,-0.03787,0.67409,0.06766,5.60000
uniform,5170,2,0.04099,-0.03787,0.67409,0.06775,5.60000
uniform,5180,2,0.04085,-0.03787,0.67409,0.06783,5.60000
uniform,5190,2,0.04113,-0.03787,0.67409,0.06791,5.60000
uniform,5200,2,0.04115,-0.03827,0.67409,0.06798,5.60000
uniform,5210,2,0.04148,-0.03827,0.65595,0.06804,5.60000
uniform,5220,2,0.04176,-0.03827,0.64652,0.06810,5.60000
uniform,5230,2,0.04169,-0.03827,0.63473,0.06816,5.60000
uniform,5240,2,0.04154,-0.03806,0.62594,0.06820,5.60000
uniform,5250,2,0.04128,-0.03806,0.61695,0.06824,5.60000
uniform,5260,2,0.04115,-0.03806,0.60796,0.06828,5.60000
uniform,5270,2,0.04078,-0.03806,0.59897,0.06821,5.60000
uniform,5280,2,0.04082,-0.03866,0.58991,0.06804,5.60000
uniform,5290,2,0.04090,-0.03866,0.67344,0.06792,5.80000
uniform,5300,2,0.04067,-0.03866,0.67344,0.06776,5.80000
uniform,5310,2,0.04074,-0.03866,0.67344,0.06765,5.80000
uniform,5320,2,0.04101,-0.03944,0.67344,0.06761,5.80000
uniform,5330,2,0.04114,-0.03944,0.67344,0.06763,5.80000
uniform,5340,2,0.04133,-0.03944,0.67344,0.06770,5.80000
uniform,5350,2,0.04162,-0.03944,0.67344,0.06778,5.80000
uniform,5360,2,0.04137,-0.03973,0.67344,0.06787,5.80000
uniform,5370,2,0.04157,-0.03973,0.67344,0.06796,5.80000
uniform,5380,2,0.04195,-0.03973,0.67344,0.06804,5.80000
uniform,5390,2,0.04139,-0.03973,0.66767,0.06811,5.80000
uniform,5400,2,0.04217,-0.03978,0.65707,0.06818,5.80000
uniform,5410,2,0.04243,-0.03978,0.64627,0.06825,5.80000
uniform,5420,2,0.04200,-0.03978,0.63728,0.06831,5.80000
uniform,5430,2,0.04201,-0.03978,0.62740,0.06836,5.80000
uniform,5440,2,0.04184,-0.03888,0.61856,0.06841,5.80000
uniform,5450,2,0.04216,-0.03888,0.60814,0.06845,5.80000
uniform,5460,2,0.04209,-0.03888,0.59673,0.06849,5.80000
uniform,5470,2,0.04235,-0.03888,0.58625,0.06842,5.80000
uniform,5480,2,0.04209,-0.03954,0.67285,0.06824,6.00000
uniform,5490,2,0.04204,-0.03954,0.67285,0.06812,6.00000
uniform,5500,2,0.04193,-0.03954,0.67285,0.06797,6.00000
uniform,5510,2,0.04241,-0.03954,0.67285,0.06786,6.00000
uniform,5520,2,0.04233,-0.03906,0.67285,0.06782,6.00000
uniform,5530,2,0.04278,-0.03906,0.67285,0.06784,6.00000
uniform,5540,2,0.04238,-0.03906,0.67285,0.06791,6.00000
uniform,5550,2,0.04227,-0.03906,0.67285,0.06798,6.00000
uniform,5560,2,0.04270,-0.03994,0.67285,0.06808,6.00000
uniform,5570,2,0.04246,-0.03994,0.67285,0.06816,6.00000
uniform,5580,2,0.04211,-0.03994,0.66544,0.06825,6.00000
uniform,5590,2,0.04216,-0.03994,0.65645,0.06832,6.00000
uniform,5600,3,0.04280,-0.03890,0.66917,0.06967,6.00000
uniform,5610,3,0.04562,-0.03890,0.78285,0.08058,6.00000
uniform,5620,3,0.04863,-0.03890,0.78285,0.08852,6.00000
uniform,5630,3,0.05026,-0.03890,0.79021,0.09375,6.00000
uniform,5640,3,0.05127,-0.04135,0.78938,0.09678,6.00000
uniform,5650,3,0.05316,-0.04135,0.78938,0.10602,6.00000
uniform,5660,3,0.05327,-0.04135,0.78938,0.11279,6.00000
uniform,5670,3,0.05378,-0.04135,0.78938,0.11656,6.00000
uniform,5680,3,0.05428,-0.04542,0.78938,0.11767,6.00000
uniform,5690,3,0.05427,-0.04542,0.78938,0.11649,6.00000
uniform,5700,3,0.05434,-0.04542,0.78193,0.11424,6.00000
uniform,5710,3,0.05418,-0.04542,0.77370,0.11214,6.00000
uniform,5720,3,0.05412,-0.05383,0.76447,0.11032,6.00000
uniform,5730,3,0.05365,-0.05383,0.75719,0.10876,6.00000
uniform,5740,3,0.05367,-0.05383,0.75085,0.10741,6.00000
uniform,5750,3,0.05332,-0.05383,0.74445,0.10622,6.00000
uniform,5760,3,0.05326,-0.06084,0.73637,0.10501,6.00000
uniform,5770,3,0.05298,-0.06084,0.72591,0.10393,6.00000
uniform,5780,3,0.05261,-0.06084,0.71689,0.10300,6.00000
uniform,5790,3,0.05238,-0.06084,0.74216,0.10342,6.00000
uniform,5800,3,0.05208,-0.06396,0.73430,0.10248,6.00000
uniform,5810,3,0.05182,-0.06396,0.72647,0.10164,6.00000
uniform,5820,3,0.05159,-0.06396,0.71576,0.10086,6.00000
uniform,5830,3,0.05138,-0.06396,0.71488,0.10014,6.00000
uniform,5840,3,0.05142,-0.06434,0.70672,0.09950,6.00000
uniform,5850,3,0.05123,-0.06434,0.70017,0.09897,6.00000
uniform,5860,3,0.05150,-0.06434,0.69520,0.09854,6.00000
uniform,5870,3,0.05123,-0.06434,0.68916,0.09801,6.00000
uniform,5880,3,0.05116,-0.06631,0.67845,0.09732,6.00000
uniform,5890,3,0.05113,-0.06631,0.66827,0.09679,6.00000
uniform,5900,3,0.05073,-0.06631,0.65963,0.09639,6.00000
uniform,5910,3,0.05085,-0.06631,0.65408,0.09610,6.00000
uniform,5920,3,0.05078,-0.06629,0.64736,0.09592,6.00000
uniform,5930,3,0.05014,-0.06629,0.63669,0.09567,6.00000
uniform,5940,3,0.05031,-0.06629,0.62814,0.09546,6.00000
uniform,5950,3,0.04988,-0.06629,0.61937,0.09531,6.00000
uniform,5960,3,0.04938,-0.06648,0.61176,0.09520,6.00000
uniform,5970,3,0.04915,-0.06648,0.60590,0.09513,6.00000
uniform,5980,3,0.04942,-0.06648,0.59940,0.09509,6.00000
uniform,5990,3,0.04911,-0.06648,0.59488,0.09508,6.00000
uniform,6000,3,0.04934,-0.06762,0.68427,0.09515,6.20000
uniform,6010,3,0.04961,-0.06762,0.68427,0.09523,6.20000
uniform,6020,3,0.04939,-0.06762,0.68427,0.09530,6.20000
uniform,6030,3,0.04972,-0.06762,0.69163,0.09533,6.20000
uniform,6040,3,0.04997,-0.06870,0.69080,0.09535,6.20000
uniform,6050,3,0.05001,-0.06870,0.69080,0.09537,6.20000
uniform,6060,3,0.04990,-0.06870,0.69080,0.09540,6.20000
uniform,6070,3,0.04978,-0.06870,0.69080,0.09532,6.20000
uniform,6080,3,0.04976,-0.06854,0.69080,0.09513,6.20000
uniform,6090,3,0.04974,-0.06854,0.69080,0.09500,6.20000
uniform,6100,3,0.05030,-0.06854,0.74171,0.09679,6.20000
uniform,6110,3,0.05127,-0.06854,0.79998,0.10109,6.20000
uniform,6120,3,0.05173,-0.06651,0.79998,0.10542,6.20000
uniform,6130,3,0.05209,-0.06651,0.79998,0.10761,6.20000
uniform,6140,3,0.05240,-0.06651,0.79998,0.10843,6.20000
uniform,6150,3,0.05280,-0.06651,0.79998,0.11111,6.20000
uniform,6160,3,0.05271,-0.06762,0.79998,0.11258,6.20000
uniform,6170,3,0.05276,-0.06762,0.79998,0.11302,6.20000
uniform,6180,3,0.05264,-0.06762,0.79998,0.11253,6.20000
uniform,6190,3,0.05258,-0.06762,0.79918,0.11121,6.20000
uniform,6200,3,0.05215,-0.07030,0.79440,0.10964,6.20000
uniform,6210,3,0.05211,-0.07030,0.78998,0.10823,6.20000
uniform,6220,3,0.05191,-0.07030,0.78543,0.10695,6.20000
uniform,6230,3,0.05160,-0.07030,0.80734,0.10690,6.20000
uniform,6240,3,0.05152,-0.07183,0.80652,0.10673,6.20000
uniform,6250,3,0.05154,-0.07183,0.80056,0.10563,6.20000
uniform,6260,3,0.05105,-0.07183,0.79472,0.10455,6.20000
uniform,6270,3,0.05084,-0.07183,0.78527,0.10341,6.20000
uniform,6280,3,0.05042,-0.07105,0.77744,0.10225,6.20000
uniform,6290,3,0.05010,-0.07105,0.77158,0.10129,6.20000
uniform,6300,3,0.04992,-0.07105,0.76547,0.10049,6.20000
uniform,6310,3,0.04957,-0.07105,0.76075,0.09983,6.20000
uniform,6320,3,0.04952,-0.07076,0.75366,0.09926,6.20000
uniform,6330,3,0.04917,-0.07076,0.80569,0.10208,6.20000
uniform,6340,3,0.04907,-0.07076,0.80569,0.10587,6.20000
uniform,6350,3,0.04853,-0.07076,0.80569,0.10789,6.20000
uniform,6360,3,0.04818,-0.06938,0.80569,0.10820,6.20000
uniform,6370,3,0.04796,-0.06938,0.80456,0.10787,6.20000
uniform,6380,3,0.04800,-0.06938,0.79535,0.10668,6.20000
uniform,6390,3,0.04751,-0.06938,0.78701,0.10553,6.20000
uniform,6400,3,0.04739,-0.07119,0.77998,0.10450,6.20000
uniform,6410,3,0.04728,-0.07119,0.77163,0.10358,6.20000
uniform,6420,3,0.04691,-0.07119,0.76028,0.10266,6.20000
uniform,6430,3,0.04649,-0.07119,0.76110,0.10179,6.20000
uniform,6440,3,0.04628,-0.07187,0.75402,0.10099,6.20000
uniform,6450,3,0.04625,-0.07187,0.74806,0.10030,6.20000
uniform,6460,3,0.04611,-0.07187,0.74239,0.09969,6.20000
uniform,6470,3,0.04597,-0.07187,0.73682,0.09905,6.20000
uniform,6480,3,0.04589,-0.07021,0.73150,0.09835,6.20000
uniform,6490,3,0.04604,-0.07021,0.72648,0.09779,6.20000
uniform,6500,3,0.04603,-0.07021,0.72059,0.09734,6.20000
uniform,6510,3,0.04580,-0.07021,0.78406,0.09928,6.20000
uniform,6520,3,0.04581,-0.06911,0.80713,0.10042,6.20000
uniform,6530,3,0.04580,-0.06911,0.80228,0.09985,6.20000
uniform,6540,3,0.04609,-0.06911,0.79778,0.09937,6.20000
uniform,6550,3,0.04600,-0.06911,0.79363,0.09895,6.20000
uniform,6560,3,0.04588,-0.06950,0.78749,0.09850,6.20000
uniform,6570,3,0.04587,-0.06950,0.77972,0.09811,6.20000
uniform,6580,3,0.04576,-0.06950,0.77266,0.09772,6.20000
uniform,6590,3,0.04613,-0.06950,0.76354,0.09736,6.20000
uniform,6600,3,0.04606,-0.06949,0.75231,0.09705,6.20000
uniform,6610,3,0.04585,-0.06949,0.74553,0.09678,6.20000
uniform,6620,3,0.04566,-0.06949,0.73876,0.09654,6.20000
uniform,6630,3,0.04554,-0.06949,0.79416,0.09818,6.20000
uniform,6640,3,0.04566,-0.06811,0.81306,0.09927,6.20000
uniform,6650,3,0.04544,-0.06811,0.80491,0.09877,6.20000
uniform,6660,3,0.04553,-0.06811,0.79857,0.09832,6.20000
uniform,6670,3,0.04502,-0.06811,0.79308,0.09782,6.20000
uniform,6680,3,0.04520,-0.06845,0.78767,0.09725,6.20000
uniform,6690,3,0.04520,-0.06845,0.78283,0.09680,6.20000
uniform,6700,3,0.04557,-0.06845,0.77461,0.09645,6.20000
uniform,6710,3,0.04540,-0.06845,0.76979,0.09617,6.20000
uniform,6720,3,0.04522,-0.07050,0.76406,0.09592,6.20000
uniform,6730,3,0.04508,-0.07050,0.75547,0.09576,6.20000
uniform,6740,3,0.04501,-0.07050,0.75150,0.09573,6.20000
uniform,6750,3,0.04490,-0.07050,0.75019,0.09578,6.20000
uniform,6760,3,0.04443,-0.06963,0.74163,0.09565,6.20000
uniform,6770,3,0.04476,-0.06963,0.73551,0.09553,6.20000
uniform,6780,3,0.04483,-0.06963,0.72683,0.09543,6.20000
uniform,6790,3,0.04481,-0.06963,0.71813,0.09537,6.20000
uniform,6800,3,0.04503,-0.07077,0.71070,0.09529,6.20000
uniform,6810,3,0.04489,-0.07077,0.70575,0.09527,6.20000
uniform,6820,3,0.04478,-0.07077,0.69757,0.09520,6.20000
uniform,6830,3,0.04455,-0.07077,0.69619,0.09507,6.20000
uniform,6840,3,0.04478,-0.07229,0.68973,0.09497,6.20000
uniform,6850,3,0.04481,-0.07229,0.68467,0.09491,6.20000
uniform,6860,3,0.04516,-0.07229,0.67583,0.09488,6.20000
uniform,6870,3,0.04517,-0.07229,0.66623,0.09463,6.20000
uniform,6880,3,0.04515,-0.06949,0.65668,0.09432,6.20000
uniform,6890,3,0.04514,-0.06949,0.65034,0.09411,6.20000
uniform,6900,3,0.04540,-0.06949,0.64252,0.09399,6.20000
uniform,6910,3,0.04496,-0.06949,0.63703,0.09395,6.20000
uniform,6920,3,0.04474,-0.06923,0.63275,0.09398,6.20000
uniform,6930,3,0.04445,-0.06923,0.62471,0.09391,6.20000
uniform,6940,3,0.04409,-0.06923,0.71283,0.09396,6.40000
uniform,6950,3,0.04397,-0.06923,0.71283,0.09404,6.40000
uniform,6960,3,0.04435,-0.06807,0.71283,0.09411,6.40000
uniform,6970,3,0.04448,-0.06807,0.71283,0.09417,6.40000
uniform,6980,3,0.04418,-0.06807,0.71283,0.09422,6.40000
uniform,6990,3,0.04427,-0.06807,0.71283,0.09427,6.40000
uniform,7000,3,0.04394,-0.06655,0.71283,0.09432,6.40000
uniform,7010,3,0.04384,-0.06655,0.71283,0.09436,6.40000
uniform,7020,3,0.04401,-0.06655,0.71283,0.09440,6.40000
uniform,7030,3,0.04383,-0.06655,0.72019,0.09439,6.40000
uniform,7040,3,0.04359,-0.06446,0.70759,0.09431,6.40000
uniform,7050,3,0.04337,-0.06446,0.69910,0.09424,6.40000
uniform,7060,3,0.04296,-0.06446,0.69266,0.09421,6.40000
uniform,7070,3,0.04290,-0.06446,0.68194,0.09409,6.40000
uniform,7080,3,0.04273,-0.06610,0.68276,0.09410,6.40000
uniform,7090,3,0.04259,-0.06610,0.68478,0.09427,6.40000
uniform,7100,3,0.04262,-0.06610,0.67695,0.09408,6.40000
uniform,7110,3,0.04316,-0.06610,0.67057,0.09397,6.40000
uniform,7120,3,0.04333,-0.06723,0.66467,0.09395,6.40000
uniform,7130,3,0.04313,-0.06723,0.65939,0.09398,6.40000
uniform,7140,3,0.04348,-0.06723,0.65487,0.09407,6.40000
uniform,7150,3,0.04310,-0.06723,0.64842,0.09408,6.40000
uniform,7160,3,0.04302,-0.06579,0.64099,0.09405,6.40000
uniform,7170,3,0.04307,-0.06579,0.63411,0.09405,6.40000
uniform,7180,3,0.04296,-0.06579,0.71854,0.09407,6.60000
uniform,7190,3,0.04305,-0.06579,0.71854,0.09412,6.60000
uniform,7200,3,0.04347,-0.06438,0.71854,0.09416,6.60000
uniform,7210,3,0.04327,-0.06438,0.71854,0.09420,6.60000
uniform,7220,3,0.04364,-0.06438,0.71854,0.09424,6.60000
uniform,7230,3,0.04391,-0.06438,0.72590,0.09424,6.60000
uniform,7240,3,0.04463,-0.06472,0.72508,0.09422,6.60000
uniform,7250,3,0.04535,-0.06472,0.72508,0.09421,6.60000
uniform,7260,3,0.04545,-0.06472,0.72508,0.09422,6.60000
uniform,7270,3,0.04526,-0.06472,0.72508,0.09412,6.60000
uniform,7280,3,0.04526,-0.06544,0.72358,0.09390,6.60000
uniform,7290,3,0.04521,-0.06544,0.71186,0.09373,6.60000
uniform,7300,3,0.04488,-0.06544,0.70408,0.09361,6.60000
uniform,7310,3,0.04591,-0.06544,0.69583,0.09357,6.60000
uniform,7320,3,0.04554,-0.06562,0.69029,0.09359,6.60000
uniform,7330,3,0.04587,-0.06562,0.68523,0.09368,6.60000
uniform,7340,3,0.04556,-0.06562,0.67863,0.09380,6.60000
uniform,7350,3,0.04564,-0.06562,0.67248,0.09386,6.60000
uniform,7360,3,0.04539,-0.06555,0.66456,0.09396,6.60000
uniform,7370,3,0.04559,-0.06555,0.65827,0.09403,6.60000
uniform,7380,3,0.04568,-0.06555,0.65280,0.09408,6.60000
uniform,7390,3,0.04578,-0.06555,0.64593,0.09414,6.60000
uniform,7400,3,0.04592,-0.06413,0.64122,0.09421,6.60000
uniform,7410,3,0.04627,-0.06413,0.63448,0.09428,6.60000
uniform,7420,3,0.04629,-0.06413,0.72426,0.09432,6.80000
uniform,7430,3,0.04567,-0.06413,0.73162,0.09431,6.80000
uniform,7440,3,0.04508,-0.06333,0.73079,0.09430,6.80000
uniform,7450,3,0.04489,-0.06333,0.73079,0.09429,6.80000
uniform,7460,3,0.04524,-0.06333,0.73079,0.09429,6.80000
uniform,7470,3,0.04498,-0.06333,0.73079,0.09419,6.80000
uniform,7480,3,0.04474,-0.06262,0.73079,0.09398,6.80000
uniform,7490,3,0.04466,-0.06262,0.73079,0.09384,6.80000
uniform,7500,3,0.04462,-0.06262,0.72997,0.09376,6.80000
uniform,7510,3,0.04457,-0.06262,0.72997,0.09373,6.80000
uniform,7520,3,0.04509,-0.06494,0.72121,0.09376,6.80000
uniform,7530,3,0.04498,-0.06494,0.71631,0.09382,6.80000
uniform,7540,3,0.04458,-0.06494,0.71043,0.09386,6.80000
uniform,7550,3,0.04411,-0.06494,0.70488,0.09391,6.80000
uniform,7560,3,0.04405,-0.06507,0.69966,0.09398,6.80000
uniform,7570,3,0.04425,-0.06507,0.69477,0.09404,6.80000
uniform,7580,3,0.04405,-0.06507,0.69021,0.09412,6.80000
uniform,7590,3,0.04338,-0.06507,0.68598,0.09420,6.80000
uniform,7600,3,0.04375,-0.06491,0.67937,0.09422,6.80000
uniform,7610,3,0.04368,-0.06491,0.72996,0.09646,6.80000
uniform,7620,3,0.04331,-0.06491,0.72043,0.09628,6.80000
uniform,7630,3,0.04323,-0.06491,0.72051,0.09611,6.80000
uniform,7640,3,0.04290,-0.06360,0.71536,0.09595,6.80000
uniform,7650,3,0.04303,-0.06360,0.70802,0.09575,6.80000
uniform,7660,3,0.04345,-0.06360,0.70039,0.09557,6.80000
uniform,7670,3,0.04316,-0.06360,0.69407,0.09531,6.80000
uniform,7680,3,0.04331,-0.06387,0.68548,0.09494,6.80000
uniform,7690,3,0.04359,-0.06387,0.67742,0.09465,6.80000
uniform,7700,3,0.04334,-0.06387,0.67040,0.09442,6.80000
uniform,7710,3,0.04337,-0.06387,0.66453,0.09426,6.80000
uniform,7720,3,0.04330,-0.06386,0.65726,0.09415,6.80000
uniform,7730,3,0.04356,-0.06386,0.65004,0.09408,6.80000
uniform,7740,3,0.04354,-0.06386,0.73568,0.09405,7.00000
uniform,7750,3,0.04353,-0.06386,0.73568,0.09413,7.00000
uniform,7760,3,0.04382,-0.06115,0.73568,0.09420,7.00000
uniform,7770,3,0.04375,-0.06115,0.73568,0.09426,7.00000
uniform,7780,3,0.04395,-0.06115,0.73568,0.09431,7.00000
uniform,7790,3,0.04403,-0.06115,0.73568,0.09436,7.00000
uniform,7800,4,0.04397,-0.06095,0.73568,0.09440,7.00000
uniform,7810,4,0.04397,-0.06095,0.73568,0.09440,7.00000
uniform,7820,4,0.04397,-0.06111,0.73568,0.09440,7.00000
uniform,7830,4,0.04397,-0.06111,0.73568,0.09440,7.00000
uniform,7840,4,0.04397,-0.06105,0.73568,0.09440,7.00000
uniform,7850,4,0.04397,-0.05970,0.73568,0.09440,7.00000
uniform,7860,4,0.04397,-0.05970,0.73568,0.09440,7.00000
uniform,7870,4,0.04397,-0.06114,0.73568,0.09440,7.00000
uniform,7880,4,0.04397,-0.06114,0.73568,0.09440,7.00000
uniform,7890,4,0.04397,-0.06070,0.73568,0.09440,7.00000
uniform,7900,4,0.04397,-0.06033,0.73568,0.09440,7.00000
uniform,7910,4,0.04397,-0.06033,0.73568,0.09440,7.00000
uniform,7920,4,0.04397,-0.05943,0.73568,0.09440,7.00000
uniform,7930,4,0.04397,-0.05943,0.73568,0.09440,7.00000
uniform,7940,4,0.04397,-0.05876,0.73568,0.09440,7.00000
uniform,7950,4,0.04397,-0.05765,0.73568,0.09440,7.00000
uniform,7960,4,0.04397,-0.05765,0.73568,0.09440,7.00000
uniform,7970,4,0.04397,-0.05632,0.73568,0.09440,7.00000
uniform,7980,4,0.04397,-0.05632,0.73568,0.09440,7.00000
uniform,7990,4,0.04397,-0.05699,0.73568,0.09440,7.00000
uniform,8000,4,0.04397,-0.05730,0.73568,0.09440,7.00000
uniform,8010,4,0.04397,-0.05730,0.73568,0.09440,7.00000
uniform,8020,4,0.04397,-0.05538,0.73568,0.09440,7.00000
uniform,8030,4,0.04397,-0.05538,0.73568,0.09440,7.00000
uniform,8040,4,0.04397,-0.05543,0.73568,0.09440,7.00000
uniform,8050,4,0.04397,-0.05639,0.73568,0.09440,7.00000
uniform,8060,4,0.04397,-0.05639,0.73568,0.09440,7.00000
uniform,8070,4,0.04397,-0.05546,0.73568,0.09440,7.00000
uniform,8080,4,0.04397,-0.05546,0.73568,0.09440,7.00000
uniform,8090,4,0.04397,-0.05583,0.73568,0.09440,7.00000
uniform,8100,4,0.04397,-0.05689,0.73568,0.09440,7.00000
uniform,8110,4,0.04397,-0.05689,0.73568,0.09440,7.00000
uniform,8120,4,0.04397,-0.05565,0.73568,0.09440,7.00000
uniform,8130,4,0.04397,-0.05565,0.73568,0.09440,7.00000
uniform,8140,4,0.04397,-0.05399,0.73568,0.09440,7.00000
uniform,8150,4,0.04397,-0.05461,0.73568,0.09440,7.00000
uniform,8160,4,0.04397,-0.05461,0.73568,0.09440,7.00000
uniform,8170,4,0.04397,-0.05412,0.73568,0.09440,7.00000
uniform,8180,4,0.04397,-0.05412,0.73568,0.09440,7.00000
uniform,8190,4,0.04397,-0.05459,0.73568,0.09440,7.00000
uniform,8200,4,0.04397,-0.05461,0.73568,0.09440,7.00000
uniform,8210,4,0.04397,-0.05461,0.73568,0.09440,7.00000
uniform,8220,4,0.04397,-0.05407,0.73568,0.09440,7.00000
uniform,8230,4,0.04397,-0.05407,0.73568,0.09440,7.00000
uniform,8240,4,0.04397,-0.05613,0.73568,0.09440,7.00000
uniform,8250,4,0.04397,-0.05598,0.73568,0.09440,7.00000
uniform,8260,4,0.04397,-0.05598,0.73568,0.09440,7.00000
uniform,8270,4,0.04397,-0.05623,0.73568,0.09440,7.00000
uniform,8280,4,0.04397,-0.05623,0.73568,0.09440,7.00000
uniform,8290,4,0.04397,-0.05514,0.73568,0.09440,7.00000
uniform,8300,4,0.04397,-0.05377,0.73568,0.09440,7.00000
uniform,8310,4,0.04397,-0.05377,0.73568,0.09440,7.00000
uniform,8320,4,0.04397,-0.05332,0.73568,0.09440,7.00000
uniform,8330,4,0.04397,-0.05332,0.73568,0.09440,7.00000
uniform,8340,4,0.04397,-0.05339,0.73568,0.09440,7.00000
uniform,8350,4,0.04397,-0.05276,0.73568,0.09440,7.00000
uniform,8360,4,0.04397,-0.05276,0.73568,0.09440,7.00000
uniform,8370,4,0.04397,-0.05165,0.73568,0.09440,7.00000
uniform,8380,4,0.04397,-0.05165,0.73568,0.09440,7.00000
uniform,8390,4,0.04397,-0.05263,0.73568,0.09440,7.00000
uniform,8400,4,0.04397,-0.05472,0.73568,0.09440,7.00000
uniform,8410,4,0.04397,-0.05472,0.73568,0.09440,7.00000
uniform,8420,4,0.04397,-0.05455,0.73568,0.09440,7.00000
uniform,8430,4,0.04397,-0.05455,0.73568,0.09440,7.00000
uniform,8440,4,0.04397,-0.05357,0.73568,0.09440,7.00000
uniform,8450,4,0.04397,-0.05260,0.73568,0.09440,7.00000
uniform,8460,4,0.04397,-0.05260,0.73568,0.09440,7.00000
uniform,8470,4,0.04397,-0.05361,0.73568,0.09440,7.00000
uniform,8480,4,0.04397,-0.05361,0.73568,0.09440,7.00000
uniform,8490,4,0.04397,-0.05463,0.73568,0.09440,7.00000
uniform,8500,4,0.04397,-0.05577,0.73568,0.09440,7.00000
uniform,8510,4,0.04397,-0.05577,0.73568,0.09440,7.00000
uniform,8520,4,0.04397,-0.05559,0.73568,0.09440,7.00000
uniform,8530,4,0.04397,-0.05559,0.73568,0.09440,7.00000
uniform,8540,4,0.04397,-0.05525,0.73568,0.09440,7.00000
uniform,8550,4,0.04397,-0.05458,0.73568,0.09440,7.00000
uniform,8560,4,0.04397,-0.05458,0.73568,0.09440,7.00000
uniform,8570,4,0.04397,-0.05563,0.73568,0.09440,7.00000
uniform,8580,4,0.04397,-0.05563,0.73568,0.09440,7.00000
uniform,8590,4,0.04397,-0.05576,0.73568,0.09440,7.00000
uniform,8600,4,0.04397,-0.05536,0.73568,0.09440,7.00000
uniform,8610,4,0.04397,-0.05536,0.73568,0.09440,7.00000
uniform,8620,4,0.04397,-0.05481,0.73568,0.09440,7.00000
uniform,8630,4,0.04397,-0.05481,0.73568,0.09440,7.00000
uniform,8640,4,0.04397,-0.05350,0.73568,0.09440,7.00000
uniform,8650,4,0.04397,-0.05375,0.73568,0.09440,7.00000
uniform,8660,4,0.04397,-0.05375,0.73568,0.09440,7.00000
uniform,8670,4,0.04397,-0.05453,0.73568,0.09440,7.00000
uniform,8680,4,0.04397,-0.05453,0.73568,0.09440,7.00000
uniform,8690,4,0.04397,-0.05270,0.73568,0.09440,7.00000
uniform,8700,4,0.04397,-0.05354,0.73568,0.09440,7.00000
uniform,8710,4,0.04397,-0.05354,0.73568,0.09440,7.00000
uniform,8720,4,0.04397,-0.05275,0.73568,0.09440,7.00000
uniform,8730,4,0.04397,-0.05275,0.73568,0.09440,7.00000
uniform,8740,4,0.04397,-0.05229,0.73568,0.09440,7.00000
uniform,8750,4,0.04397,-0.05213,0.73568,0.09440,7.00000
uniform,8760,4,0.04397,-0.05213,0.73568,0.09440,7.00000
uniform,8770,4,0.04397,-0.05136,0.73568,0.09440,7.00000
uniform,8780,4,0.04397,-0.05136,0.73568,0.09440,7.00000
uniform,8790,4,0.04397,-0.05076,0.73568,0.09440,7.00000
uniform,8800,4,0.04397,-0.05178,0.73568,0.09440,7.00000
uniform,8810,4,0.04397,-0.05178,0.73568,0.09440,7.00000
uniform,8820,4,0.04397,-0.05290,0.73568,0.09440,7.00000
uniform,8830,4,0.04397,-0.05290,0.73568,0.09440,7.00000
uniform,8840,4,0.04397,-0.05178,0.73568,0.09440,7.00000
uniform,8850,4,0.04397,-0.05169,0.73568,0.09440,7.00000
uniform,8860,4,0.04397,-0.05169,0.73568,0.09440,7.00000
uniform,8870,4,0.04397,-0.05168,0.73568,0.09440,7.00000
uniform,8880,4,0.04397,-0.05168,0.73568,0.09440,7.00000
uniform,8890,4,0.04397,-0.04997,0.73568,0.09440,7.00000
uniform,8900,4,0.04397,-0.05157,0.73568,0.09440,7.00000
uniform,8910,4,0.04397,-0.05157,0.73568,0.09440,7.00000
uniform,8920,4,0.04397,-0.05200,0.73568,0.09440,7.00000
uniform,8930,4,0.04397,-0.05200,0.73568,0.09440,7.00000
uniform,8940,4,0.04397,-0.05113,0.73568,0.09440,7.00000
uniform,8950,4,0.04397,-0.05247,0.73568,0.09440,7.00000
uniform,8960,4,0.04397,-0.05247,0.73568,0.09440,7.00000
uniform,8970,4,0.04397,-0.05252,0.73568,0.09440,7.00000
uniform,8980,4,0.04397,-0.05252,0.73568,0.09440,7.00000
uniform,8990,4,0.04397,-0.05257,0.73568,0.09440,7.00000
uniform,9000,5,0.04395,-0.05285,0.73568,0.09441,7.00000
uniform,9010,5,0.04460,-0.05285,0.73568,0.09445,7.00000
uniform,9020,5,0.04468,-0.05285,0.73568,0.09449,7.00000
uniform,9030,5,0.04497,-0.05285,0.74304,0.09448,7.00000
uniform,9040,5,0.04508,-0.05466,0.74106,0.09444,7.00000
uniform,9050,5,0.04520,-0.05466,0.73540,0.09433,7.00000
uniform,9060,5,0.04524,-0.05466,0.72070,0.09429,7.00000
uniform,9070,5,0.04535,-0.05466,0.71557,0.09418,7.00000
uniform,9080,5,0.04559,-0.05573,0.71074,0.09397,7.00000
uniform,9090,5,0.04574,-0.05573,0.70483,0.09384,7.00000
uniform,9100,5,0.04605,-0.05573,0.69919,0.09378,7.00000
uniform,9110,5,0.04589,-0.05573,0.69472,0.09376,7.00000
uniform,9120,5,0.04560,-0.05799,0.68896,0.09374,7.00000
uniform,9130,5,0.04533,-0.05799,0.68321,0.09377,7.00000
uniform,9140,5,0.04504,-0.05799,0.67777,0.09385,7.00000
uniform,9150,5,0.04528,-0.05799,0.67152,0.09392,7.00000
uniform,9160,5,0.04564,-0.05779,0.66564,0.09398,7.00000
uniform,9170,5,0.04528,-0.05779,0.66097,0.09405,7.00000
uniform,9180,5,0.04481,-0.05779,0.65452,0.09412,7.00000
uniform,9190,5,0.04479,-0.05779,0.74139,0.09418,7.20000
uniform,9200,5,0.04527,-0.05726,0.74139,0.09422,7.20000
uniform,9210,5,0.04501,-0.05726,0.74139,0.09426,7.20000
uniform,9220,5,0.04530,-0.05726,0.74139,0.09430,7.20000
uniform,9230,5,0.04522,-0.05726,0.74840,0.09430,7.20000
uniform,9240,5,0.04569,-0.05829,0.74757,0.09428,7.20000
uniform,9250,5,0.04579,-0.05829,0.74757,0.09427,7.20000
uniform,9260,5,0.04601,-0.05829,0.74757,0.09428,7.20000
uniform,9270,5,0.04591,-0.05829,0.74757,0.09418,7.20000
uniform,9280,5,0.04585,-0.05770,0.74757,0.09396,7.20000
uniform,9290,5,0.04588,-0.05770,0.74488,0.09382,7.20000
uniform,9300,5,0.04630,-0.05770,0.77862,0.09523,7.20000
uniform,9310,5,0.04646,-0.05770,0.77732,0.09503,7.20000
uniform,9320,5,0.04626,-0.05945,0.77101,0.09504,7.20000
uniform,9330,5,0.04609,-0.05945,0.76564,0.09491,7.20000
uniform,9340,5,0.04706,-0.05945,0.76370,0.09503,7.20000
uniform,9350,5,0.04738,-0.05945,0.75539,0.09496,7.20000
uniform,9360,5,0.04751,-0.06098,0.75003,0.09488,7.20000
uniform,9370,5,0.04696,-0.06098,0.74510,0.09482,7.20000
uniform,9380,5,0.04668,-0.06098,0.73874,0.09476,7.20000
uniform,9390,5,0.04681,-0.06098,0.73264,0.09470,7.20000
uniform,9400,5,0.04677,-0.05949,0.73866,0.09504,7.20000
uniform,9410,5,0.04690,-0.05949,0.76244,0.09601,7.20000
uniform,9420,5,0.04694,-0.05949,0.77984,0.09652,7.20000
uniform,9430,5,0.04636,-0.05949,0.78928,0.09665,7.20000
uniform,9440,5,0.04627,-0.05966,0.78968,0.09644,7.20000
uniform,9450,5,0.04613,-0.05966,0.78554,0.09606,7.20000
uniform,9460,5,0.04583,-0.05966,0.78127,0.09572,7.20000
uniform,9470,5,0.04569,-0.05966,0.77712,0.09531,7.20000
uniform,9480,5,0.04560,-0.05972,0.77267,0.09482,7.20000
uniform,9490,5,0.04539,-0.05972,0.76793,0.09441,7.20000
uniform,9500,5,0.04564,-0.05972,0.76251,0.09411,7.20000
uniform,9510,5,0.04550,-0.05972,0.75783,0.09389,7.20000
uniform,9520,5,0.04611,-0.05929,0.75377,0.09376,7.20000
uniform,9530,5,0.04666,-0.05929,0.74905,0.09365,7.20000
uniform,9540,5,0.04640,-0.05929,0.74438,0.09359,7.20000
uniform,9550,5,0.04653,-0.05929,0.73984,0.09353,7.20000
uniform,9560,5,0.04678,-0.05889,0.73543,0.09349,7.20000
uniform,9570,5,0.04668,-0.05889,0.73071,0.09346,7.20000
uniform,9580,5,0.04646,-0.05889,0.72652,0.09343,7.20000
uniform,9590,5,0.04693,-0.05889,0.72085,0.09341,7.20000
uniform,9600,5,0.04668,-0.05931,0.71450,0.09341,7.20000
uniform,9610,5,0.04676,-0.05931,0.70967,0.09343,7.20000
uniform,9620,5,0.04641,-0.05931,0.70433,0.09341,7.20000
uniform,9630,5,0.04614,-0.05931,0.69975,0.09335,7.20000
uniform,9640,5,0.04631,-0.06196,0.69412,0.09329,7.20000
uniform,9650,5,0.04673,-0.06196,0.68970,0.09324,7.20000
uniform,9660,5,0.04667,-0.06196,0.68516,0.09320,7.20000
uniform,9670,5,0.04658,-0.06196,0.67885,0.09302,7.20000
uniform,9680,5,0.04664,-0.06120,0.67443,0.09272,7.20000
uniform,9690,5,0.04653,-0.06120,0.67013,0.09250,7.20000
uniform,9700,5,0.04652,-0.06120,0.66502,0.09235,7.20000
uniform,9710,5,0.04642,-0.06120,0.66075,0.09227,7.20000
uniform,9720,5,0.04644,-0.06122,0.65606,0.09220,7.20000
uniform,9730,5,0.04597,-0.06122,0.74345,0.09222,7.40000
uniform,9740,5,0.04673,-0.06122,0.74345,0.09230,7.40000
uniform,9750,5,0.04736,-0.06122,0.74345,0.09238,7.40000
uniform,9760,5,0.04764,-0.06062,0.74345,0.09245,7.40000
uniform,9770,5,0.04735,-0.06062,0.74345,0.09251,7.40000
uniform,9780,5,0.04763,-0.06062,0.74345,0.09256,7.40000
uniform,9790,5,0.04752,-0.06062,0.74345,0.09261,7.40000
uniform,9800,5,0.04697,-0.05921,0.74345,0.09266,7.40000
uniform,9810,5,0.04662,-0.05921,0.74345,0.09270,7.40000
uniform,9820,5,0.04641,-0.05921,0.74345,0.09274,7.40000
uniform,9830,5,0.04640,-0.05921,0.73804,0.09268,7.40000
uniform,9840,5,0.04641,-0.06179,0.74669,0.09279,7.40000
uniform,9850,5,0.04684,-0.06179,0.75571,0.09286,7.40000
uniform,9860,5,0.04772,-0.06179,0.75989,0.09273,7.40000
uniform,9870,5,0.04783,-0.06179,0.75923,0.09233,7.40000
uniform,9880,5,0.04761,-0.06441,0.75511,0.09171,7.40000
uniform,9890,5,0.04729,-0.06441,0.75390,0.09116,7.40000
uniform,9900,5,0.04753,-0.06441,0.75406,0.09075,7.40000
uniform,9910,5,0.04821,-0.06441,0.74735,0.09020,7.40000
uniform,9920,5,0.04825,-0.06374,0.74085,0.08977,7.40000
uniform,9930,5,0.04875,-0.06374,0.73925,0.08923,7.40000
uniform,9940,5,0.04955,-0.06374,0.73925,0.08848,7.40000
uniform,9950,5,0.05072,-0.06374,0.73925,0.08781,7.40000
uniform,9960,5,0.05137,-0.06676,0.73925,0.08720,7.40000
uniform,9970,5,0.05159,-0.06676,0.73925,0.08665,7.40000
uniform,9980,5,0.05163,-0.06676,0.73925,0.08616,7.40000
uniform,9990,5,0.05164,-0.06676,0.73925,0.08571,7.40000
uniform,10000,5,0.05184,-0.06905,0.73925,0.08531,7.40000
uniform,10010,5,0.05206,-0.06905,0.73925,0.08495,7.40000
uniform,10020,5,0.05258,-0.06905,0.73925,0.08463,7.40000
uniform,10030,5,0.05250,-0.06905,0.73925,0.08430,7.40000
uniform,10040,5,0.05271,-0.07164,0.73842,0.08399,7.40000
uniform,10050,5,0.05219,-0.07164,0.73842,0.08371,7.40000
uniform,10060,5,0.05230,-0.07164,0.73842,0.08348,7.40000
uniform,10070,5,0.05272,-0.07164,0.73842,0.08317,7.40000
uniform,10080,5,0.05221,-0.07202,0.73842,0.08276,7.40000
uniform,10090,5,0.05184,-0.07202,0.73842,0.08245,7.40000
uniform,10100,5,0.05209,-0.07202,0.73760,0.08222,7.40000
uniform,10110,5,0.05169,-0.07202,0.73760,0.08205,7.40000
uniform,10120,5,0.05192,-0.07146,0.73760,0.08195,7.40000
uniform,10130,5,0.05187,-0.07146,0.73797,0.08189,7.40000
uniform,10140,5,0.05191,-0.07146,0.73797,0.08187,7.40000
uniform,10150,5,0.05183,-0.07146,0.73797,0.08185,7.40000
uniform,10160,5,0.05200,-0.07338,0.73797,0.08183,7.40000
uniform,10170,5,0.05224,-0.07338,0.73797,0.08182,7.40000
uniform,10180,5,0.05205,-0.07338,0.73797,0.08181,7.40000
uniform,10190,5,0.05207,-0.07338,0.73797,0.08180,7.40000
uniform,10200,5,0.05256,-0.07470,0.73797,0.08179,7.40000
uniform,10210,5,0.05227,-0.07470,0.73797,0.08179,7.40000
uniform,10220,5,0.05232,-0.07470,0.73797,0.08178,7.40000
uniform,10230,5,0.05235,-0.07470,0.73797,0.08175,7.40000
uniform,10240,5,0.05265,-0.07515,0.73714,0.08170,7.40000
uniform,10250,5,0.05328,-0.07515,0.73714,0.08167,7.40000
uniform,10260,5,0.05293,-0.07515,0.73714,0.08165,7.40000
uniform,10270,5,0.05269,-0.07515,0.73714,0.08153,7.40000
uniform,10280,5,0.05265,-0.07791,0.73714,0.08130,7.40000
uniform,10290,5,0.05280,-0.07791,0.73714,0.08115,7.40000
uniform,10300,5,0.05328,-0.07791,0.73632,0.08107,7.40000
uniform,10310,5,0.05316,-0.07791,0.73632,0.08103,7.40000
uniform,10320,5,0.05273,-0.07698,0.73632,0.08104,7.40000
uniform,10330,5,0.05268,-0.07698,0.73673,0.08110,7.40000
uniform,10340,5,0.05257,-0.07698,0.73673,0.08117,7.40000
uniform,10350,5,0.05294,-0.07698,0.73673,0.08123,7.40000
uniform,10360,5,0.05260,-0.07903,0.73673,0.08130,7.40000
uniform,10370,5,0.05303,-0.07903,0.73673,0.08135,7.40000
uniform,10380,5,0.05264,-0.07903,0.73673,0.08141,7.40000
uniform,10390,5,0.05205,-0.07903,0.73673,0.08146,7.40000
uniform,10400,5,0.05179,-0.08202,0.73673,0.08150,7.40000
uniform,10410,5,0.05180,-0.08202,0.73673,0.08155,7.40000
uniform,10420,5,0.05142,-0.08202,0.73673,0.08159,7.40000
uniform,10430,5,0.05104,-0.08202,0.73673,0.08159,7.40000
uniform,10440,5,0.05123,-0.08083,0.73591,0.08158,7.40000
uniform,10450,5,0.05150,-0.08083,0.73591,0.08158,7.40000
uniform,10460,5,0.05191,-0.08083,0.73591,0.08159,7.40000
uniform,10470,5,0.05184,-0.08083,0.73591,0.08150,7.40000
uniform,10480,5,0.05194,-0.08002,0.73591,0.08129,7.40000
uniform,10490,5,0.05198,-0.08002,0.73591,0.08116,7.40000
uniform,10500,5,0.05241,-0.08002,0.73508,0.08108,7.40000
uniform,10510,5,0.05294,-0.08002,0.73508,0.08106,7.40000
uniform,10520,5,0.05273,-0.07963,0.73508,0.08108,7.40000
uniform,10530,5,0.05315,-0.07963,0.73553,0.08114,7.40000
uniform,10540,5,0.05343,-0.07963,0.73553,0.08122,7.40000
uniform,10550,5,0.05345,-0.07963,0.73553,0.08129,7.40000
uniform,10560,5,0.05314,-0.07968,0.73553,0.08135,7.40000
uniform,10570,5,0.05339,-0.07968,0.73553,0.08142,7.40000
uniform,10580,5,0.05390,-0.07968,0.73553,0.08147,7.40000
uniform,10590,5,0.05369,-0.07968,0.73553,0.08153,7.40000
uniform,10600,5,0.05382,-0.07956,0.73553,0.08158,7.40000
uniform,10610,5,0.05339,-0.07956,0.73553,0.08162,7.40000
uniform,10620,5,0.05327,-0.07956,0.73553,0.08166,7.40000
uniform,10630,5,0.05326,-0.07956,0.73553,0.08166,7.40000
uniform,10640,5,0.05329,-0.08063,0.73470,0.08165,7.40000
uniform,10650,5,0.05276,-0.08063,0.73470,0.08164,7.40000
uniform,10660,5,0.05265,-0.08063,0.73470,0.08165,7.40000
uniform,10670,5,0.05240,-0.08063,0.73470,0.08155,7.40000
uniform,10680,5,0.05300,-0.08347,0.73470,0.08134,7.40000
uniform,10690,5,0.05300,-0.08347,0.73470,0.08120,7.40000
uniform,10700,5,0.05285,-0.08347,0.73388,0.08112,7.40000
uniform,10710,5,0.05367,-0.08347,0.73388,0.08109,7.40000
uniform,10720,5,0.05358,-0.08412,0.73388,0.08111,7.40000
uniform,10730,5,0.05337,-0.08412,0.73432,0.08117,7.40000
uniform,10740,5,0.05349,-0.08412,0.73432,0.08124,7.40000
uniform,10750,5,0.05322,-0.08412,0.73432,0.08131,7.40000
uniform,10760,5,0.05285,-0.08197,0.73432,0.08138,7.40000
uniform,10770,5,0.05364,-0.08197,0.73432,0.08143,7.40000
uniform,10780,5,0.05403,-0.08197,0.73432,0.08149,7.40000
uniform,10790,5,0.05369,-0.08197,0.73432,0.08154,7.40000
uniform,10800,5,0.05366,-0.08257,0.73432,0.08159,7.40000
uniform,10810,5,0.05339,-0.08257,0.73432,0.08163,7.40000
uniform,10820,5,0.05290,-0.08257,0.73432,0.08167,7.40000
uniform,10830,5,0.05257,-0.08257,0.73432,0.08167,7.40000
uniform,10840,5,0.05214,-0.08239,0.73349,0.08166,7.40000
uniform,10850,5,0.05189,-0.08239,0.73349,0.08165,7.40000
uniform,10860,5,0.05125,-0.08239,0.73349,0.08165,7.40000
uniform,10870,5,0.05072,-0.08239,0.73349,0.08156,7.40000
uniform,10880,5,0.05094,-0.08127,0.73349,0.08134,7.40000
uniform,10890,5,0.05146,-0.08127,0.73349,0.08120,7.40000
uniform,10900,5,0.05184,-0.08127,0.73267,0.08113,7.40000
uniform,10910,5,0.05170,-0.08127,0.73267,0.08110,7.40000
uniform,10920,5,0.05138,-0.08199,0.73267,0.08112,7.40000
uniform,10930,5,0.05176,-0.08199,0.73311,0.08117,7.40000
uniform,10940,5,0.05169,-0.08199,0.73311,0.08125,7.40000
uniform,10950,5,0.05161,-0.08199,0.73311,0.08131,7.40000
uniform,10960,5,0.05131,-0.08177,0.73311,0.08138,7.40000
uniform,10970,5,0.05126,-0.08177,0.73311,0.08144,7.40000
uniform,10980,5,0.05100,-0.08177,0.73311,0.08149,7.40000
uniform,10990,5,0.05190,-0.08177,0.73311,0.08154,7.40000
uniform,11000,5,0.05187,-0.08275,0.73311,0.08159,7.40000
uniform,11010,5,0.05175,-0.08275,0.73311,0.08164,7.40000
uniform,11020,5,0.05201,-0.08275,0.73311,0.08167,7.40000
uniform,11030,5,0.05204,-0.08275,0.73311,0.08167,7.40000
uniform,11040,5,0.05194,-0.08140,0.73229,0.08166,7.40000
uniform,11050,5,0.05243,-0.08140,0.73229,0.08165,7.40000
uniform,11060,5,0.05274,-0.08140,0.73229,0.08166,7.40000
uniform,11070,5,0.05243,-0.08140,0.73229,0.08156,7.40000
uniform,11080,5,0.05240,-0.07927,0.73229,0.08134,7.40000
uniform,11090,5,0.05235,-0.07927,0.73229,0.08120,7.40000
uniform,11100,5,0.05235,-0.07927,0.73146,0.08113,7.40000
uniform,11110,5,0.05306,-0.07927,0.73146,0.08110,7.40000
uniform,11120,5,0.05313,-0.07953,0.73146,0.08112,7.40000
uniform,11130,5,0.05342,-0.07953,0.73191,0.08117,7.40000
uniform,11140,5,0.05339,-0.07953,0.73191,0.08125,7.40000
uniform,11150,5,0.05357,-0.07953,0.73191,0.08131,7.40000
uniform,11160,5,0.05358,-0.07849,0.73191,0.08138,7.40000
uniform,11170,5,0.05374,-0.07849,0.73191,0.08144,7.40000
uniform,11180,5,0.05367,-0.07849,0.73191,0.08149,7.40000
uniform,11190,5,0.05350,-0.07849,0.73191,0.08154,7.40000
none,0,0,0.10261,-0.30000,0.82776,0.00126,0.00000
none,10,0,0.12968,-0.30000,0.87735,0.01210,0.00000
none,20,0,0.13897,-0.30000,0.84204,0.02264,0.00000
none,30,0,0.13705,-0.30000,0.80873,0.03304,0.00000
none,40,0,0.13348,-0.22492,0.77366,0.04299,0.00000
none,50,0,0.12843,-0.22492,0.74470,0.04871,0.00000
none,60,0,0.12348,-0.22492,0.71694,0.05226,0.00000
none,70,0,0.11906,-0.22492,0.68461,0.05303,0.00000
none,80,0,0.11479,-0.16487,0.64652,0.05229,0.00000
none,90,0,0.11091,-0.16487,0.61618,0.05017,0.00000
none,100,0,0.10757,-0.16487,0.57307,0.04774,0.00000
none,110,0,0.10428,-0.16487,0.72273,0.04554,0.40000
none,120,0,0.10185,-0.13891,0.70225,0.04244,0.40000
none,130,0,0.09932,-0.13891,0.68836,0.03966,0.40000
none,140,0,0.09676,-0.13891,0.67118,0.03665,0.40000
none,150,0,0.09436,-0.13891,0.64866,0.03377,0.40000
none,160,0,0.09232,-0.12023,0.62459,0.03144,0.40000
none,170,0,0.09043,-0.12023,0.61393,0.03035,0.40000
none,180,0,0.08846,-0.12023,0.59354,0.02905,0.40000
none,190,0,0.08675,-0.12023,0.57124,0.02754,0.40000
none,200,0,0.08505,-0.10802,0.56139,0.02742,0.40000
none,210,0,0.08355,-0.10802,0.54195,0.02698,0.40000
none,220,0,0.08103,-0.10802,0.49447,0.02627,0.40000
none,230,0,0.07827,-0.10802,0.46755,0.02592,0.40000
none,240,0,0.07565,-0.08336,0.45621,0.02539,0.40000
none,250,0,0.07312,-0.08336,0.45179,0.02444,0.40000
none,260,0,0.07122,-0.08336,0.46481,0.02484,0.40000
none,270,0,0.06987,-0.08336,0.42924,0.02449,0.40000
none,280,0,0.06915,-0.07179,0.49716,0.02373,0.60000
none,290,0,0.06891,-0.07179,0.66764,0.02212,1.00000
none,300,0,0.06925,-0.07179,0.65949,0.02083,1.00000
none,310,0,0.07081,-0.07179,0.67000,0.02028,1.00000
none,320,0,0.07235,-0.06973,0.66019,0.01903,1.00000
none,330,0,0.07334,-0.06973,0.66915,0.01821,1.00000
none,340,0,0.07394,-0.06973,0.67000,0.02027,1.00000
none,350,0,0.07396,-0.06973,0.67000,0.02018,1.00000
none,360,0,0.07397,-0.06930,0.67000,0.02192,1.00000
none,370,0,0.07344,-0.06930,0.67000,0.02359,1.00000
none,380,0,0.07280,-0.06930,0.66435,0.02434,1.00000
none,390,0,0.07180,-0.06930,0.63568,0.02516,1.00000
none,400,0,0.07050,-0.06101,0.59601,0.02981,1.00000
none,410,0,0.06850,-0.06101,0.55954,0.03274,1.00000
none,420,0,0.06669,-0.06101,0.51892,0.03545,1.00000
none,430,0,0.06591,-0.06101,0.48368,0.03855,1.00000
none,440,0,0.06575,-0.05830,0.45534,0.04009,1.00000
none,450,0,0.06596,-0.05830,0.42717,0.04294,1.00000
none,460,0,0.06657,-0.05830,0.59374,0.04509,1.40000
none,470,0,0.06633,-0.05830,0.58528,0.04728,1.40000
none,480,0,0.06701,-0.06276,0.67000,0.04932,1.60000
none,490,0,0.06724,-0.06276,0.67000,0.05128,1.60000
none,500,0,0.06748,-0.06276,0.67000,0.05309,1.60000
none,510,0,0.06733,-0.06276,0.67000,0.05477,1.60000
none,520,0,0.06705,-0.06775,0.67000,0.05626,1.60000
none,530,0,0.06661,-0.06775,0.67000,0.05766,1.60000
none,540,0,0.06605,-0.06775,0.67000,0.05896,1.60000
none,550,0,0.06554,-0.06775,0.67000,0.06019,1.60000
none,560,0,0.06460,-0.06637,0.65786,0.06131,1.60000
none,570,0,0.06371,-0.06637,0.62831,0.06207,1.60000
none,580,0,0.06280,-0.06637,0.60777,0.06240,1.60000
none,590,0,0.06180,-0.06637,0.58105,0.06259,1.60000
none,600,0,0.06113,-0.06873,0.55542,0.06282,1.60000
none,610,0,0.06110,-0.06873,0.53258,0.06306,1.60000
none,620,0,0.05958,-0.06873,0.59743,0.06332,1.80000
none,630,0,0.05824,-0.06873,0.58839,0.06372,1.80000
none,640,0,0.05742,-0.06987,0.57688,0.06395,1.80000
none,650,0,0.05682,-0.06987,0.56702,0.06418,1.80000
none,660,0,0.05580,-0.06987,0.56848,0.06461,1.80000
none,670,0,0.05432,-0.06987,0.56800,0.06496,1.80000
none,680,0,0.05376,-0.06906,0.56665,0.06511,1.80000
none,690,0,0.05340,-0.06906,0.57517,0.06541,1.80000
none,700,0,0.05297,-0.06906,0.59700,0.06585,1.80000
none,710,0,0.05281,-0.06906,0.62540,0.06661,1.80000
none,720,0,0.05294,-0.07171,0.66042,0.06797,1.80000
none,730,0,0.05236,-0.07171,0.66359,0.06871,1.80000
none,740,0,0.05153,-0.07171,0.66903,0.06961,1.80000
none,750,0,0.05113,-0.07171,0.64609,0.06977,1.80000
none,760,0,0.05012,-0.07056,0.61447,0.06971,1.80000
none,770,0,0.04970,-0.07056,0.59059,0.06962,1.80000
none,780,0,0.04893,-0.07056,0.57983,0.06955,1.80000
none,790,0,0.04792,-0.07056,0.56993,0.06915,1.80000
none,800,0,0.04744,-0.07131,0.65132,0.06911,2.00000
none,810,0,0.04724,-0.07131,0.64752,0.06946,2.00000
none,820,0,0.04644,-0.07131,0.63653,0.06960,2.00000
none,830,0,0.04601,-0.07131,0.62535,0.06969,2.00000
none,840,0,0.04557,-0.07027,0.61751,0.06993,2.00000
none,850,0,0.04494,-0.07027,0.60730,0.06995,2.00000
none,860,0,0.04446,-0.07027,0.59853,0.06949,2.00000
none,870,0,0.04356,-0.07027,0.59146,0.06922,2.00000
none,880,0,0.04293,-0.06964,0.58351,0.06912,2.00000
none,890,0,0.04254,-0.06964,0.57632,0.06924,2.00000
none,900,0,0.04255,-0.06964,0.56397,0.06951,2.00000
none,910,0,0.04234,-0.06964,0.54623,0.06986,2.00000
none,920,0,0.04199,-0.06888,0.62561,0.07013,2.20000
none,930,0,0.04118,-0.06888,0.61291,0.07041,2.20000
none,940,0,0.04069,-0.06888,0.60385,0.07071,2.20000
none,950,0,0.04023,-0.06888,0.59205,0.07105,2.20000
none,960,0,0.03971,-0.06740,0.58403,0.07140,2.20000
none,970,0,0.03927,-0.06740,0.57490,0.07176,2.20000
none,980,0,0.03895,-0.06740,0.56475,0.07214,2.20000
none,990,0,0.03834,-0.06740,0.64789,0.07252,2.40000
none,1000,0,0.03805,-0.06617,0.64789,0.07290,2.40000
none,1010,0,0.03782,-0.06617,0.64789,0.07329,2.40000
none,1020,0,0.03773,-0.06617,0.63910,0.07370,2.40000
none,1030,0,0.03731,-0.06617,0.62510,0.07405,2.40000
none,1040,0,0.03728,-0.06702,0.61550,0.07433,2.40000
none,1050,0,0.03709,-0.06702,0.60597,0.07467,2.40000
none,1060,0,0.03661,-0.06702,0.59563,0.07490,2.40000
none,1070,0,0.03647,-0.06702,0.58472,0.07511,2.40000
none,1080,0,0.03639,-0.06747,0.57664,0.07538,2.40000
none,1090,0,0.03630,-0.06747,0.57062,0.07565,2.40000
none,1100,0,0.03580,-0.06747,0.55553,0.07591,2.40000
none,1110,0,0.03572,-0.06747,0.54190,0.07609,2.40000
none,1120,0,0.03538,-0.06601,0.61516,0.07628,2.60000
none,1130,0,0.03523,-0.06601,0.60329,0.07661,2.60000
none,1140,0,0.03484,-0.06601,0.59503,0.07695,2.60000
none,1150,0,0.03436,-0.06601,0.58619,0.07731,2.60000
none,1160,0,0.03410,-0.06425,0.57703,0.07767,2.60000
none,1170,0,0.03375,-0.06425,0.56960,0.07803,2.60000
none,1180,0,0.03342,-0.06425,0.56036,0.07841,2.60000
none,1190,0,0.03339,-0.06425,0.64701,0.07879,2.80000
none,1200,0,0.03327,-0.06234,0.64701,0.07917,2.80000
none,1210,0,0.03343,-0.06234,0.64701,0.07956,2.80000
none,1220,0,0.03349,-0.06234,0.64204,0.07976,2.80000
none,1230,0,0.03352,-0.06234,0.63351,0.07947,2.80000
none,1240,0,0.03328,-0.06306,0.62378,0.07930,2.80000
none,1250,0,0.03315,-0.06306,0.61348,0.07948,2.80000
none,1260,0,0.03351,-0.06306,0.60842,0.07973,2.80000
none,1270,0,0.03341,-0.06306,0.60842,0.08002,2.80000
none,1280,0,0.03335,-0.06468,0.60842,0.08034,2.80000
none,1290,0,0.03296,-0.06468,0.60482,0.08068,2.80000
none,1300,0,0.03292,-0.06468,0.59760,0.08105,2.80000
none,1310,0,0.03260,-0.06468,0.58698,0.08144,2.80000
none,1320,0,0.03255,-0.06571,0.57113,0.08173,2.80000
none,1330,0,0.03227,-0.06571,0.56163,0.08204,2.80000
none,1340,0,0.03216,-0.06571,0.55142,0.08237,2.80000
none,1350,0,0.03167,-0.06571,0.54239,0.08271,2.80000
none,1360,0,0.03135,-0.06386,0.53447,0.08307,2.80000
none,1370,0,0.03130,-0.06386,0.52601,0.08344,2.80000
none,1380,0,0.03149,-0.06386,0.60754,0.08380,3.00000
none,1390,0,0.03170,-0.06386,0.60754,0.08415,3.00000
none,1400,0,0.03198,-0.06343,0.60754,0.08448,3.00000
none,1410,0,0.03203,-0.06343,0.60754,0.08479,3.00000
none,1420,0,0.03172,-0.06343,0.60754,0.08508,3.00000
none,1430,0,0.03161,-0.06343,0.60754,0.08536,3.00000
none,1440,0,0.03132,-0.06339,0.60754,0.08562,3.00000
none,1450,0,0.03093,-0.06339,0.60754,0.08583,3.00000
none,1460,0,0.03075,-0.06339,0.60707,0.08587,3.00000
none,1470,0,0.03062,-0.06339,0.60707,0.08595,3.00000
none,1480,0,0.03061,-0.06377,0.60628,0.08607,3.00000
none,1490,0,0.03046,-0.06377,0.59640,0.08622,3.00000
none,1500,0,0.03039,-0.06377,0.58402,0.08641,3.00000
none,1510,0,0.03012,-0.06377,0.57607,0.08662,3.00000
none,1520,0,0.03023,-0.06116,0.56605,0.08677,3.00000
none,1530,0,0.03006,-0.06116,0.55387,0.08692,3.00000
none,1540,0,0.02998,-0.06116,0.54582,0.08707,3.00000
none,1550,0,0.03006,-0.06116,0.53530,0.08723,3.00000
none,1560,0,0.02987,-0.06153,0.52622,0.08738,3.00000
none,1570,0,0.02975,-0.06153,0.60707,0.08752,3.20000
none,1580,0,0.02972,-0.06153,0.60619,0.08767,3.20000
none,1590,0,0.02964,-0.06153,0.60619,0.08782,3.20000
none,1600,0,0.02961,-0.05873,0.60619,0.08796,3.20000
none,1610,0,0.02977,-0.05873,0.60619,0.08811,3.20000
none,1620,0,0.02959,-0.05873,0.60619,0.08825,3.20000
none,1630,0,0.02945,-0.05873,0.60619,0.08839,3.20000
none,1640,0,0.02933,-0.05815,0.60619,0.08853,3.20000
none,1650,0,0.02914,-0.05815,0.60619,0.08862,3.20000
none,1660,0,0.02903,-0.05815,0.60576,0.08856,3.20000
none,1670,0,0.02889,-0.05815,0.60494,0.08855,3.20000
none,1680,0,0.02928,-0.05919,0.59654,0.08858,3.20000
none,1690,0,0.02918,-0.05919,0.58359,0.08865,3.20000
none,1700,0,0.02929,-0.05919,0.56921,0.08879,3.20000
none,1710,0,0.02910,-0.05919,0.56214,0.08899,3.20000
none,1720,0,0.02910,-0.05827,0.55200,0.08915,3.20000
none,1730,0,0.02903,-0.05827,0.54598,0.08932,3.20000
none,1740,0,0.02930,-0.05827,0.53996,0.08949,3.20000
none,1750,0,0.02916,-0.05827,0.53382,0.08965,3.20000
none,1760,0,0.02919,-0.05885,0.52763,0.08982,3.20000
none,1770,0,0.02898,-0.05885,0.51969,0.08997,3.20000
none,1780,0,0.02912,-0.05885,0.60488,0.09010,3.40000
none,1790,0,0.02941,-0.05885,0.60488,0.09022,3.40000
none,1800,0,0.02971,-0.05796,0.60488,0.09034,3.40000
none,1810,0,0.02995,-0.05796,0.60488,0.09046,3.40000
none,1820,0,0.02956,-0.05796,0.60488,0.09058,3.40000
none,1830,0,0.02950,-0.05796,0.60488,0.09071,3.40000
none,1840,0,0.02984,-0.05673,0.60488,0.09083,3.40000
none,1850,0,0.02981,-0.05673,0.60488,0.09091,3.40000
none,1860,0,0.03005,-0.05673,0.60449,0.09083,3.40000
none,1870,0,0.03014,-0.05673,0.60449,0.09081,3.40000
none,1880,0,0.03014,-0.05582,0.60055,0.09084,3.40000
none,1890,0,0.03003,-0.05582,0.59347,0.09092,3.40000
none,1900,0,0.02986,-0.05582,0.58699,0.09104,3.40000
none,1910,0,0.02956,-0.05582,0.58051,0.09119,3.40000
none,1920,0,0.02928,-0.05458,0.57404,0.09128,3.40000
none,1930,0,0.02904,-0.05458,0.56726,0.09137,3.40000
none,1940,0,0.02890,-0.05458,0.56074,0.09147,3.40000
none,1950,0,0.02868,-0.05458,0.55423,0.09157,3.40000
none,1960,0,0.02847,-0.05329,0.54756,0.09167,3.40000
none,1970,0,0.02817,-0.05329,0.53854,0.09180,3.40000
none,1980,0,0.02807,-0.05329,0.53208,0.09194,3.40000
none,1990,0,0.02799,-0.05329,0.52649,0.09207,3.40000
none,2000,0,0.02794,-0.05264,0.52058,0.09220,3.40000
none,2010,0,0.02787,-0.05264,0.51517,0.09231,3.40000
none,2020,0,0.02811,-0.05264,0.60361,0.09240,3.60000
none,2030,0,0.02802,-0.05264,0.60361,0.09246,3.60000
none,2040,0,0.02811,-0.04948,0.60361,0.09252,3.60000
none,2050,0,0.02841,-0.04948,0.60361,0.09253,3.60000
none,2060,0,0.02819,-0.04948,0.60325,0.09238,3.60000
none,2070,0,0.02792,-0.04948,0.60325,0.09228,3.60000
none,2080,0,0.02788,-0.05023,0.60325,0.09222,3.60000
none,2090,0,0.02813,-0.05023,0.60325,0.09220,3.60000
none,2100,0,0.02792,-0.05023,0.60325,0.09222,3.60000
none,2110,0,0.02842,-0.05023,0.60325,0.09227,3.60000
none,2120,0,0.02923,-0.04927,0.59939,0.09230,3.60000
none,2130,0,0.02986,-0.04927,0.59388,0.09235,3.60000
none,2140,0,0.03010,-0.04927,0.58229,0.09241,3.60000
none,2150,0,0.03041,-0.04927,0.57549,0.09245,3.60000
none,2160,0,0.03052,-0.04797,0.56925,0.09249,3.60000
none,2170,0,0.03071,-0.04797,0.56300,0.09255,3.60000
none,2180,0,0.03071,-0.04797,0.55457,0.09260,3.60000
none,2190,0,0.03048,-0.04797,0.54815,0.09265,3.60000
none,2200,1,0.03062,-0.04920,0.54238,0.09269,3.60000
none,2210,1,0.03062,-0.04920,0.54238,0.09269,3.60000
none,2220,1,0.03062,-0.04920,0.54238,0.09269,3.60000
none,2230,1,0.03062,-0.04920,0.54238,0.09269,3.60000
none,2240,1,0.03062,-0.04854,0.54238,0.09269,3.60000
none,2250,1,0.03062,-0.04854,0.54238,0.09269,3.60000
none,2260,1,0.03062,-0.04873,0.54238,0.09269,3.60000
none,2270,1,0.03062,-0.04873,0.54238,0.09269,3.60000
none,2280,1,0.03062,-0.04974,0.54238,0.09269,3.60000
none,2290,1,0.03062,-0.04974,0.54238,0.09269,3.60000
none,2300,1,0.03062,-0.04885,0.54238,0.09269,3.60000
none,2310,1,0.03062,-0.04885,0.54238,0.09269,3.60000
none,2320,1,0.03062,-0.04971,0.54238,0.09269,3.60000
none,2330,1,0.03062,-0.04971,0.54238,0.09269,3.60000
none,2340,1,0.03062,-0.04862,0.54238,0.09269,3.60000
none,2350,1,0.03062,-0.04862,0.54238,0.09269,3.60000
none,2360,1,0.03062,-0.04723,0.54238,0.09269,3.60000
none,2370,1,0.03062,-0.04723,0.54238,0.09269,3.60000
none,2380,1,0.03062,-0.04805,0.54238,0.09269,3.60000
none,2390,1,0.03062,-0.04805,0.54238,0.09269,3.60000
none,2400,1,0.03062,-0.04733,0.54238,0.09269,3.60000
none,2410,1,0.03062,-0.04733,0.54238,0.09269,3.60000
none,2420,1,0.03062,-0.04804,0.54238,0.09269,3.60000
none,2430,1,0.03062,-0.04804,0.54238,0.09269,3.60000
none,2440,1,0.03062,-0.04811,0.54238,0.09269,3.60000
none,2450,1,0.03062,-0.04811,0.54238,0.09269,3.60000
none,2460,1,0.03062,-0.04693,0.54238,0.09269,3.60000
none,2470,1,0.03062,-0.04693,0.54238,0.09269,3.60000
none,2480,1,0.03062,-0.04666,0.54238,0.09269,3.60000
none,2490,1,0.03062,-0.04666,0.54238,0.09269,3.60000
none,2500,1,0.03062,-0.04712,0.54238,0.09269,3.60000
none,2510,1,0.03062,-0.04712,0.54238,0.09269,3.60000
none,2520,1,0.03062,-0.04710,0.54238,0.09269,3.60000
none,2530,1,0.03062,-0.04710,0.54238,0.09269,3.60000
none,2540,1,0.03062,-0.04711,0.54238,0.09269,3.60000
none,2550,1,0.03062,-0.04711,0.54238,0.09269,3.60000
none,2560,1,0.03062,-0.04763,0.54238,0.09269,3.60000
none,2570,1,0.03062,-0.04763,0.54238,0.09269,3.60000
none,2580,1,0.03062,-0.04879,0.54238,0.09269,3.60000
none,2590,1,0.03062,-0.04879,0.54238,0.09269,3.60000
none,2600,1,0.03062,-0.04892,0.54238,0.09269,3.60000
none,2610,1,0.03062,-0.04892,0.54238,0.09269,3.60000
none,2620,1,0.03062,-0.04858,0.54238,0.09269,3.60000
none,2630,1,0.03062,-0.04858,0.54238,0.09269,3.60000
none,2640,1,0.03062,-0.04682,0.54238,0.09269,3.60000
none,2650,1,0.03062,-0.04682,0.54238,0.09269,3.60000
none,2660,1,0.03062,-0.04844,0.54238,0.09269,3.60000
none,2670,1,0.03062,-0.04844,0.54238,0.09269,3.60000
none,2680,1,0.03062,-0.04954,0.54238,0.09269,3.60000
none,2690,1,0.03062,-0.04954,0.54238,0.09269,3.60000
none,2700,1,0.03062,-0.04932,0.54238,0.09269,3.60000
none,2710,1,0.03062,-0.04932,0.54238,0.09269,3.60000
none,2720,1,0.03062,-0.04991,0.54238,0.09269,3.60000
none,2730,1,0.03062,-0.04991,0.54238,0.09269,3.60000
none,2740,1,0.03062,-0.05062,0.54238,0.09269,3.60000
none,2750,1,0.03062,-0.05062,0.54238,0.09269,3.60000
none,2760,1,0.03062,-0.05026,0.54238,0.09269,3.60000
none,2770,1,0.03062,-0.05026,0.54238,0.09269,3.60000
none,2780,1,0.03062,-0.04948,0.54238,0.09269,3.60000
none,2790,1,0.03062,-0.04948,0.54238,0.09269,3.60000
none,2800,1,0.03062,-0.04855,0.54238,0.09269,3.60000
none,2810,1,0.03062,-0.04855,0.54238,0.09269,3.60000
none,2820,1,0.03062,-0.04689,0.54238,0.09269,3.60000
none,2830,1,0.03062,-0.04689,0.54238,0.09269,3.60000
none,2840,1,0.03062,-0.04670,0.54238,0.09269,3.60000
none,2850,1,0.03062,-0.04670,0.54238,0.09269,3.60000
none,2860,1,0.03062,-0.04803,0.54238,0.09269,3.60000
none,2870,1,0.03062,-0.04803,0.54238,0.09269,3.60000
none,2880,1,0.03062,-0.04788,0.54238,0.09269,3.60000
none,2890,1,0.03062,-0.04788,0.54238,0.09269,3.60000
none,2900,1,0.03062,-0.04926,0.54238,0.09269,3.60000
none,2910,1,0.03062,-0.04926,0.54238,0.09269,3.60000
none,2920,1,0.03062,-0.05159,0.54238,0.09269,3.60000
none,2930,1,0.03062,-0.05159,0.54238,0.09269,3.60000
none,2940,1,0.03062,-0.05059,0.54238,0.09269,3.60000
none,2950,1,0.03062,-0.05059,0.54238,0.09269,3.60000
none,2960,1,0.03062,-0.04873,0.54238,0.09269,3.60000
none,2970,1,0.03062,-0.04873,0.54238,0.09269,3.60000
none,2980,1,0.03062,-0.04841,0.54238,0.09269,3.60000
none,2990,1,0.03062,-0.04841,0.54238,0.09269,3.60000
none,3000,1,0.03062,-0.04786,0.54238,0.09269,3.60000
none,3010,1,0.03062,-0.04786,0.54238,0.09269,3.60000
none,3020,1,0.03062,-0.04772,0.54238,0.09269,3.60000
none,3030,1,0.03062,-0.04772,0.54238,0.09269,3.60000
none,3040,1,0.03062,-0.04664,0.54238,0.09269,3.60000
none,3050,1,0.03062,-0.04664,0.54238,0.09269,3.60000
none,3060,1,0.03062,-0.04549,0.54238,0.09269,3.60000
none,3070,1,0.03062,-0.04549,0.54238,0.09269,3.60000
none,3080,1,0.03062,-0.04679,0.54238,0.09269,3.60000
none,3090,1,0.03062,-0.04679,0.54238,0.09269,3.60000
none,3100,1,0.03062,-0.04701,0.54238,0.09269,3.60000
none,3110,1,0.03062,-0.04701,0.54238,0.09269,3.60000
none,3120,1,0.03062,-0.04843,0.54238,0.09269,3.60000
none,3130,1,0.03062,-0.04843,0.54238,0.09269,3.60000
none,3140,1,0.03062,-0.04812,0.54238,0.09269,3.60000
none,3150,1,0.03062,-0.04812,0.54238,0.09269,3.60000
none,3160,1,0.03062,-0.04924,0.54238,0.09269,3.60000
none,3170,1,0.03062,-0.04924,0.54238,0.09269,3.60000
none,3180,1,0.03062,-0.04951,0.54238,0.09269,3.60000
none,3190,1,0.03062,-0.04951,0.54238,0.09269,3.60000
none,3200,1,0.03062,-0.04936,0.54238,0.09269,3.60000
none,3210,1,0.03062,-0.04936,0.54238,0.09269,3.60000
none,3220,1,0.03062,-0.04928,0.54238,0.09269,3.60000
none,3230,1,0.03062,-0.04928,0.54238,0.09269,3.60000
none,3240,1,0.03062,-0.04882,0.54238,0.09269,3.60000
none,3250,1,0.03062,-0.04882,0.54238,0.09269,3.60000
none,3260,1,0.03062,-0.04909,0.54238,0.09269,3.60000
none,3270,1,0.03062,-0.04909,0.54238,0.09269,3.60000
none,3280,1,0.03062,-0.04953,0.54238,0.09269,3.60000
none,3290,1,0.03062,-0.04953,0.54238,0.09269,3.60000
none,3300,1,0.03062,-0.04812,0.54238,0.09269,3.60000
none,3310,1,0.03062,-0.04812,0.54238,0.09269,3.60000
none,3320,1,0.03062,-0.04863,0.54238,0.09269,3.60000
none,3330,1,0.03062,-0.04863,0.54238,0.09269,3.60000
none,3340,1,0.03062,-0.04783,0.54238,0.09269,3.60000
none,3350,1,0.03062,-0.04783,0.54238,0.09269,3.60000
none,3360,1,0.03062,-0.04898,0.54238,0.09269,3.60000
none,3370,1,0.03062,-0.04898,0.54238,0.09269,3.60000
none,3380,1,0.03062,-0.04983,0.54238,0.09269,3.60000
none,3390,1,0.03062,-0.04983,0.54238,0.09269,3.60000
none,3400,2,0.03083,-0.04906,0.54174,0.09270,3.60000
none,3410,2,0.03107,-0.04906,0.53532,0.09274,3.60000
none,3420,2,0.03074,-0.04906,0.52624,0.09278,3.60000
none,3430,2,0.03057,-0.04906,0.51981,0.09281,3.60000
none,3440,2,0.03069,-0.04935,0.51339,0.09285,3.60000
none,3450,2,0.03025,-0.04935,0.60236,0.09284,3.80000
none,3460,2,0.03043,-0.04935,0.60203,0.09267,3.80000
none,3470,2,0.03024,-0.04935,0.60203,0.09255,3.80000
none,3480,2,0.03016,-0.04881,0.60203,0.09248,3.80000
none,3490,2,0.03013,-0.04881,0.60203,0.09245,3.80000
none,3500,2,0.03005,-0.04881,0.60203,0.09245,3.80000
none,3510,2,0.03003,-0.04881,0.60203,0.09250,3.80000
none,3520,2,0.03019,-0.04901,0.60203,0.09249,3.80000
none,3530,2,0.02975,-0.04901,0.60203,0.09250,3.80000
none,3540,2,0.02958,-0.04901,0.60203,0.09253,3.80000
none,3550,2,0.02934,-0.04901,0.59700,0.09256,3.80000
none,3560,2,0.02908,-0.05116,0.59071,0.09260,3.80000
none,3570,2,0.02869,-0.05116,0.58329,0.09265,3.80000
none,3580,2,0.02840,-0.05116,0.57227,0.09274,3.80000
none,3590,2,0.02826,-0.05116,0.56773,0.09286,3.80000
none,3600,2,0.02816,-0.05209,0.56318,0.09297,3.80000
none,3610,2,0.02827,-0.05209,0.55810,0.09307,3.80000
none,3620,2,0.02816,-0.05209,0.55351,0.09316,3.80000
none,3630,2,0.02836,-0.05209,0.54910,0.09325,3.80000
none,3640,2,0.02817,-0.05117,0.54446,0.09334,3.80000
none,3650,2,0.02798,-0.05117,0.54039,0.09337,3.80000
none,3660,2,0.02805,-0.05117,0.53356,0.09325,3.80000
none,3670,2,0.02846,-0.05117,0.52789,0.09318,3.80000
none,3680,2,0.02821,-0.05041,0.52339,0.09314,3.80000
none,3690,2,0.02828,-0.05041,0.51867,0.09313,3.80000
none,3700,2,0.02812,-0.05041,0.51427,0.09316,3.80000
none,3710,2,0.02815,-0.05041,0.60084,0.09321,4.00000
none,3720,2,0.02834,-0.04948,0.60084,0.09321,4.00000
none,3730,2,0.02812,-0.04948,0.60084,0.09322,4.00000
none,3740,2,0.02805,-0.04948,0.60084,0.09324,4.00000
none,3750,2,0.02839,-0.04948,0.60084,0.09327,4.00000
none,3760,2,0.02827,-0.04929,0.60084,0.09331,4.00000
none,3770,2,0.02841,-0.04929,0.60084,0.09336,4.00000
none,3780,2,0.02822,-0.04929,0.59995,0.09342,4.00000
none,3790,2,0.02835,-0.04929,0.59995,0.09347,4.00000
none,3800,2,0.02828,-0.04816,0.59995,0.09352,4.00000
none,3810,2,0.02818,-0.04816,0.59909,0.09357,4.00000
none,3820,2,0.02819,-0.04816,0.59482,0.09363,4.00000
none,3830,2,0.02804,-0.04816,0.58955,0.09369,4.00000
none,3840,2,0.02837,-0.04712,0.58086,0.09373,4.00000
none,3850,2,0.02827,-0.04712,0.57399,0.09376,4.00000
none,3860,2,0.02827,-0.04712,0.56968,0.09361,4.00000
none,3870,2,0.02825,-0.04712,0.56567,0.09351,4.00000
none,3880,2,0.02814,-0.04797,0.56069,0.09345,4.00000
none,3890,2,0.02812,-0.04797,0.55508,0.09342,4.00000
none,3900,2,0.02775,-0.04797,0.55009,0.09343,4.00000
none,3910,2,0.02761,-0.04797,0.54603,0.09349,4.00000
none,3920,2,0.02774,-0.04440,0.53716,0.09344,4.00000
none,3930,2,0.02761,-0.04440,0.53079,0.09340,4.00000
none,3940,2,0.02763,-0.04440,0.52512,0.09338,4.00000
none,3950,2,0.02756,-0.04440,0.51889,0.09338,4.00000
none,3960,2,0.02766,-0.04520,0.59967,0.09336,4.20000
none,3970,2,0.02802,-0.04520,0.59967,0.09341,4.20000
none,3980,2,0.02816,-0.04520,0.59879,0.09347,4.20000
none,3990,2,0.02818,-0.04520,0.59879,0.09352,4.20000
none,4000,2,0.02825,-0.04469,0.59879,0.09357,4.20000
none,4010,2,0.02823,-0.04469,0.59879,0.09362,4.20000
none,4020,2,0.02810,-0.04469,0.59879,0.09366,4.20000
none,4030,2,0.02787,-0.04469,0.59879,0.09370,4.20000
none,4040,2,0.02812,-0.04497,0.59879,0.09373,4.20000
none,4050,2,0.02792,-0.04497,0.59879,0.09372,4.20000
none,4060,2,0.02803,-0.04497,0.59785,0.09354,4.20000
none,4070,2,0.02821,-0.04497,0.58860,0.09336,4.20000
none,4080,2,0.02779,-0.04428,0.58015,0.09326,4.20000
none,4090,2,0.02768,-0.04428,0.57414,0.09320,4.20000
none,4100,2,0.02767,-0.04428,0.56818,0.09317,4.20000
none,4110,2,0.02760,-0.04428,0.56048,0.09322,4.20000
none,4120,2,0.02761,-0.04415,0.55547,0.09322,4.20000
none,4130,2,0.02742,-0.04415,0.55047,0.09324,4.20000
none,4140,2,0.02737,-0.04415,0.54549,0.09328,4.20000
none,4150,2,0.02740,-0.04415,0.53742,0.09335,4.20000
none,4160,2,0.02764,-0.04483,0.53330,0.09343,4.20000
none,4170,2,0.02773,-0.04483,0.52919,0.09351,4.20000
none,4180,2,0.02766,-0.04483,0.52403,0.09360,4.20000
none,4190,2,0.02789,-0.04483,0.51515,0.09365,4.20000
none,4200,2,0.02788,-0.04506,0.59765,0.09368,4.40000
none,4210,2,0.02814,-0.04506,0.59765,0.09372,4.40000
none,4220,2,0.02821,-0.04506,0.59765,0.09377,4.40000
none,4230,2,0.02803,-0.04506,0.59765,0.09381,4.40000
none,4240,2,0.02768,-0.04336,0.59765,0.09384,4.40000
none,4250,2,0.02773,-0.04336,0.59765,0.09383,4.40000
none,4260,2,0.02783,-0.04336,0.59742,0.09365,4.40000
none,4270,2,0.02775,-0.04336,0.59742,0.09353,4.40000
none,4280,2,0.02769,-0.04334,0.59742,0.09345,4.40000
none,4290,2,0.02784,-0.04334,0.59742,0.09342,4.40000
none,4300,2,0.02768,-0.04334,0.59690,0.09342,4.40000
none,4310,2,0.02782,-0.04334,0.58966,0.09345,4.40000
none,4320,2,0.02826,-0.04285,0.57654,0.09344,4.40000
none,4330,2,0.02819,-0.04285,0.56764,0.09339,4.40000
none,4340,2,0.02815,-0.04285,0.55855,0.09339,4.40000
none,4350,2,0.02827,-0.04285,0.55328,0.09342,4.40000
none,4360,2,0.02815,-0.04333,0.54803,0.09346,4.40000
none,4370,2,0.02822,-0.04333,0.54275,0.09350,4.40000
none,4380,2,0.02818,-0.04333,0.53664,0.09355,4.40000
none,4390,2,0.02848,-0.04333,0.52990,0.09361,4.40000
none,4400,2,0.02833,-0.04228,0.52586,0.09370,4.40000
none,4410,2,0.02814,-0.04228,0.51844,0.09377,4.40000
none,4420,2,0.02800,-0.04228,0.51442,0.09384,4.40000
none,4430,2,0.02830,-0.04228,0.51036,0.09391,4.40000
none,4440,2,0.02815,-0.04091,0.59654,0.09396,4.60000
none,4450,2,0.02807,-0.04091,0.59654,0.09394,4.60000
none,4460,2,0.02806,-0.04091,0.59631,0.09377,4.60000
none,4470,2,0.02792,-0.04091,0.59631,0.09364,4.60000
none,4480,2,0.02799,-0.04361,0.59631,0.09356,4.60000
none,4490,2,0.02809,-0.04361,0.59631,0.09352,4.60000
none,4500,2,0.02812,-0.04361,0.59631,0.09352,4.60000
none,4510,2,0.02809,-0.04361,0.59631,0.09356,4.60000
none,4520,2,0.02814,-0.04370,0.59631,0.09355,4.60000
none,4530,2,0.02833,-0.04370,0.59631,0.09356,4.60000
none,4540,2,0.02856,-0.04370,0.59589,0.09358,4.60000
none,4550,2,0.02872,-0.04370,0.58471,0.09362,4.60000
none,4560,2,0.02883,-0.04264,0.57640,0.09369,4.60000
none,4570,2,0.02901,-0.04264,0.57220,0.09376,4.60000
none,4580,2,0.02913,-0.04264,0.56714,0.09382,4.60000
none,4590,2,0.02948,-0.04264,0.56292,0.09389,4.60000
none,4600,2,0.02931,-0.04306,0.55763,0.09394,4.60000
none,4610,2,0.02901,-0.04306,0.55262,0.09398,4.60000
none,4620,2,0.02906,-0.04306,0.54805,0.09401,4.60000
none,4630,2,0.02930,-0.04306,0.54351,0.09404,4.60000
none,4640,2,0.02936,-0.04243,0.53899,0.09407,4.60000
none,4650,2,0.02923,-0.04243,0.53450,0.09405,4.60000
none,4660,2,0.02915,-0.04243,0.52980,0.09388,4.60000
none,4670,2,0.02936,-0.04243,0.52283,0.09376,4.60000
none,4680,2,0.02919,-0.04188,0.51866,0.09370,4.60000
none,4690,2,0.02924,-0.04188,0.50998,0.09363,4.60000
none,4700,2,0.02893,-0.04188,0.59519,0.09360,4.80000
none,4710,2,0.02874,-0.04188,0.59519,0.09363,4.80000
none,4720,2,0.02870,-0.04085,0.59519,0.09362,4.80000
none,4730,2,0.02885,-0.04085,0.59519,0.09363,4.80000
none,4740,2,0.02882,-0.04085,0.59519,0.09365,4.80000
none,4750,2,0.02872,-0.04085,0.59519,0.09367,4.80000
none,4760,2,0.02866,-0.04060,0.59519,0.09371,4.80000
none,4770,2,0.02861,-0.04060,0.59519,0.09376,4.80000
none,4780,2,0.02900,-0.04060,0.59431,0.09381,4.80000
none,4790,2,0.02877,-0.04060,0.59431,0.09386,4.80000
none,4800,2,0.02882,-0.03993,0.59185,0.09388,4.80000
none,4810,2,0.02910,-0.03993,0.58573,0.09386,4.80000
none,4820,2,0.02919,-0.03993,0.57894,0.09385,4.80000
none,4830,2,0.02902,-0.03993,0.57282,0.09383,4.80000
none,4840,2,0.02932,-0.03870,0.56672,0.09382,4.80000
none,4850,2,0.02921,-0.03870,0.55884,0.09378,4.80000
none,4860,2,0.02925,-0.03870,0.55365,0.09362,4.80000
none,4870,2,0.02907,-0.03870,0.54885,0.09351,4.80000
none,4880,2,0.02906,-0.03894,0.54343,0.09345,4.80000
none,4890,2,0.02938,-0.03894,0.53890,0.09343,4.80000
none,4900,2,0.02977,-0.03894,0.53382,0.09346,4.80000
none,4910,2,0.02985,-0.03894,0.52966,0.09353,4.80000
none,4920,2,0.03013,-0.03783,0.52549,0.09355,4.80000
none,4930,2,0.02991,-0.03783,0.52135,0.09358,4.80000
none,4940,2,0.03001,-0.03783,0.51724,0.09362,4.80000
none,4950,2,0.02972,-0.03783,0.51292,0.09367,4.80000
none,4960,2,0.02971,-0.03782,0.50864,0.09373,4.80000
none,4970,2,0.02972,-0.03782,0.50432,0.09379,4.80000
none,4980,2,0.02958,-0.03782,0.59319,0.09384,5.00000
none,4990,2,0.02958,-0.03782,0.59319,0.09389,5.00000
none,5000,2,0.02973,-0.03752,0.59319,0.09394,5.00000
none,5010,2,0.02976,-0.03752,0.59319,0.09398,5.00000
none,5020,2,0.02972,-0.03752,0.59319,0.09401,5.00000
none,5030,2,0.02961,-0.03752,0.59319,0.09405,5.00000
none,5040,2,0.02950,-0.03705,0.59319,0.09407,5.00000
none,5050,2,0.02964,-0.03705,0.59319,0.09405,5.00000
none,5060,2,0.02941,-0.03705,0.59296,0.09388,5.00000
none,5070,2,0.02975,-0.03705,0.59296,0.09375,5.00000
none,5080,2,0.02962,-0.03727,0.58921,0.09368,5.00000
none,5090,2,0.02951,-0.03727,0.58045,0.09363,5.00000
none,5100,2,0.02950,-0.03727,0.57459,0.09358,5.00000
none,5110,2,0.02950,-0.03727,0.56876,0.09357,5.00000
none,5120,2,0.02961,-0.03809,0.56294,0.09352,5.00000
none,5130,2,0.02988,-0.03809,0.55613,0.09348,5.00000
none,5140,2,0.02978,-0.03809,0.54988,0.09348,5.00000
none,5150,2,0.02973,-0.03809,0.54426,0.09348,5.00000
none,5160,2,0.03031,-0.03802,0.53825,0.09351,5.00000
none,5170,2,0.02993,-0.03802,0.53296,0.09355,5.00000
none,5180,2,0.02972,-0.03802,0.52662,0.09359,5.00000
none,5190,2,0.03003,-0.03802,0.51954,0.09365,5.00000
none,5200,2,0.03032,-0.03818,0.51544,0.09378,5.00000
none,5210,2,0.03071,-0.03818,0.51242,0.09393,5.00000
none,5220,2,0.03064,-0.03818,0.50360,0.09396,5.00000
none,5230,2,0.03069,-0.03818,0.59208,0.09398,5.20000
none,5240,2,0.03057,-0.03932,0.59208,0.09401,5.20000
none,5250,2,0.03060,-0.03932,0.59208,0.09399,5.20000
none,5260,2,0.03055,-0.03932,0.59184,0.09381,5.20000
none,5270,2,0.03031,-0.03932,0.59184,0.09369,5.20000
none,5280,2,0.03029,-0.03984,0.59184,0.09361,5.20000
none,5290,2,0.03019,-0.03984,0.59184,0.09357,5.20000
none,5300,2,0.03007,-0.03984,0.59184,0.09357,5.20000
none,5310,2,0.03012,-0.03984,0.59184,0.09361,5.20000
none,5320,2,0.02981,-0.03840,0.59184,0.09360,5.20000
none,5330,2,0.02985,-0.03840,0.58817,0.09359,5.20000
none,5340,2,0.03010,-0.03840,0.58294,0.09358,5.20000
none,5350,2,0.03047,-0.03840,0.57335,0.09359,5.20000
none,5360,2,0.03008,-0.03789,0.56785,0.09361,5.20000
none,5370,2,0.02977,-0.03789,0.56223,0.09363,5.20000
none,5380,2,0.02979,-0.03789,0.55395,0.09366,5.20000
none,5390,2,0.02995,-0.03789,0.54155,0.09366,5.20000
none,5400,2,0.03007,-0.03746,0.53439,0.09362,5.20000
none,5410,2,0.03038,-0.03746,0.52725,0.09359,5.20000
none,5420,2,0.03036,-0.03746,0.51959,0.09356,5.20000
none,5430,2,0.03050,-0.03746,0.51238,0.09353,5.20000
none,5440,2,0.03022,-0.03714,0.50518,0.09351,5.20000
none,5450,2,0.03046,-0.03714,0.59096,0.09346,5.40000
none,5460,2,0.03022,-0.03714,0.59073,0.09329,5.40000
none,5470,2,0.03041,-0.03714,0.59073,0.09316,5.40000
none,5480,2,0.03060,-0.03779,0.59073,0.09308,5.40000
none,5490,2,0.03055,-0.03779,0.59073,0.09304,5.40000
none,5500,2,0.03024,-0.03779,0.59073,0.09304,5.40000
none,5510,2,0.03015,-0.03779,0.59073,0.09308,5.40000
none,5520,2,0.03001,-0.03874,0.59073,0.09307,5.40000
none,5530,2,0.02993,-0.03874,0.59073,0.09307,5.40000
none,5540,2,0.02975,-0.03874,0.59073,0.09309,5.40000
none,5550,2,0.02989,-0.03874,0.58878,0.09311,5.40000
none,5560,2,0.03013,-0.03893,0.58084,0.09313,5.40000
none,5570,2,0.02993,-0.03893,0.57056,0.09316,5.40000
none,5580,2,0.03003,-0.03893,0.56258,0.09319,5.40000
none,5590,2,0.03020,-0.03893,0.55592,0.09322,5.40000
none,5600,3,0.03046,-0.03824,0.54904,0.09200,5.40000
none,5610,3,0.03323,-0.03824,0.54012,0.08018,5.40000
none,5620,3,0.03536,-0.03824,0.52866,0.06950,5.40000
none,5630,3,0.03677,-0.03824,0.51792,0.05983,5.40000
none,5640,3,0.03849,-0.03747,0.50861,0.05109,5.40000
none,5650,3,0.03948,-0.03747,0.58896,0.04320,5.60000
none,5660,3,0.03942,-0.03747,0.58806,0.03611,5.60000
none,5670,3,0.04029,-0.03747,0.58806,0.02970,5.60000
none,5680,3,0.04013,-0.04148,0.58806,0.02391,5.60000
none,5690,3,0.04047,-0.04148,0.58806,0.01866,5.60000
none,5700,3,0.04029,-0.04148,0.58806,0.01392,5.60000
none,5710,3,0.04033,-0.04148,0.58717,0.00964,5.60000
none,5720,3,0.04022,-0.04406,0.58717,0.00576,5.60000
none,5730,3,0.03972,-0.04406,0.58717,0.00225,5.60000
none,5740,3,0.03943,-0.04406,0.58717,-0.00092,5.60000
none,5750,3,0.03952,-0.04406,0.58623,-0.00379,5.60000
none,5760,3,0.03943,-0.04807,0.57724,-0.00645,5.60000
none,5770,3,0.03922,-0.04807,0.56833,-0.00885,5.60000
none,5780,3,0.03878,-0.04807,0.57815,-0.01111,5.60000
none,5790,3,0.03804,-0.04807,0.56670,-0.01320,5.60000
none,5800,3,0.03790,-0.05108,0.55787,-0.01505,5.60000
none,5810,3,0.03749,-0.05108,0.54853,-0.01671,5.60000
none,5820,3,0.03715,-0.05108,0.53969,-0.01819,5.60000
none,5830,3,0.03686,-0.05108,0.53086,-0.01950,5.60000
none,5840,3,0.03640,-0.05542,0.52177,-0.02066,5.60000
none,5850,3,0.03594,-0.05542,0.60589,-0.02169,5.80000
none,5860,3,0.03580,-0.05542,0.60499,-0.02261,5.80000
none,5870,3,0.03550,-0.05542,0.60499,-0.02344,5.80000
none,5880,3,0.03552,-0.06051,0.60499,-0.02419,5.80000
none,5890,3,0.03544,-0.06051,0.60499,-0.02487,5.80000
none,5900,3,0.03514,-0.06051,0.60499,-0.02549,5.80000
none,5910,3,0.03505,-0.06051,0.60410,-0.02604,5.80000
none,5920,3,0.03529,-0.06107,0.60410,-0.02655,5.80000
none,5930,3,0.03520,-0.06107,0.60410,-0.02700,5.80000
none,5940,3,0.03490,-0.06107,0.60410,-0.02741,5.80000
none,5950,3,0.03485,-0.06107,0.60057,-0.02779,5.80000
none,5960,3,0.03460,-0.06212,0.59139,-0.02815,5.80000
none,5970,3,0.03447,-0.06212,0.58255,-0.02847,5.80000
none,5980,3,0.03427,-0.06212,0.59269,-0.02886,5.80000
none,5990,3,0.03415,-0.06212,0.58385,-0.02924,5.80000
none,6000,3,0.03420,-0.06278,0.57226,-0.02957,5.80000
none,6010,3,0.03385,-0.06278,0.56349,-0.02983,5.80000
none,6020,3,0.03385,-0.06278,0.55294,-0.03005,5.80000
none,6030,3,0.03360,-0.06278,0.54282,-0.03022,5.80000
none,6040,3,0.03436,-0.06344,0.53409,-0.03034,5.80000
none,6050,3,0.03456,-0.06344,0.62282,-0.03045,6.00000
none,6060,3,0.03474,-0.06344,0.62193,-0.03054,6.00000
none,6070,3,0.03480,-0.06344,0.62193,-0.03062,6.00000
none,6080,3,0.03470,-0.06364,0.62193,-0.03070,6.00000
none,6090,3,0.03483,-0.06364,0.62193,-0.03077,6.00000
none,6100,3,0.03507,-0.06364,0.62193,-0.03083,6.00000
none,6110,3,0.03519,-0.06364,0.62104,-0.03089,6.00000
none,6120,3,0.03510,-0.06336,0.62104,-0.03094,6.00000
none,6130,3,0.03461,-0.06336,0.62104,-0.03098,6.00000
none,6140,3,0.03424,-0.06336,0.62104,-0.03102,6.00000
none,6150,3,0.03461,-0.06336,0.61333,-0.03106,6.00000
none,6160,3,0.03443,-0.06235,0.60038,-0.03110,6.00000
none,6170,3,0.03446,-0.06235,0.58912,-0.03114,6.00000
none,6180,3,0.03436,-0.06235,0.59518,-0.03127,6.00000
none,6190,3,0.03452,-0.06235,0.58629,-0.03142,6.00000
none,6200,3,0.03470,-0.06356,0.57571,-0.03154,6.00000
none,6210,3,0.03467,-0.06356,0.56321,-0.03162,6.00000
none,6220,3,0.03456,-0.06356,0.55171,-0.03166,6.00000
none,6230,3,0.03456,-0.06356,0.64064,-0.03168,6.20000
none,6240,3,0.03457,-0.06253,0.64064,-0.03167,6.20000
none,6250,3,0.03490,-0.06253,0.63976,-0.03165,6.20000
none,6260,3,0.03489,-0.06253,0.63886,-0.03163,6.20000
none,6270,3,0.03501,-0.06253,0.63886,-0.03162,6.20000
none,6280,3,0.03492,-0.06233,0.63886,-0.03160,6.20000
none,6290,3,0.03474,-0.06233,0.63886,-0.03159,6.20000
none,6300,3,0.03488,-0.06233,0.63886,-0.03158,6.20000
none,6310,3,0.03488,-0.06233,0.63797,-0.03157,6.20000
none,6320,3,0.03488,-0.06208,0.63797,-0.03156,6.20000
none,6330,3,0.03465,-0.06208,0.63108,-0.03155,6.20000
none,6340,3,0.03478,-0.06208,0.62039,-0.03154,6.20000
none,6350,3,0.03462,-0.06208,0.60358,-0.03153,6.20000
none,6360,3,0.03458,-0.06278,0.58743,-0.03153,6.20000
none,6370,3,0.03462,-0.06278,0.57889,-0.03151,6.20000
none,6380,3,0.03442,-0.06278,0.59000,-0.03159,6.20000
none,6390,3,0.03456,-0.06278,0.58149,-0.03170,6.20000
none,6400,3,0.03440,-0.06471,0.57025,-0.03178,6.20000
none,6410,3,0.03466,-0.06471,0.65758,-0.03183,6.40000
none,6420,3,0.03437,-0.06471,0.65758,-0.03185,6.40000
none,6430,3,0.03428,-0.06471,0.65758,-0.03185,6.40000
none,6440,3,0.03445,-0.06543,0.65758,-0.03182,6.40000
none,6450,3,0.03457,-0.06543,0.65669,-0.03178,6.40000
none,6460,3,0.03427,-0.06543,0.65579,-0.03175,6.40000
none,6470,3,0.03409,-0.06543,0.65579,-0.03172,6.40000
none,6480,3,0.03408,-0.06677,0.65579,-0.03169,6.40000
none,6490,3,0.03415,-0.06677,0.65579,-0.03167,6.40000
none,6500,3,0.03417,-0.06677,0.65579,-0.03165,6.40000
none,6510,3,0.03430,-0.06677,0.64983,-0.03162,6.40000
none,6520,3,0.03418,-0.06598,0.64137,-0.03160,6.40000
none,6530,3,0.03392,-0.06598,0.63291,-0.03158,6.40000
none,6540,3,0.03443,-0.06598,0.62445,-0.03156,6.40000
none,6550,3,0.03447,-0.06598,0.61600,-0.03154,6.40000
none,6560,3,0.03437,-0.06425,0.60754,-0.03153,6.40000
none,6570,3,0.03451,-0.06425,0.59908,-0.03151,6.40000
none,6580,3,0.03437,-0.06425,0.60836,-0.03159,6.40000
none,6590,3,0.03427,-0.06425,0.60012,-0.03169,6.40000
none,6600,3,0.03439,-0.06147,0.59012,-0.03176,6.40000
none,6610,3,0.03428,-0.06147,0.67451,-0.03181,6.60000
none,6620,3,0.03402,-0.06147,0.67451,-0.03183,6.60000
none,6630,3,0.03400,-0.06147,0.67451,-0.03182,6.60000
none,6640,3,0.03398,-0.06078,0.67451,-0.03179,6.60000
none,6650,3,0.03375,-0.06078,0.67362,-0.03175,6.60000
none,6660,3,0.03363,-0.06078,0.67273,-0.03172,6.60000
none,6670,3,0.03344,-0.06078,0.67273,-0.03168,6.60000
none,6680,3,0.03321,-0.06096,0.67273,-0.03166,6.60000
none,6690,3,0.03341,-0.06096,0.67273,-0.03163,6.60000
none,6700,3,0.03321,-0.06096,0.67273,-0.03161,6.60000
none,6710,3,0.03330,-0.06096,0.66845,-0.03159,6.60000
none,6720,3,0.03345,-0.06067,0.66000,-0.03157,6.60000
none,6730,3,0.03341,-0.06067,0.65154,-0.03155,6.60000
none,6740,3,0.03338,-0.06067,0.64074,-0.03153,6.60000
none,6750,3,0.03356,-0.06067,0.63199,-0.03153,6.60000
none,6760,3,0.03336,-0.06096,0.62337,-0.03152,6.60000
none,6770,3,0.03353,-0.06096,0.61355,-0.03151,6.60000
none,6780,3,0.03378,-0.06096,0.62447,-0.03160,6.60000
none,6790,3,0.03420,-0.06096,0.61344,-0.03171,6.60000
none,6800,3,0.03462,-0.06192,0.60274,-0.03179,6.60000
none,6810,3,0.03455,-0.06192,0.69144,-0.03183,6.80000
none,6820,3,0.03420,-0.06192,0.69144,-0.03185,6.80000
none,6830,3,0.03395,-0.06192,0.69144,-0.03185,6.80000
none,6840,3,0.03419,-0.06339,0.69144,-0.03182,6.80000
none,6850,3,0.03415,-0.06339,0.69056,-0.03178,6.80000
none,6860,3,0.03436,-0.06339,0.68966,-0.03174,6.80000
none,6870,3,0.03432,-0.06339,0.68966,-0.03171,6.80000
none,6880,3,0.03420,-0.06425,0.68966,-0.03168,6.80000
none,6890,3,0.03398,-0.06425,0.68966,-0.03166,6.80000
none,6900,3,0.03461,-0.06425,0.68966,-0.03163,6.80000
none,6910,3,0.03477,-0.06425,0.67921,-0.03161,6.80000
none,6920,3,0.03473,-0.06329,0.66993,-0.03160,6.80000
none,6930,3,0.03500,-0.06329,0.65841,-0.03159,6.80000
none,6940,3,0.03473,-0.06329,0.64703,-0.03158,6.80000
none,6950,3,0.03458,-0.06329,0.63834,-0.03157,6.80000
none,6960,3,0.03448,-0.06357,0.62965,-0.03156,6.80000
none,6970,3,0.03463,-0.06357,0.61705,-0.03155,6.80000
none,6980,3,0.03437,-0.06357,0.62645,-0.03164,6.80000
none,6990,3,0.03459,-0.06357,0.70838,-0.03176,7.00000
none,7000,3,0.03439,-0.06419,0.70838,-0.03183,7.00000
none,7010,3,0.03421,-0.06419,0.70838,-0.03188,7.00000
none,7020,3,0.03428,-0.06419,0.70838,-0.03190,7.00000
none,7030,3,0.03420,-0.06419,0.70838,-0.03189,7.00000
none,7040,3,0.03427,-0.06566,0.70838,-0.03186,7.00000
none,7050,3,0.03407,-0.06566,0.70749,-0.03182,7.00000
none,7060,3,0.03400,-0.06566,0.70659,-0.03179,7.00000
none,7070,3,0.03367,-0.06566,0.70659,-0.03176,7.00000
none,7080,3,0.03346,-0.06291,0.70659,-0.03173,7.00000
none,7090,3,0.03360,-0.06291,0.70571,-0.03170,7.00000
none,7100,3,0.03403,-0.06291,0.69435,-0.03168,7.00000
none,7110,3,0.03379,-0.06291,0.68374,-0.03167,7.00000
none,7120,3,0.03412,-0.06471,0.67281,-0.03165,7.00000
none,7130,3,0.03399,-0.06471,0.66404,-0.03164,7.00000
none,7140,3,0.03440,-0.06471,0.65527,-0.03162,7.00000
none,7150,3,0.03425,-0.06471,0.64650,-0.03161,7.00000
none,7160,3,0.03394,-0.06475,0.63603,-0.03160,7.00000
none,7170,3,0.03448,-0.06475,0.62585,-0.03160,7.00000
none,7180,3,0.03457,-0.06475,0.71558,-0.03168,7.20000
none,7190,3,0.03468,-0.06475,0.71558,-0.03180,7.20000
none,7200,3,0.03446,-0.06503,0.71558,-0.03187,7.20000
none,7210,3,0.03416,-0.06503,0.71558,-0.03192,7.20000
none,7220,3,0.03432,-0.06503,0.71558,-0.03194,7.20000
none,7230,3,0.03406,-0.06503,0.71558,-0.03193,7.20000
none,7240,3,0.03452,-0.06429,0.71558,-0.03190,7.20000
none,7250,3,0.03424,-0.06429,0.71469,-0.03186,7.20000
none,7260,3,0.03435,-0.06429,0.71379,-0.03183,7.20000
none,7270,3,0.03385,-0.06429,0.71379,-0.03180,7.20000
none,7280,3,0.03395,-0.06362,0.71379,-0.03177,7.20000
none,7290,3,0.03432,-0.06362,0.70407,-0.03175,7.20000
none,7300,3,0.03443,-0.06362,0.69060,-0.03173,7.20000
none,7310,3,0.03482,-0.06362,0.67530,-0.03171,7.20000
none,7320,3,0.03490,-0.06482,0.66324,-0.03170,7.20000
none,7330,3,0.03532,-0.06482,0.65286,-0.03168,7.20000
none,7340,3,0.03570,-0.06482,0.64034,-0.03167,7.20000
none,7350,3,0.03589,-0.06482,0.63109,-0.03166,7.20000
none,7360,3,0.03565,-0.06471,0.71290,-0.03165,7.40000
none,7370,3,0.03593,-0.06471,0.71290,-0.03163,7.40000
none,7380,3,0.03587,-0.06471,0.71290,-0.03172,7.40000
none,7390,3,0.03546,-0.06471,0.71290,-0.03183,7.40000
none,7400,3,0.03537,-0.06461,0.71290,-0.03190,7.40000
none,7410,3,0.03512,-0.06461,0.71290,-0.03195,7.40000
none,7420,3,0.03510,-0.06461,0.71290,-0.03197,7.40000
none,7430,3,0.03510,-0.06461,0.71290,-0.03196,7.40000
none,7440,3,0.03506,-0.06260,0.71290,-0.03193,7.40000
none,7450,3,0.03498,-0.06260,0.71201,-0.03189,7.40000
none,7460,3,0.03510,-0.06260,0.70936,-0.03186,7.40000
none,7470,3,0.03523,-0.06260,0.70057,-0.03182,7.40000
none,7480,3,0.03522,-0.06238,0.68743,-0.03179,7.40000
none,7490,3,0.03487,-0.06238,0.67844,-0.03177,7.40000
none,7500,3,0.03442,-0.06238,0.66828,-0.03174,7.40000
none,7510,3,0.03448,-0.06238,0.65856,-0.03172,7.40000
none,7520,3,0.03446,-0.06116,0.64755,-0.03170,7.40000
none,7530,3,0.03425,-0.06116,0.63747,-0.03168,7.40000
none,7540,3,0.03442,-0.06116,0.62825,-0.03167,7.40000
none,7550,3,0.03444,-0.06116,0.71022,-0.03165,7.60000
none,7560,3,0.03454,-0.06432,0.71022,-0.03164,7.60000
none,7570,3,0.03450,-0.06432,0.71022,-0.03163,7.60000
none,7580,3,0.03449,-0.06432,0.71022,-0.03171,7.60000
none,7590,3,0.03458,-0.06432,0.71022,-0.03182,7.60000
none,7600,3,0.03516,-0.06318,0.71022,-0.03189,7.60000
none,7610,3,0.03520,-0.06318,0.71022,-0.03194,7.60000
none,7620,3,0.03529,-0.06318,0.71022,-0.03196,7.60000
none,7630,3,0.03552,-0.06318,0.71022,-0.03195,7.60000
none,7640,3,0.03566,-0.06311,0.71022,-0.03192,7.60000
none,7650,3,0.03530,-0.06311,0.70741,-0.03188,7.60000
none,7660,3,0.03558,-0.06311,0.69368,-0.03185,7.60000
none,7670,3,0.03517,-0.06311,0.68469,-0.03182,7.60000
none,7680,3,0.03507,-0.06357,0.67159,-0.03179,7.60000
none,7690,3,0.03558,-0.06357,0.66062,-0.03176,7.60000
none,7700,3,0.03534,-0.06357,0.65089,-0.03174,7.60000
none,7710,3,0.03557,-0.06357,0.64124,-0.03171,7.60000
none,7720,3,0.03568,-0.06320,0.63188,-0.03169,7.60000
none,7730,3,0.03600,-0.06320,0.62087,-0.03168,7.60000
none,7740,3,0.03641,-0.06320,0.70755,-0.03166,7.80000
none,7750,3,0.03614,-0.06320,0.70755,-0.03164,7.80000
none,7760,3,0.03643,-0.06510,0.70755,-0.03163,7.80000
none,7770,3,0.03672,-0.06510,0.70755,-0.03162,7.80000
none,7780,3,0.03697,-0.06510,0.70755,-0.03170,7.80000
none,7790,3,0.03667,-0.06510,0.70755,-0.03181,7.80000
none,7800,4,0.03684,-0.06357,0.70755,-0.03188,7.80000
none,7810,4,0.03684,-0.06357,0.70755,-0.03188,7.80000
none,7820,4,0.03684,-0.06252,0.70755,-0.03188,7.80000
none,7830,4,0.03684,-0.06252,0.70755,-0.03188,7.80000
none,7840,4,0.03684,-0.06442,0.70755,-0.03188,7.80000
none,7850,4,0.03684,-0.06442,0.70755,-0.03188,7.80000
none,7860,4,0.03684,-0.06455,0.70755,-0.03188,7.80000
none,7870,4,0.03684,-0.06455,0.70755,-0.03188,7.80000
none,7880,4,0.03684,-0.06465,0.70755,-0.03188,7.80000
none,7890,4,0.03684,-0.06465,0.70755,-0.03188,7.80000
none,7900,4,0.03684,-0.06535,0.70755,-0.03188,7.80000
none,7910,4,0.03684,-0.06535,0.70755,-0.03188,7.80000
none,7920,4,0.03684,-0.06504,0.70755,-0.03188,7.80000
none,7930,4,0.03684,-0.06504,0.70755,-0.03188,7.80000
none,7940,4,0.03684,-0.06277,0.70755,-0.03188,7.80000
none,7950,4,0.03684,-0.06277,0.70755,-0.03188,7.80000
none,7960,4,0.03684,-0.06414,0.70755,-0.03188,7.80000
none,7970,4,0.03684,-0.06414,0.70755,-0.03188,7.80000
none,7980,4,0.03684,-0.06330,0.70755,-0.03188,7.80000
none,7990,4,0.03684,-0.06330,0.70755,-0.03188,7.80000
none,8000,4,0.03684,-0.06454,0.70755,-0.03188,7.80000
none,8010,4,0.03684,-0.06454,0.70755,-0.03188,7.80000
none,8020,4,0.03684,-0.06367,0.70755,-0.03188,7.80000
none,8030,4,0.03684,-0.06367,0.70755,-0.03188,7.80000
none,8040,4,0.03684,-0.06322,0.70755,-0.03188,7.80000
none,8050,4,0.03684,-0.06322,0.70755,-0.03188,7.80000
none,8060,4,0.03684,-0.06345,0.70755,-0.03188,7.80000
none,8070,4,0.03684,-0.06345,0.70755,-0.03188,7.80000
none,8080,4,0.03684,-0.06427,0.70755,-0.03188,7.80000
none,8090,4,0.03684,-0.06427,0.70755,-0.03188,7.80000
none,8100,4,0.03684,-0.06528,0.70755,-0.03188,7.80000
none,8110,4,0.03684,-0.06528,0.70755,-0.03188,7.80000
none,8120,4,0.03684,-0.06378,0.70755,-0.03188,7.80000
none,8130,4,0.03684,-0.06378,0.70755,-0.03188,7.80000
none,8140,4,0.03684,-0.06392,0.70755,-0.03188,7.80000
none,8150,4,0.03684,-0.06392,0.70755,-0.03188,7.80000
none,8160,4,0.03684,-0.06214,0.70755,-0.03188,7.80000
none,8170,4,0.03684,-0.06214,0.70755,-0.03188,7.80000
none,8180,4,0.03684,-0.06282,0.70755,-0.03188,7.80000
none,8190,4,0.03684,-0.06282,0.70755,-0.03188,7.80000
none,8200,4,0.03684,-0.06159,0.70755,-0.03188,7.80000
none,8210,4,0.03684,-0.06159,0.70755,-0.03188,7.80000
none,8220,4,0.03684,-0.06115,0.70755,-0.03188,7.80000
none,8230,4,0.03684,-0.06115,0.70755,-0.03188,7.80000
none,8240,4,0.03684,-0.06179,0.70755,-0.03188,7.80000
none,8250,4,0.03684,-0.06179,0.70755,-0.03188,7.80000
none,8260,4,0.03684,-0.06009,0.70755,-0.03188,7.80000
none,8270,4,0.03684,-0.06009,0.70755,-0.03188,7.80000
none,8280,4,0.03684,-0.05949,0.70755,-0.03188,7.80000
none,8290,4,0.03684,-0.05949,0.70755,-0.03188,7.80000
none,8300,4,0.03684,-0.06233,0.70755,-0.03188,7.80000
none,8310,4,0.03684,-0.06233,0.70755,-0.03188,7.80000
none,8320,4,0.03684,-0.06301,0.70755,-0.03188,7.80000
none,8330,4,0.03684,-0.06301,0.70755,-0.03188,7.80000
none,8340,4,0.03684,-0.06197,0.70755,-0.03188,7.80000
none,8350,4,0.03684,-0.06197,0.70755,-0.03188,7.80000
none,8360,4,0.03684,-0.06352,0.70755,-0.03188,7.80000
none,8370,4,0.03684,-0.06352,0.70755,-0.03188,7.80000
none,8380,4,0.03684,-0.06272,0.70755,-0.03188,7.80000
none,8390,4,0.03684,-0.06272,0.70755,-0.03188,7.80000
none,8400,4,0.03684,-0.06251,0.70755,-0.03188,7.80000
none,8410,4,0.03684,-0.06251,0.70755,-0.03188,7.80000
none,8420,4,0.03684,-0.06282,0.70755,-0.03188,7.80000
none,8430,4,0.03684,-0.06282,0.70755,-0.03188,7.80000
none,8440,4,0.03684,-0.06256,0.70755,-0.03188,7.80000
none,8450,4,0.03684,-0.06256,0.70755,-0.03188,7.80000
none,8460,4,0.03684,-0.06288,0.70755,-0.03188,7.80000
none,8470,4,0.03684,-0.06288,0.70755,-0.03188,7.80000
none,8480,4,0.03684,-0.06244,0.70755,-0.03188,7.80000
none,8490,4,0.03684,-0.06244,0.70755,-0.03188,7.80000
none,8500,4,0.03684,-0.06350,0.70755,-0.03188,7.80000
none,8510,4,0.03684,-0.06350,0.70755,-0.03188,7.80000
none,8520,4,0.03684,-0.06299,0.70755,-0.03188,7.80000
none,8530,4,0.03684,-0.06299,0.70755,-0.03188,7.80000
none,8540,4,0.03684,-0.06226,0.70755,-0.03188,7.80000
none,8550,4,0.03684,-0.06226,0.70755,-0.03188,7.80000
none,8560,4,0.03684,-0.06287,0.70755,-0.03188,7.80000
none,8570,4,0.03684,-0.06287,0.70755,-0.03188,7.80000
none,8580,4,0.03684,-0.06312,0.70755,-0.03188,7.80000
none,8590,4,0.03684,-0.06312,0.70755,-0.03188,7.80000
none,8600,4,0.03684,-0.06431,0.70755,-0.03188,7.80000
none,8610,4,0.03684,-0.06431,0.70755,-0.03188,7.80000
none,8620,4,0.03684,-0.06329,0.70755,-0.03188,7.80000
none,8630,4,0.03684,-0.06329,0.70755,-0.03188,7.80000
none,8640,4,0.03684,-0.06280,0.70755,-0.03188,7.80000
none,8650,4,0.03684,-0.06280,0.70755,-0.03188,7.80000
none,8660,4,0.03684,-0.06417,0.70755,-0.03188,7.80000
none,8670,4,0.03684,-0.06417,0.70755,-0.03188,7.80000
none,8680,4,0.03684,-0.06394,0.70755,-0.03188,7.80000
none,8690,4,0.03684,-0.06394,0.70755,-0.03188,7.80000
none,8700,4,0.03684,-0.06392,0.70755,-0.03188,7.80000
none,8710,4,0.03684,-0.06392,0.70755,-0.03188,7.80000
none,8720,4,0.03684,-0.06330,0.70755,-0.03188,7.80000
none,8730,4,0.03684,-0.06330,0.70755,-0.03188,7.80000
none,8740,4,0.03684,-0.06405,0.70755,-0.03188,7.80000
none,8750,4,0.03684,-0.06405,0.70755,-0.03188,7.80000
none,8760,4,0.03684,-0.06411,0.70755,-0.03188,7.80000
none,8770,4,0.03684,-0.06411,0.70755,-0.03188,7.80000
none,8780,4,0.03684,-0.06447,0.70755,-0.03188,7.80000
none,8790,4,0.03684,-0.06447,0.70755,-0.03188,7.80000
none,8800,4,0.03684,-0.06527,0.70755,-0.03188,7.80000
none,8810,4,0.03684,-0.06527,0.70755,-0.03188,7.80000
none,8820,4,0.03684,-0.06317,0.70755,-0.03188,7.80000
none,8830,4,0.03684,-0.06317,0.70755,-0.03188,7.80000
none,8840,4,0.03684,-0.06238,0.70755,-0.03188,7.80000
none,8850,4,0.03684,-0.06238,0.70755,-0.03188,7.80000
none,8860,4,0.03684,-0.06120,0.70755,-0.03188,7.80000
none,8870,4,0.03684,-0.06120,0.70755,-0.03188,7.80000
none,8880,4,0.03684,-0.06049,0.70755,-0.03188,7.80000
none,8890,4,0.03684,-0.06049,0.70755,-0.03188,7.80000
none,8900,4,0.03684,-0.06017,0.70755,-0.03188,7.80000
none,8910,4,0.03684,-0.06017,0.70755,-0.03188,7.80000
none,8920,4,0.03684,-0.06103,0.70755,-0.03188,7.80000
none,8930,4,0.03684,-0.06103,0.70755,-0.03188,7.80000
none,8940,4,0.03684,-0.06156,0.70755,-0.03188,7.80000
none,8950,4,0.03684,-0.06156,0.70755,-0.03188,7.80000
none,8960,4,0.03684,-0.06177,0.70755,-0.03188,7.80000
none,8970,4,0.03684,-0.06177,0.70755,-0.03188,7.80000
none,8980,4,0.03684,-0.06222,0.70755,-0.03188,7.80000
none,8990,4,0.03684,-0.06222,0.70755,-0.03188,7.80000
none,9000,5,0.03709,-0.06397,0.70755,-0.03189,7.80000
none,9010,5,0.03734,-0.06397,0.70755,-0.03193,7.80000
none,9020,5,0.03750,-0.06397,0.70755,-0.03195,7.80000
none,9030,5,0.03752,-0.06397,0.70755,-0.03195,7.80000
none,9040,5,0.03744,-0.06380,0.70148,-0.03191,7.80000
none,9050,5,0.03749,-0.06380,0.69193,-0.03187,7.80000
none,9060,5,0.03765,-0.06380,0.67949,-0.03183,7.80000
none,9070,5,0.03723,-0.06380,0.67089,-0.03179,7.80000
none,9080,5,0.03730,-0.06172,0.65841,-0.03175,7.80000
none,9090,5,0.03708,-0.06172,0.64973,-0.03173,7.80000
none,9100,5,0.03722,-0.06172,0.64106,-0.03170,7.80000
none,9110,5,0.03709,-0.06172,0.63106,-0.03168,7.80000
none,9120,5,0.03716,-0.06233,0.62160,-0.03166,7.80000
none,9130,5,0.03714,-0.06233,0.70487,-0.03164,8.00000
none,9140,5,0.03712,-0.06233,0.70487,-0.03162,8.00000
none,9150,5,0.03700,-0.06233,0.70487,-0.03161,8.00000
none,9160,5,0.03689,-0.06231,0.70487,-0.03160,8.00000
none,9170,5,0.03671,-0.06231,0.70487,-0.03158,8.00000
none,9180,5,0.03647,-0.06231,0.70487,-0.03166,8.00000
none,9190,5,0.03644,-0.06231,0.70487,-0.03178,8.00000
none,9200,5,0.03662,-0.06281,0.70487,-0.03185,8.00000
none,9210,5,0.03682,-0.06281,0.70487,-0.03190,8.00000
none,9220,5,0.03673,-0.06281,0.70487,-0.03192,8.00000
none,9230,5,0.03646,-0.06281,0.70314,-0.03191,8.00000
none,9240,5,0.03649,-0.06326,0.69240,-0.03188,8.00000
none,9250,5,0.03661,-0.06326,0.68278,-0.03184,8.00000
none,9260,5,0.03657,-0.06326,0.67044,-0.03181,8.00000
none,9270,5,0.03622,-0.06326,0.66002,-0.03178,8.00000
none,9280,5,0.03624,-0.06350,0.65124,-0.03176,8.00000
none,9290,5,0.03591,-0.06350,0.64030,-0.03173,8.00000
none,9300,5,0.03581,-0.06350,0.62796,-0.03171,8.00000
none,9310,5,0.03587,-0.06350,0.61794,-0.03169,8.00000
none,9320,5,0.03600,-0.06250,0.70220,-0.03167,8.20000
none,9330,5,0.03607,-0.06250,0.70220,-0.03165,8.20000
none,9340,5,0.03626,-0.06250,0.70220,-0.03164,8.20000
none,9350,5,0.03626,-0.06250,0.70220,-0.03162,8.20000
none,9360,5,0.03641,-0.06238,0.70220,-0.03161,8.20000
none,9370,5,0.03593,-0.06238,0.70220,-0.03160,8.20000
none,9380,5,0.03574,-0.06238,0.70220,-0.03168,8.20000
none,9390,5,0.03580,-0.06238,0.70220,-0.03179,8.20000
none,9400,5,0.03556,-0.06169,0.70220,-0.03187,8.20000
none,9410,5,0.03577,-0.06169,0.70220,-0.03191,8.20000
none,9420,5,0.03572,-0.06169,0.69873,-0.03193,8.20000
none,9430,5,0.03581,-0.06169,0.68526,-0.03191,8.20000
none,9440,5,0.03651,-0.06355,0.67691,-0.03187,8.20000
none,9450,5,0.03642,-0.06355,0.66580,-0.03181,8.20000
none,9460,5,0.03662,-0.06355,0.65641,-0.03176,8.20000
none,9470,5,0.03674,-0.06355,0.64719,-0.03170,8.20000
none,9480,5,0.03692,-0.06262,0.63933,-0.03165,8.20000
none,9490,5,0.03650,-0.06262,0.63147,-0.03160,8.20000
none,9500,5,0.03684,-0.06262,0.62068,-0.03155,8.20000
none,9510,5,0.03738,-0.06262,0.61086,-0.03148,8.20000
none,9520,5,0.03753,-0.06149,0.69952,-0.03146,8.40000
none,9530,5,0.03776,-0.06149,0.69952,-0.03144,8.40000
none,9540,5,0.03753,-0.06149,0.69952,-0.03142,8.40000
none,9550,5,0.03783,-0.06149,0.69952,-0.03141,8.40000
none,9560,5,0.03762,-0.06035,0.69952,-0.03140,8.40000
none,9570,5,0.03778,-0.06035,0.69952,-0.03138,8.40000
none,9580,5,0.03800,-0.06035,0.69952,-0.03146,8.40000
none,9590,5,0.03814,-0.06035,0.69952,-0.03158,8.40000
none,9600,5,0.03863,-0.05874,0.69952,-0.03165,8.40000
none,9610,5,0.03886,-0.05874,0.69952,-0.03170,8.40000
none,9620,5,0.03906,-0.05874,0.69214,-0.03169,8.40000
none,9630,5,0.03870,-0.05874,0.68465,-0.03163,8.40000
none,9640,5,0.03852,-0.05993,0.67801,-0.03155,8.40000
none,9650,5,0.03882,-0.05993,0.67048,-0.03146,8.40000
none,9660,5,0.03901,-0.05993,0.66283,-0.03139,8.40000
none,9670,5,0.03903,-0.05993,0.65579,-0.03132,8.40000
none,9680,5,0.03872,-0.05920,0.64908,-0.03126,8.40000
none,9690,5,0.03853,-0.05920,0.64237,-0.03121,8.40000
none,9700,5,0.03852,-0.05920,0.63534,-0.03116,8.40000
none,9710,5,0.03849,-0.05920,0.62739,-0.03111,8.40000
none,9720,5,0.03839,-0.05862,0.61977,-0.03107,8.40000
none,9730,5,0.03828,-0.05862,0.61021,-0.03105,8.40000
none,9740,5,0.03852,-0.05862,0.69684,-0.03104,8.60000
none,9750,5,0.03912,-0.05862,0.69684,-0.03102,8.60000
none,9760,5,0.03878,-0.06045,0.69684,-0.03101,8.60000
none,9770,5,0.03881,-0.06045,0.69684,-0.03100,8.60000
none,9780,5,0.03882,-0.06045,0.69684,-0.03108,8.60000
none,9790,5,0.03891,-0.06045,0.69684,-0.03119,8.60000
none,9800,5,0.03851,-0.06039,0.69684,-0.03127,8.60000
none,9810,5,0.03849,-0.06039,0.69684,-0.03131,8.60000
none,9820,5,0.03786,-0.06039,0.69684,-0.03133,8.60000
none,9830,5,0.03777,-0.06039,0.69684,-0.03132,8.60000
none,9840,5,0.03746,-0.05969,0.69319,-0.03130,8.60000
none,9850,5,0.03736,-0.05969,0.68500,-0.03126,8.60000
none,9860,5,0.03741,-0.05969,0.67629,-0.03123,8.60000
none,9870,5,0.03719,-0.05969,0.66892,-0.03120,8.60000
none,9880,5,0.03702,-0.05964,0.65807,-0.03118,8.60000
none,9890,5,0.03742,-0.05964,0.65029,-0.03115,8.60000
none,9900,5,0.03771,-0.05964,0.64293,-0.03113,8.60000
none,9910,5,0.03776,-0.05964,0.63467,-0.03112,8.60000
none,9920,5,0.03745,-0.05935,0.62731,-0.03110,8.60000
none,9930,5,0.03785,-0.05935,0.61995,-0.03109,8.60000
none,9940,5,0.03790,-0.05935,0.61259,-0.03107,8.60000
none,9950,5,0.03824,-0.05935,0.60487,-0.03106,8.60000
none,9960,5,0.03812,-0.06223,0.69417,-0.03105,8.80000
none,9970,5,0.03840,-0.06223,0.69417,-0.03104,8.80000
none,9980,5,0.03829,-0.06223,0.69417,-0.03112,8.80000
none,9990,5,0.03859,-0.06223,0.69417,-0.03123,8.80000
none,10000,5,0.03845,-0.06303,0.69417,-0.03131,8.80000
none,10010,5,0.03848,-0.06303,0.69417,-0.03135,8.80000
none,10020,5,0.03852,-0.06303,0.69417,-0.03137,8.80000
none,10030,5,0.03857,-0.06303,0.69417,-0.03136,8.80000
none,10040,5,0.03862,-0.06459,0.69417,-0.03133,8.80000
none,10050,5,0.03849,-0.06459,0.69328,-0.03130,8.80000
none,10060,5,0.03872,-0.06459,0.68296,-0.03127,8.80000
none,10070,5,0.03919,-0.06459,0.67239,-0.03127,8.80000
none,10080,5,0.03931,-0.06577,0.66409,-0.03127,8.80000
none,10090,5,0.03942,-0.06577,0.65565,-0.03128,8.80000
none,10100,5,0.03933,-0.06577,0.64735,-0.03128,8.80000
none,10110,5,0.03977,-0.06577,0.63816,-0.03128,8.80000
none,10120,5,0.03984,-0.06391,0.62945,-0.03129,8.80000
none,10130,5,0.03981,-0.06391,0.62108,-0.03129,8.80000
none,10140,5,0.04005,-0.06391,0.60981,-0.03130,8.80000
none,10150,5,0.03961,-0.06391,0.69149,-0.03131,9.00000
none,10160,5,0.03982,-0.06258,0.69149,-0.03130,9.00000
none,10170,5,0.03980,-0.06258,0.69149,-0.03128,9.00000
none,10180,5,0.03983,-0.06258,0.69149,-0.03136,9.00000
none,10190,5,0.04007,-0.06258,0.69149,-0.03148,9.00000
none,10200,5,0.03998,-0.06272,0.69149,-0.03155,9.00000
none,10210,5,0.03966,-0.06272,0.69149,-0.03160,9.00000
none,10220,5,0.04000,-0.06272,0.69149,-0.03162,9.00000
none,10230,5,0.03958,-0.06272,0.69149,-0.03161,9.00000
none,10240,5,0.03918,-0.06255,0.69149,-0.03158,9.00000
none,10250,5,0.03949,-0.06255,0.69060,-0.03154,9.00000
none,10260,5,0.04010,-0.06255,0.68117,-0.03153,9.00000
none,10270,5,0.03972,-0.06255,0.66935,-0.03152,9.00000
none,10280,5,0.03986,-0.06257,0.65804,-0.03152,9.00000
none,10290,5,0.03973,-0.06257,0.64665,-0.03151,9.00000
none,10300,5,0.03960,-0.06257,0.63646,-0.03149,9.00000
none,10310,5,0.03952,-0.06257,0.62604,-0.03148,9.00000
none,10320,5,0.03941,-0.06190,0.61765,-0.03147,9.00000
none,10330,5,0.03965,-0.06190,0.60926,-0.03146,9.00000
none,10340,5,0.03997,-0.06190,0.59971,-0.03145,9.00000
none,10350,5,0.04039,-0.06190,0.68882,-0.03143,9.20000
none,10360,5,0.04031,-0.06019,0.68882,-0.03142,9.20000
none,10370,5,0.03999,-0.06019,0.68882,-0.03141,9.20000
none,10380,5,0.04023,-0.06019,0.68882,-0.03149,9.20000
none,10390,5,0.04067,-0.06019,0.68882,-0.03160,9.20000
none,10400,5,0.04059,-0.06004,0.68882,-0.03168,9.20000
none,10410,5,0.04087,-0.06004,0.68882,-0.03172,9.20000
none,10420,5,0.04098,-0.06004,0.68882,-0.03174,9.20000
none,10430,5,0.04086,-0.06004,0.68882,-0.03173,9.20000
none,10440,5,0.04044,-0.05887,0.68882,-0.03170,9.20000
none,10450,5,0.04044,-0.05887,0.68124,-0.03167,9.20000
none,10460,5,0.04057,-0.05887,0.66913,-0.03163,9.20000
none,10470,5,0.04050,-0.05887,0.66000,-0.03159,9.20000
none,10480,5,0.04037,-0.05775,0.64879,-0.03155,9.20000
none,10490,5,0.04022,-0.05775,0.63951,-0.03153,9.20000
none,10500,5,0.04019,-0.05775,0.63139,-0.03150,9.20000
none,10510,5,0.04048,-0.05775,0.62237,-0.03147,9.20000
none,10520,5,0.04089,-0.05870,0.61412,-0.03145,9.20000
none,10530,5,0.04083,-0.05870,0.60599,-0.03143,9.20000
none,10540,5,0.04092,-0.05870,0.59724,-0.03141,9.20000
none,10550,5,0.04074,-0.05870,0.68614,-0.03140,9.40000
none,10560,5,0.04090,-0.05980,0.68614,-0.03139,9.40000
none,10570,5,0.04100,-0.05980,0.68614,-0.03137,9.40000
none,10580,5,0.04092,-0.05980,0.68614,-0.03146,9.40000
none,10590,5,0.04061,-0.05980,0.68614,-0.03157,9.40000
none,10600,5,0.04102,-0.05848,0.68614,-0.03164,9.40000
none,10610,5,0.04140,-0.05848,0.68614,-0.03169,9.40000
none,10620,5,0.04145,-0.05848,0.68614,-0.03171,9.40000
none,10630,5,0.04193,-0.05848,0.68614,-0.03170,9.40000
none,10640,5,0.04216,-0.05752,0.68614,-0.03167,9.40000
none,10650,5,0.04242,-0.05752,0.67884,-0.03163,9.40000
none,10660,5,0.04253,-0.05752,0.66993,-0.03159,9.40000
none,10670,5,0.04238,-0.05752,0.65422,-0.03154,9.40000
none,10680,5,0.04207,-0.05706,0.64744,-0.03146,9.40000
none,10690,5,0.04233,-0.05706,0.63970,-0.03139,9.40000
none,10700,5,0.04243,-0.05706,0.63236,-0.03132,9.40000
none,10710,5,0.04299,-0.05706,0.62473,-0.03127,9.40000
none,10720,5,0.04263,-0.05808,0.61693,-0.03121,9.40000
none,10730,5,0.04274,-0.05808,0.60823,-0.03113,9.40000
none,10740,5,0.04257,-0.05808,0.60225,-0.03105,9.40000
none,10750,5,0.04265,-0.05808,0.59644,-0.03097,9.40000
none,10760,5,0.04238,-0.05803,0.68347,-0.03093,9.60000
none,10770,5,0.04245,-0.05803,0.68347,-0.03092,9.60000
none,10780,5,0.04276,-0.05803,0.68347,-0.03100,9.60000
none,10790,5,0.04282,-0.05803,0.68347,-0.03111,9.60000
none,10800,5,0.04284,-0.05830,0.68347,-0.03119,9.60000
none,10810,5,0.04267,-0.05830,0.68347,-0.03124,9.60000
none,10820,5,0.04238,-0.05830,0.68347,-0.03126,9.60000
none,10830,5,0.04209,-0.05830,0.68347,-0.03125,9.60000
none,10840,5,0.04237,-0.05885,0.68347,-0.03122,9.60000
none,10850,5,0.04238,-0.05885,0.68258,-0.03118,9.60000
none,10860,5,0.04207,-0.05885,0.67896,-0.03112,9.60000
none,10870,5,0.04225,-0.05885,0.67210,-0.03100,9.60000
none,10880,5,0.04250,-0.05942,0.66802,-0.03087,9.60000
none,10890,5,0.04284,-0.05942,0.66394,-0.03076,9.60000
none,10900,5,0.04247,-0.05942,0.65987,-0.03066,9.60000
none,10910,5,0.04240,-0.05942,0.65493,-0.03057,9.60000
none,10920,5,0.04259,-0.06069,0.65090,-0.03049,9.60000
none,10930,5,0.04285,-0.06069,0.64688,-0.03041,9.60000
none,10940,5,0.04323,-0.06069,0.64117,-0.03035,9.60000
none,10950,5,0.04329,-0.06069,0.63474,-0.03032,9.60000
none,10960,5,0.04349,-0.05972,0.62940,-0.03030,9.60000
none,10970,5,0.04311,-0.05972,0.62430,-0.03028,9.60000
none,10980,5,0.04304,-0.05972,0.61896,-0.03035,9.60000
none,10990,5,0.04320,-0.05972,0.61411,-0.03044,9.60000
none,11000,5,0.04328,-0.05889,0.60771,-0.03050,9.60000
none,11010,5,0.04303,-0.05889,0.60175,-0.03050,9.60000
none,11020,5,0.04320,-0.05889,0.59735,-0.03048,9.60000
none,11030,5,0.04345,-0.05889,0.68079,-0.03046,9.80000
none,11040,5,0.04360,-0.05790,0.68079,-0.03043,9.80000
none,11050,5,0.04379,-0.05790,0.67990,-0.03039,9.80000
none,11060,5,0.04357,-0.05790,0.67901,-0.03036,9.80000
none,11070,5,0.04407,-0.05790,0.67901,-0.03033,9.80000
none,11080,5,0.04440,-0.05734,0.67901,-0.03030,9.80000
none,11090,5,0.04420,-0.05734,0.67901,-0.03027,9.80000
none,11100,5,0.04400,-0.05734,0.67901,-0.03025,9.80000
none,11110,5,0.04416,-0.05734,0.67811,-0.03023,9.80000
none,11120,5,0.04417,-0.05656,0.67811,-0.03021,9.80000
none,11130,5,0.04392,-0.05656,0.67756,-0.03019,9.80000
none,11140,5,0.04433,-0.05656,0.67200,-0.03020,9.80000
none,11150,5,0.04421,-0.05656,0.66646,-0.03020,9.80000
none,11160,5,0.04413,-0.05622,0.66092,-0.03021,9.80000
none,11170,5,0.04423,-0.05622,0.64862,-0.03023,9.80000
none,11180,5,0.04378,-0.05622,0.63506,-0.03040,9.80000
none,11190,5,0.04400,-0.05622,0.62110,-0.03060,9.80000
